
*** Running vivado
    with args -log wallypipelinedsoc.vds -m64 -product Vivado -mode batch -messageDb vivado.pb -notrace -source wallypipelinedsoc.tcl


****** Vivado v2024.2 (64-bit)
  **** SW Build 5239630 on Fri Nov 08 22:34:34 MST 2024
  **** IP Build 5239520 on Sun Nov 10 16:12:51 MST 2024
  **** SharedData Build 5239561 on Fri Nov 08 14:39:27 MST 2024
  **** Start of session at: Sat Apr 12 00:05:36 2025
    ** Copyright 1986-2022 Xilinx, Inc. All Rights Reserved.
    ** Copyright 2022-2024 Advanced Micro Devices, Inc. All Rights Reserved.

source wallypipelinedsoc.tcl -notrace
WARNING: [Project 1-153] The current project device 'xck24-ubva530-2lv-c' does not match with the device on the 'XILINX.COM:KV260_SOM:PART0:1.4' board part. A device change to match the device on 'XILINX.COM:KV260_SOM:PART0:1.4' board part is being done. Please upgrade the IP in the project via the upgrade_ip command or by selecting Reports => Reports IP Status.
WARNING: [Ipconfig 75-871] Could not load NoC clock tree from device
WARNING: [Ipconfig 75-570] Unable to create NoC or AIE Models.
INFO: [Project 1-152] Project part set to zynquplus (xck26-sfvc784-2lv-c)
INFO: [IP_Flow 19-234] Refreshing IP repositories
INFO: [IP_Flow 19-1704] No user IP repositories specified
INFO: [IP_Flow 19-2313] Loaded Vivado IP repository '/home/ishfisav/Desktop/amd2024.2/Vivado/2024.2/data/ip'.
Command: read_checkpoint -auto_incremental -incremental /home/ishfisav/wally_1/wally_1.srcs/utils_1/imports/synth_1/wallypipelinedsoc.dcp
INFO: [Vivado 12-5825] Read reference checkpoint from /home/ishfisav/wally_1/wally_1.srcs/utils_1/imports/synth_1/wallypipelinedsoc.dcp for incremental synthesis
INFO: [Vivado 12-7989] Please ensure there are no constraint changes
Command: synth_design -top wallypipelinedsoc -part xck24-ubva530-2LV-c
Starting synth_design
Attempting to get a license for feature 'Synthesis' and/or device 'xck24'
INFO: [Common 17-349] Got license for feature 'Synthesis' and/or device 'xck24'
INFO: [Device 21-403] Loading part xck24-ubva530-2LV-c
INFO: [Synth 8-7079] Multithreading enabled for synth_design using a maximum of 7 processes.
INFO: [Synth 8-7078] Launching helper process for spawning children vivado processes
INFO: [Synth 8-7075] Helper process launched with PID 192523
---------------------------------------------------------------------------------
Starting RTL Elaboration : Time (s): cpu = 00:00:02 ; elapsed = 00:00:02 . Memory (MB): peak = 2747.621 ; gain = 0.000 ; free physical = 8638 ; free virtual = 114646
---------------------------------------------------------------------------------
INFO: [Synth 8-11241] undeclared symbol 'GPIOOUT', assumed default net type 'wire' [/home/ishfisav/wally_1/wally_1.srcs/sources_1/imports/cvw/src/wally/wallypipelinedsoc.sv:97]
INFO: [Synth 8-11241] undeclared symbol 'GPIOEN', assumed default net type 'wire' [/home/ishfisav/wally_1/wally_1.srcs/sources_1/imports/cvw/src/wally/wallypipelinedsoc.sv:97]
INFO: [Synth 8-6157] synthesizing module 'wallypipelinedsoc' [/home/ishfisav/wally_1/wally_1.srcs/sources_1/imports/cvw/src/wally/wallypipelinedsoc.sv:32]
INFO: [Synth 8-6157] synthesizing module 'uncore' [/home/ishfisav/wally_1/wally_1.srcs/sources_1/imports/cvw/src/uncore/uncore.sv:31]
	Parameter P[XLEN] bound to: 32'sb00000000000000000000000001000000 
	Parameter P[IEEE754] bound to: 1'b0 
	Parameter P[MISA] bound to: 32'sb00000000000000000000000000000000 
	Parameter P[AHBW] bound to: 32'sb00000000000000000000000001000000 
	Parameter P[RAM_LATENCY] bound to: 32'sb00000000000000000000000000000000 
	Parameter P[BURST_EN] bound to: 1'b1 
	Parameter P[ZICSR_SUPPORTED] bound to: 1'b1 
	Parameter P[ZIFENCEI_SUPPORTED] bound to: 1'b1 
	Parameter P[COUNTERS] bound to: 12'b000000100000 
	Parameter P[ZICNTR_SUPPORTED] bound to: 1'b1 
	Parameter P[ZIHPM_SUPPORTED] bound to: 1'b1 
	Parameter P[ZFH_SUPPORTED] bound to: 1'b1 
	Parameter P[ZFA_SUPPORTED] bound to: 1'b1 
	Parameter P[SSTC_SUPPORTED] bound to: 1'b1 
	Parameter P[VIRTMEM_SUPPORTED] bound to: 1'b1 
	Parameter P[VECTORED_INTERRUPTS_SUPPORTED] bound to: 1'b1 
	Parameter P[BIGENDIAN_SUPPORTED] bound to: 1'b1 
	Parameter P[SVADU_SUPPORTED] bound to: 1'b1 
	Parameter P[ZMMUL_SUPPORTED] bound to: 1'b1 
	Parameter P[ZICBOM_SUPPORTED] bound to: 1'b1 
	Parameter P[ZICBOZ_SUPPORTED] bound to: 1'b1 
	Parameter P[ZICBOP_SUPPORTED] bound to: 1'b1 
	Parameter P[ZICCLSM_SUPPORTED] bound to: 1'b1 
	Parameter P[ZICOND_SUPPORTED] bound to: 1'b1 
	Parameter P[SVPBMT_SUPPORTED] bound to: 1'b1 
	Parameter P[SVNAPOT_SUPPORTED] bound to: 1'b1 
	Parameter P[SVINVAL_SUPPORTED] bound to: 1'b1 
	Parameter P[ZAAMO_SUPPORTED] bound to: 1'b1 
	Parameter P[ZALRSC_SUPPORTED] bound to: 1'b1 
	Parameter P[BUS_SUPPORTED] bound to: 1'b1 
	Parameter P[DCACHE_SUPPORTED] bound to: 1'b1 
	Parameter P[ICACHE_SUPPORTED] bound to: 1'b1 
	Parameter P[ITLB_ENTRIES] bound to: 32'sb00000000000000000000000000100000 
	Parameter P[DTLB_ENTRIES] bound to: 32'sb00000000000000000000000000100000 
	Parameter P[DCACHE_NUMWAYS] bound to: 32'sb00000000000000000000000000000100 
	Parameter P[DCACHE_WAYSIZEINBYTES] bound to: 32'sb00000000000000000001000000000000 
	Parameter P[DCACHE_LINELENINBITS] bound to: 32'sb00000000000000000000001000000000 
	Parameter P[ICACHE_NUMWAYS] bound to: 32'sb00000000000000000000000000000100 
	Parameter P[ICACHE_WAYSIZEINBYTES] bound to: 32'sb00000000000000000001000000000000 
	Parameter P[ICACHE_LINELENINBITS] bound to: 32'sb00000000000000000000001000000000 
	Parameter P[CACHE_SRAMLEN] bound to: 32'sb00000000000000000000000010000000 
	Parameter P[IDIV_BITSPERCYCLE] bound to: 32'sb00000000000000000000000000000100 
	Parameter P[IDIV_ON_FPU] bound to: 1'b1 
	Parameter P[PMP_ENTRIES] bound to: 32'sb00000000000000000000000000010000 
	Parameter P[RESET_VECTOR] bound to: 64'b0000000000000000000000000000000010000000000000000000000000000000 
	Parameter P[WFI_TIMEOUT_BIT] bound to: 32'sb00000000000000000000000000010000 
	Parameter P[DTIM_SUPPORTED] bound to: 1'b0 
	Parameter P[DTIM_BASE] bound to: 64'b0000000000000000000000000000000010000000000000000000000000000000 
	Parameter P[DTIM_RANGE] bound to: 64'b0000000000000000000000000000000000000000011111111111111111111111 
	Parameter P[IROM_SUPPORTED] bound to: 1'b0 
	Parameter P[IROM_BASE] bound to: 64'b0000000000000000000000000000000010000000000000000000000000000000 
	Parameter P[IROM_RANGE] bound to: 64'b0000000000000000000000000000000000000000011111111111111111111111 
	Parameter P[BOOTROM_SUPPORTED] bound to: 1'b0 
	Parameter P[BOOTROM_BASE] bound to: 64'b0000000000000000000000000000000000000000000000000001000000000000 
	Parameter P[BOOTROM_RANGE] bound to: 64'b0000000000000000000000000000000000000000000000000000111111111111 
	Parameter P[BOOTROM_PRELOAD] bound to: 1'b0 
	Parameter P[UNCORE_RAM_SUPPORTED] bound to: 1'b1 
	Parameter P[UNCORE_RAM_BASE] bound to: 64'b0000000000000000000000000000000010000000000000000000000000000000 
	Parameter P[UNCORE_RAM_RANGE] bound to: 64'b0000000000000000000000000000000000000000000000001001000000000000 
	Parameter P[UNCORE_RAM_PRELOAD] bound to: 1'b0 
	Parameter P[EXT_MEM_SUPPORTED] bound to: 1'b0 
	Parameter P[EXT_MEM_BASE] bound to: 64'b0000000000000000000000000000000010000000000000000000000000000000 
	Parameter P[EXT_MEM_RANGE] bound to: 64'b0000000000000000000000000000000000000111111111111111111111111111 
	Parameter P[CLINT_SUPPORTED] bound to: 1'b0 
	Parameter P[CLINT_BASE] bound to: 64'b0000000000000000000000000000000000000010000000000000000000000000 
	Parameter P[CLINT_RANGE] bound to: 64'b0000000000000000000000000000000000000000000000001111111111111111 
	Parameter P[GPIO_SUPPORTED] bound to: 1'b0 
	Parameter P[GPIO_BASE] bound to: 64'b0000000000000000000000000000000000010000000001100000000000000000 
	Parameter P[GPIO_RANGE] bound to: 64'b0000000000000000000000000000000000000000000000000000000011111111 
	Parameter P[UART_SUPPORTED] bound to: 1'b1 
	Parameter P[UART_BASE] bound to: 64'b0000000000000000000000000000000000010000000000000000000000000000 
	Parameter P[UART_RANGE] bound to: 64'b0000000000000000000000000000000000000000000000000000000000000111 
	Parameter P[PLIC_SUPPORTED] bound to: 1'b0 
	Parameter P[PLIC_BASE] bound to: 64'b0000000000000000000000000000000000001100000000000000000000000000 
	Parameter P[PLIC_RANGE] bound to: 64'b0000000000000000000000000000000000000011111111111111111111111111 
	Parameter P[SDC_SUPPORTED] bound to: 1'b0 
	Parameter P[SDC_BASE] bound to: 64'b0000000000000000000000000000000000000000000000010011000000000000 
	Parameter P[SDC_RANGE] bound to: 64'b0000000000000000000000000000000000000000000000000000000001111111 
	Parameter P[SPI_SUPPORTED] bound to: 1'b0 
	Parameter P[SPI_BASE] bound to: 64'b0000000000000000000000000000000000010000000001000000000000000000 
	Parameter P[SPI_RANGE] bound to: 64'b0000000000000000000000000000000000000000000000000000111111111111 
	Parameter P[GPIO_LOOPBACK_TEST] bound to: 1'b0 
	Parameter P[SPI_LOOPBACK_TEST] bound to: 1'b1 
	Parameter P[UART_PRESCALE] bound to: 32'sb00000000000000000000000000000001 
	Parameter P[PLIC_NUM_SRC] bound to: 32'sb00000000000000000000000000001010 
	Parameter P[PLIC_NUM_SRC_LT_32] bound to: 1'b1 
	Parameter P[PLIC_GPIO_ID] bound to: 32'sb00000000000000000000000000000011 
	Parameter P[PLIC_UART_ID] bound to: 32'sb00000000000000000000000000001010 
	Parameter P[PLIC_SPI_ID] bound to: 32'sb00000000000000000000000000000110 
	Parameter P[PLIC_SDC_ID] bound to: 32'sb00000000000000000000000000001001 
	Parameter P[BPRED_SUPPORTED] bound to: 1'b1 
	Parameter P[BPRED_TYPE] bound to: 32'b00000000000000000000000000000100 
	Parameter P[BPRED_NUM_LHR] bound to: 32'sb00000000000000000000000000000110 
	Parameter P[BPRED_SIZE] bound to: 32'sb00000000000000000000000000001010 
	Parameter P[BTB_SIZE] bound to: 32'sb00000000000000000000000000001010 
	Parameter P[RAS_SIZE] bound to: 32'sb00000000000000000000000000010000 
	Parameter P[INSTR_CLASS_PRED] bound to: 1'b1 
	Parameter P[RADIX] bound to: 32'sb00000000000000000000000000000100 
	Parameter P[DIVCOPIES] bound to: 32'sb00000000000000000000000000000100 
	Parameter P[ZBA_SUPPORTED] bound to: 1'b0 
	Parameter P[ZBB_SUPPORTED] bound to: 1'b1 
	Parameter P[ZBC_SUPPORTED] bound to: 1'b0 
	Parameter P[ZBS_SUPPORTED] bound to: 1'b0 
	Parameter P[ZCA_SUPPORTED] bound to: 1'b1 
	Parameter P[ZCB_SUPPORTED] bound to: 1'b0 
	Parameter P[ZCD_SUPPORTED] bound to: 1'b0 
	Parameter P[ZCF_SUPPORTED] bound to: 1'b1 
	Parameter P[ZBKB_SUPPORTED] bound to: 1'b0 
	Parameter P[ZBKC_SUPPORTED] bound to: 1'b0 
	Parameter P[ZBKX_SUPPORTED] bound to: 1'b0 
	Parameter P[ZKND_SUPPORTED] bound to: 1'b0 
	Parameter P[ZKNE_SUPPORTED] bound to: 1'b0 
	Parameter P[ZKNH_SUPPORTED] bound to: 1'b0 
	Parameter P[ZKN_SUPPORTED] bound to: 1'b0 
	Parameter P[USE_SRAM] bound to: 1'b1 
	Parameter P[M_MODE] bound to: 2'b00 
	Parameter P[S_MODE] bound to: 2'b01 
	Parameter P[U_MODE] bound to: 2'b10 
	Parameter P[VPN_SEGMENT_BITS] bound to: 32'sb00000000000000000000000000000011 
	Parameter P[VPN_BITS] bound to: 32'sb00000000000000000000000000000100 
	Parameter P[PPN_BITS] bound to: 32'sb00000000000000000000000000100000 
	Parameter P[PA_BITS] bound to: 32'sb00000000000000000000000001000000 
	Parameter P[SVMODE_BITS] bound to: 32'sb00000000000000000000000000000011 
	Parameter P[ASID_BASE] bound to: 32'sb00000000000000000000000000000100 
	Parameter P[ASID_BITS] bound to: 32'sb00000000000000000000000000000100 
	Parameter P[NO_TRANSLATE] bound to: 4'b0011 
	Parameter P[SV32] bound to: 4'b0000 
	Parameter P[SV39] bound to: 4'b0001 
	Parameter P[SV48] bound to: 4'b0010 
	Parameter P[A_SUPPORTED] bound to: 1'b0 
	Parameter P[B_SUPPORTED] bound to: 1'b0 
	Parameter P[C_SUPPORTED] bound to: 1'b0 
	Parameter P[D_SUPPORTED] bound to: 1'b0 
	Parameter P[E_SUPPORTED] bound to: 1'b0 
	Parameter P[F_SUPPORTED] bound to: 1'b0 
	Parameter P[I_SUPPORTED] bound to: 1'b0 
	Parameter P[M_SUPPORTED] bound to: 1'b1 
	Parameter P[Q_SUPPORTED] bound to: 1'b0 
	Parameter P[S_SUPPORTED] bound to: 1'b1 
	Parameter P[U_SUPPORTED] bound to: 1'b1 
	Parameter P[LOG_XLEN] bound to: 32'sb00000000000000000000000000000110 
	Parameter P[FLEN] bound to: 32'sb00000000000000000000000001000000 
	Parameter P[LLEN] bound to: 32'sb00000000000000000000000001000000 
INFO: [Synth 8-6157] synthesizing module 'ram_ahb' [/home/ishfisav/wally_1/wally_1.srcs/sources_1/imports/cvw/src/uncore/ram_ahb.sv:30]
	Parameter P[XLEN] bound to: 32'sb00000000000000000000000001000000 
	Parameter P[IEEE754] bound to: 1'b0 
	Parameter P[MISA] bound to: 32'sb00000000000000000000000000000000 
	Parameter P[AHBW] bound to: 32'sb00000000000000000000000001000000 
	Parameter P[RAM_LATENCY] bound to: 32'sb00000000000000000000000000000000 
	Parameter P[BURST_EN] bound to: 1'b1 
	Parameter P[ZICSR_SUPPORTED] bound to: 1'b1 
	Parameter P[ZIFENCEI_SUPPORTED] bound to: 1'b1 
	Parameter P[COUNTERS] bound to: 12'b000000100000 
	Parameter P[ZICNTR_SUPPORTED] bound to: 1'b1 
	Parameter P[ZIHPM_SUPPORTED] bound to: 1'b1 
	Parameter P[ZFH_SUPPORTED] bound to: 1'b1 
	Parameter P[ZFA_SUPPORTED] bound to: 1'b1 
	Parameter P[SSTC_SUPPORTED] bound to: 1'b1 
	Parameter P[VIRTMEM_SUPPORTED] bound to: 1'b1 
	Parameter P[VECTORED_INTERRUPTS_SUPPORTED] bound to: 1'b1 
	Parameter P[BIGENDIAN_SUPPORTED] bound to: 1'b1 
	Parameter P[SVADU_SUPPORTED] bound to: 1'b1 
	Parameter P[ZMMUL_SUPPORTED] bound to: 1'b1 
	Parameter P[ZICBOM_SUPPORTED] bound to: 1'b1 
	Parameter P[ZICBOZ_SUPPORTED] bound to: 1'b1 
	Parameter P[ZICBOP_SUPPORTED] bound to: 1'b1 
	Parameter P[ZICCLSM_SUPPORTED] bound to: 1'b1 
	Parameter P[ZICOND_SUPPORTED] bound to: 1'b1 
	Parameter P[SVPBMT_SUPPORTED] bound to: 1'b1 
	Parameter P[SVNAPOT_SUPPORTED] bound to: 1'b1 
	Parameter P[SVINVAL_SUPPORTED] bound to: 1'b1 
	Parameter P[ZAAMO_SUPPORTED] bound to: 1'b1 
	Parameter P[ZALRSC_SUPPORTED] bound to: 1'b1 
	Parameter P[BUS_SUPPORTED] bound to: 1'b1 
	Parameter P[DCACHE_SUPPORTED] bound to: 1'b1 
	Parameter P[ICACHE_SUPPORTED] bound to: 1'b1 
	Parameter P[ITLB_ENTRIES] bound to: 32'sb00000000000000000000000000100000 
	Parameter P[DTLB_ENTRIES] bound to: 32'sb00000000000000000000000000100000 
	Parameter P[DCACHE_NUMWAYS] bound to: 32'sb00000000000000000000000000000100 
	Parameter P[DCACHE_WAYSIZEINBYTES] bound to: 32'sb00000000000000000001000000000000 
	Parameter P[DCACHE_LINELENINBITS] bound to: 32'sb00000000000000000000001000000000 
	Parameter P[ICACHE_NUMWAYS] bound to: 32'sb00000000000000000000000000000100 
	Parameter P[ICACHE_WAYSIZEINBYTES] bound to: 32'sb00000000000000000001000000000000 
	Parameter P[ICACHE_LINELENINBITS] bound to: 32'sb00000000000000000000001000000000 
	Parameter P[CACHE_SRAMLEN] bound to: 32'sb00000000000000000000000010000000 
	Parameter P[IDIV_BITSPERCYCLE] bound to: 32'sb00000000000000000000000000000100 
	Parameter P[IDIV_ON_FPU] bound to: 1'b1 
	Parameter P[PMP_ENTRIES] bound to: 32'sb00000000000000000000000000010000 
	Parameter P[RESET_VECTOR] bound to: 64'b0000000000000000000000000000000010000000000000000000000000000000 
	Parameter P[WFI_TIMEOUT_BIT] bound to: 32'sb00000000000000000000000000010000 
	Parameter P[DTIM_SUPPORTED] bound to: 1'b0 
	Parameter P[DTIM_BASE] bound to: 64'b0000000000000000000000000000000010000000000000000000000000000000 
	Parameter P[DTIM_RANGE] bound to: 64'b0000000000000000000000000000000000000000011111111111111111111111 
	Parameter P[IROM_SUPPORTED] bound to: 1'b0 
	Parameter P[IROM_BASE] bound to: 64'b0000000000000000000000000000000010000000000000000000000000000000 
	Parameter P[IROM_RANGE] bound to: 64'b0000000000000000000000000000000000000000011111111111111111111111 
	Parameter P[BOOTROM_SUPPORTED] bound to: 1'b0 
	Parameter P[BOOTROM_BASE] bound to: 64'b0000000000000000000000000000000000000000000000000001000000000000 
	Parameter P[BOOTROM_RANGE] bound to: 64'b0000000000000000000000000000000000000000000000000000111111111111 
	Parameter P[BOOTROM_PRELOAD] bound to: 1'b0 
	Parameter P[UNCORE_RAM_SUPPORTED] bound to: 1'b1 
	Parameter P[UNCORE_RAM_BASE] bound to: 64'b0000000000000000000000000000000010000000000000000000000000000000 
	Parameter P[UNCORE_RAM_RANGE] bound to: 64'b0000000000000000000000000000000000000000000000001001000000000000 
	Parameter P[UNCORE_RAM_PRELOAD] bound to: 1'b0 
	Parameter P[EXT_MEM_SUPPORTED] bound to: 1'b0 
	Parameter P[EXT_MEM_BASE] bound to: 64'b0000000000000000000000000000000010000000000000000000000000000000 
	Parameter P[EXT_MEM_RANGE] bound to: 64'b0000000000000000000000000000000000000111111111111111111111111111 
	Parameter P[CLINT_SUPPORTED] bound to: 1'b0 
	Parameter P[CLINT_BASE] bound to: 64'b0000000000000000000000000000000000000010000000000000000000000000 
	Parameter P[CLINT_RANGE] bound to: 64'b0000000000000000000000000000000000000000000000001111111111111111 
	Parameter P[GPIO_SUPPORTED] bound to: 1'b0 
	Parameter P[GPIO_BASE] bound to: 64'b0000000000000000000000000000000000010000000001100000000000000000 
	Parameter P[GPIO_RANGE] bound to: 64'b0000000000000000000000000000000000000000000000000000000011111111 
	Parameter P[UART_SUPPORTED] bound to: 1'b1 
	Parameter P[UART_BASE] bound to: 64'b0000000000000000000000000000000000010000000000000000000000000000 
	Parameter P[UART_RANGE] bound to: 64'b0000000000000000000000000000000000000000000000000000000000000111 
	Parameter P[PLIC_SUPPORTED] bound to: 1'b0 
	Parameter P[PLIC_BASE] bound to: 64'b0000000000000000000000000000000000001100000000000000000000000000 
	Parameter P[PLIC_RANGE] bound to: 64'b0000000000000000000000000000000000000011111111111111111111111111 
	Parameter P[SDC_SUPPORTED] bound to: 1'b0 
	Parameter P[SDC_BASE] bound to: 64'b0000000000000000000000000000000000000000000000010011000000000000 
	Parameter P[SDC_RANGE] bound to: 64'b0000000000000000000000000000000000000000000000000000000001111111 
	Parameter P[SPI_SUPPORTED] bound to: 1'b0 
	Parameter P[SPI_BASE] bound to: 64'b0000000000000000000000000000000000010000000001000000000000000000 
	Parameter P[SPI_RANGE] bound to: 64'b0000000000000000000000000000000000000000000000000000111111111111 
	Parameter P[GPIO_LOOPBACK_TEST] bound to: 1'b0 
	Parameter P[SPI_LOOPBACK_TEST] bound to: 1'b1 
	Parameter P[UART_PRESCALE] bound to: 32'sb00000000000000000000000000000001 
	Parameter P[PLIC_NUM_SRC] bound to: 32'sb00000000000000000000000000001010 
	Parameter P[PLIC_NUM_SRC_LT_32] bound to: 1'b1 
	Parameter P[PLIC_GPIO_ID] bound to: 32'sb00000000000000000000000000000011 
	Parameter P[PLIC_UART_ID] bound to: 32'sb00000000000000000000000000001010 
	Parameter P[PLIC_SPI_ID] bound to: 32'sb00000000000000000000000000000110 
	Parameter P[PLIC_SDC_ID] bound to: 32'sb00000000000000000000000000001001 
	Parameter P[BPRED_SUPPORTED] bound to: 1'b1 
	Parameter P[BPRED_TYPE] bound to: 32'b00000000000000000000000000000100 
	Parameter P[BPRED_NUM_LHR] bound to: 32'sb00000000000000000000000000000110 
	Parameter P[BPRED_SIZE] bound to: 32'sb00000000000000000000000000001010 
	Parameter P[BTB_SIZE] bound to: 32'sb00000000000000000000000000001010 
	Parameter P[RAS_SIZE] bound to: 32'sb00000000000000000000000000010000 
	Parameter P[INSTR_CLASS_PRED] bound to: 1'b1 
	Parameter P[RADIX] bound to: 32'sb00000000000000000000000000000100 
	Parameter P[DIVCOPIES] bound to: 32'sb00000000000000000000000000000100 
	Parameter P[ZBA_SUPPORTED] bound to: 1'b0 
	Parameter P[ZBB_SUPPORTED] bound to: 1'b1 
	Parameter P[ZBC_SUPPORTED] bound to: 1'b0 
	Parameter P[ZBS_SUPPORTED] bound to: 1'b0 
	Parameter P[ZCA_SUPPORTED] bound to: 1'b1 
	Parameter P[ZCB_SUPPORTED] bound to: 1'b0 
	Parameter P[ZCD_SUPPORTED] bound to: 1'b0 
	Parameter P[ZCF_SUPPORTED] bound to: 1'b1 
	Parameter P[ZBKB_SUPPORTED] bound to: 1'b0 
	Parameter P[ZBKC_SUPPORTED] bound to: 1'b0 
	Parameter P[ZBKX_SUPPORTED] bound to: 1'b0 
	Parameter P[ZKND_SUPPORTED] bound to: 1'b0 
	Parameter P[ZKNE_SUPPORTED] bound to: 1'b0 
	Parameter P[ZKNH_SUPPORTED] bound to: 1'b0 
	Parameter P[ZKN_SUPPORTED] bound to: 1'b0 
	Parameter P[USE_SRAM] bound to: 1'b1 
	Parameter P[M_MODE] bound to: 2'b00 
	Parameter P[S_MODE] bound to: 2'b01 
	Parameter P[U_MODE] bound to: 2'b10 
	Parameter P[VPN_SEGMENT_BITS] bound to: 32'sb00000000000000000000000000000011 
	Parameter P[VPN_BITS] bound to: 32'sb00000000000000000000000000000100 
	Parameter P[PPN_BITS] bound to: 32'sb00000000000000000000000000100000 
	Parameter P[PA_BITS] bound to: 32'sb00000000000000000000000001000000 
	Parameter P[SVMODE_BITS] bound to: 32'sb00000000000000000000000000000011 
	Parameter P[ASID_BASE] bound to: 32'sb00000000000000000000000000000100 
	Parameter P[ASID_BITS] bound to: 32'sb00000000000000000000000000000100 
	Parameter P[NO_TRANSLATE] bound to: 4'b0011 
	Parameter P[SV32] bound to: 4'b0000 
	Parameter P[SV39] bound to: 4'b0001 
	Parameter P[SV48] bound to: 4'b0010 
	Parameter P[A_SUPPORTED] bound to: 1'b0 
	Parameter P[B_SUPPORTED] bound to: 1'b0 
	Parameter P[C_SUPPORTED] bound to: 1'b0 
	Parameter P[D_SUPPORTED] bound to: 1'b0 
	Parameter P[E_SUPPORTED] bound to: 1'b0 
	Parameter P[F_SUPPORTED] bound to: 1'b0 
	Parameter P[I_SUPPORTED] bound to: 1'b0 
	Parameter P[M_SUPPORTED] bound to: 1'b1 
	Parameter P[Q_SUPPORTED] bound to: 1'b0 
	Parameter P[S_SUPPORTED] bound to: 1'b1 
	Parameter P[U_SUPPORTED] bound to: 1'b1 
	Parameter P[LOG_XLEN] bound to: 32'sb00000000000000000000000000000110 
	Parameter P[FLEN] bound to: 32'sb00000000000000000000000001000000 
	Parameter P[LLEN] bound to: 32'sb00000000000000000000000001000000 
	Parameter BASE bound to: 64'b0000000000000000000000000000000010000000000000000000000000000000 
	Parameter RANGE bound to: 64'b0000000000000000000000000000000000000000000000001001000000000000 
	Parameter PRELOAD bound to: 1'b0 
INFO: [Synth 8-6157] synthesizing module 'flopenr' [/home/ishfisav/wally_1/wally_1.srcs/sources_1/imports/cvw/src/generic/flop/flopenr.sv:28]
	Parameter WIDTH bound to: 1 - type: integer 
INFO: [Synth 8-6155] done synthesizing module 'flopenr' (0#1) [/home/ishfisav/wally_1/wally_1.srcs/sources_1/imports/cvw/src/generic/flop/flopenr.sv:28]
INFO: [Synth 8-6157] synthesizing module 'flopenr__parameterized0' [/home/ishfisav/wally_1/wally_1.srcs/sources_1/imports/cvw/src/generic/flop/flopenr.sv:28]
	Parameter WIDTH bound to: 64 - type: integer 
INFO: [Synth 8-6155] done synthesizing module 'flopenr__parameterized0' (0#1) [/home/ishfisav/wally_1/wally_1.srcs/sources_1/imports/cvw/src/generic/flop/flopenr.sv:28]
INFO: [Synth 8-6157] synthesizing module 'flopr' [/home/ishfisav/wally_1/wally_1.srcs/sources_1/imports/cvw/src/generic/flop/flopr.sv:28]
	Parameter WIDTH bound to: 1 - type: integer 
INFO: [Synth 8-6155] done synthesizing module 'flopr' (0#1) [/home/ishfisav/wally_1/wally_1.srcs/sources_1/imports/cvw/src/generic/flop/flopr.sv:28]
INFO: [Synth 8-6157] synthesizing module 'mux2' [/home/ishfisav/wally_1/wally_1.srcs/sources_1/imports/cvw/src/generic/mux.sv:30]
	Parameter WIDTH bound to: 64 - type: integer 
INFO: [Synth 8-6155] done synthesizing module 'mux2' (0#1) [/home/ishfisav/wally_1/wally_1.srcs/sources_1/imports/cvw/src/generic/mux.sv:30]
INFO: [Synth 8-6157] synthesizing module 'ram1p1rwbe' [/home/ishfisav/wally_1/wally_1.srcs/sources_1/imports/cvw/src/generic/mem/ram1p1rwbe.sv:37]
	Parameter USE_SRAM bound to: 1'b1 
	Parameter DEPTH bound to: 64'b0000000000000000000000000000000000000000000000000001001000000000 
	Parameter WIDTH bound to: 64 - type: integer 
	Parameter PRELOAD_ENABLED bound to: 1'b0 
INFO: [Synth 8-6157] synthesizing module 'flopen' [/home/ishfisav/wally_1/wally_1.srcs/sources_1/imports/cvw/src/generic/flop/flopen.sv:28]
	Parameter WIDTH bound to: 13 - type: integer 
INFO: [Synth 8-6155] done synthesizing module 'flopen' (0#1) [/home/ishfisav/wally_1/wally_1.srcs/sources_1/imports/cvw/src/generic/flop/flopen.sv:28]
INFO: [Synth 8-6155] done synthesizing module 'ram1p1rwbe' (0#1) [/home/ishfisav/wally_1/wally_1.srcs/sources_1/imports/cvw/src/generic/mem/ram1p1rwbe.sv:37]
INFO: [Synth 8-6155] done synthesizing module 'ram_ahb' (0#1) [/home/ishfisav/wally_1/wally_1.srcs/sources_1/imports/cvw/src/uncore/ram_ahb.sv:30]
INFO: [Synth 8-6157] synthesizing module 'uart_apb' [/home/ishfisav/wally_1/wally_1.srcs/sources_1/imports/cvw/src/uncore/uart_apb.sv:32]
	Parameter P[XLEN] bound to: 32'sb00000000000000000000000001000000 
	Parameter P[IEEE754] bound to: 1'b0 
	Parameter P[MISA] bound to: 32'sb00000000000000000000000000000000 
	Parameter P[AHBW] bound to: 32'sb00000000000000000000000001000000 
	Parameter P[RAM_LATENCY] bound to: 32'sb00000000000000000000000000000000 
	Parameter P[BURST_EN] bound to: 1'b1 
	Parameter P[ZICSR_SUPPORTED] bound to: 1'b1 
	Parameter P[ZIFENCEI_SUPPORTED] bound to: 1'b1 
	Parameter P[COUNTERS] bound to: 12'b000000100000 
	Parameter P[ZICNTR_SUPPORTED] bound to: 1'b1 
	Parameter P[ZIHPM_SUPPORTED] bound to: 1'b1 
	Parameter P[ZFH_SUPPORTED] bound to: 1'b1 
	Parameter P[ZFA_SUPPORTED] bound to: 1'b1 
	Parameter P[SSTC_SUPPORTED] bound to: 1'b1 
	Parameter P[VIRTMEM_SUPPORTED] bound to: 1'b1 
	Parameter P[VECTORED_INTERRUPTS_SUPPORTED] bound to: 1'b1 
	Parameter P[BIGENDIAN_SUPPORTED] bound to: 1'b1 
	Parameter P[SVADU_SUPPORTED] bound to: 1'b1 
	Parameter P[ZMMUL_SUPPORTED] bound to: 1'b1 
	Parameter P[ZICBOM_SUPPORTED] bound to: 1'b1 
	Parameter P[ZICBOZ_SUPPORTED] bound to: 1'b1 
	Parameter P[ZICBOP_SUPPORTED] bound to: 1'b1 
	Parameter P[ZICCLSM_SUPPORTED] bound to: 1'b1 
	Parameter P[ZICOND_SUPPORTED] bound to: 1'b1 
	Parameter P[SVPBMT_SUPPORTED] bound to: 1'b1 
	Parameter P[SVNAPOT_SUPPORTED] bound to: 1'b1 
	Parameter P[SVINVAL_SUPPORTED] bound to: 1'b1 
	Parameter P[ZAAMO_SUPPORTED] bound to: 1'b1 
	Parameter P[ZALRSC_SUPPORTED] bound to: 1'b1 
	Parameter P[BUS_SUPPORTED] bound to: 1'b1 
	Parameter P[DCACHE_SUPPORTED] bound to: 1'b1 
	Parameter P[ICACHE_SUPPORTED] bound to: 1'b1 
	Parameter P[ITLB_ENTRIES] bound to: 32'sb00000000000000000000000000100000 
	Parameter P[DTLB_ENTRIES] bound to: 32'sb00000000000000000000000000100000 
	Parameter P[DCACHE_NUMWAYS] bound to: 32'sb00000000000000000000000000000100 
	Parameter P[DCACHE_WAYSIZEINBYTES] bound to: 32'sb00000000000000000001000000000000 
	Parameter P[DCACHE_LINELENINBITS] bound to: 32'sb00000000000000000000001000000000 
	Parameter P[ICACHE_NUMWAYS] bound to: 32'sb00000000000000000000000000000100 
	Parameter P[ICACHE_WAYSIZEINBYTES] bound to: 32'sb00000000000000000001000000000000 
	Parameter P[ICACHE_LINELENINBITS] bound to: 32'sb00000000000000000000001000000000 
	Parameter P[CACHE_SRAMLEN] bound to: 32'sb00000000000000000000000010000000 
	Parameter P[IDIV_BITSPERCYCLE] bound to: 32'sb00000000000000000000000000000100 
	Parameter P[IDIV_ON_FPU] bound to: 1'b1 
	Parameter P[PMP_ENTRIES] bound to: 32'sb00000000000000000000000000010000 
	Parameter P[RESET_VECTOR] bound to: 64'b0000000000000000000000000000000010000000000000000000000000000000 
	Parameter P[WFI_TIMEOUT_BIT] bound to: 32'sb00000000000000000000000000010000 
	Parameter P[DTIM_SUPPORTED] bound to: 1'b0 
	Parameter P[DTIM_BASE] bound to: 64'b0000000000000000000000000000000010000000000000000000000000000000 
	Parameter P[DTIM_RANGE] bound to: 64'b0000000000000000000000000000000000000000011111111111111111111111 
	Parameter P[IROM_SUPPORTED] bound to: 1'b0 
	Parameter P[IROM_BASE] bound to: 64'b0000000000000000000000000000000010000000000000000000000000000000 
	Parameter P[IROM_RANGE] bound to: 64'b0000000000000000000000000000000000000000011111111111111111111111 
	Parameter P[BOOTROM_SUPPORTED] bound to: 1'b0 
	Parameter P[BOOTROM_BASE] bound to: 64'b0000000000000000000000000000000000000000000000000001000000000000 
	Parameter P[BOOTROM_RANGE] bound to: 64'b0000000000000000000000000000000000000000000000000000111111111111 
	Parameter P[BOOTROM_PRELOAD] bound to: 1'b0 
	Parameter P[UNCORE_RAM_SUPPORTED] bound to: 1'b1 
	Parameter P[UNCORE_RAM_BASE] bound to: 64'b0000000000000000000000000000000010000000000000000000000000000000 
	Parameter P[UNCORE_RAM_RANGE] bound to: 64'b0000000000000000000000000000000000000000000000001001000000000000 
	Parameter P[UNCORE_RAM_PRELOAD] bound to: 1'b0 
	Parameter P[EXT_MEM_SUPPORTED] bound to: 1'b0 
	Parameter P[EXT_MEM_BASE] bound to: 64'b0000000000000000000000000000000010000000000000000000000000000000 
	Parameter P[EXT_MEM_RANGE] bound to: 64'b0000000000000000000000000000000000000111111111111111111111111111 
	Parameter P[CLINT_SUPPORTED] bound to: 1'b0 
	Parameter P[CLINT_BASE] bound to: 64'b0000000000000000000000000000000000000010000000000000000000000000 
	Parameter P[CLINT_RANGE] bound to: 64'b0000000000000000000000000000000000000000000000001111111111111111 
	Parameter P[GPIO_SUPPORTED] bound to: 1'b0 
	Parameter P[GPIO_BASE] bound to: 64'b0000000000000000000000000000000000010000000001100000000000000000 
	Parameter P[GPIO_RANGE] bound to: 64'b0000000000000000000000000000000000000000000000000000000011111111 
	Parameter P[UART_SUPPORTED] bound to: 1'b1 
	Parameter P[UART_BASE] bound to: 64'b0000000000000000000000000000000000010000000000000000000000000000 
	Parameter P[UART_RANGE] bound to: 64'b0000000000000000000000000000000000000000000000000000000000000111 
	Parameter P[PLIC_SUPPORTED] bound to: 1'b0 
	Parameter P[PLIC_BASE] bound to: 64'b0000000000000000000000000000000000001100000000000000000000000000 
	Parameter P[PLIC_RANGE] bound to: 64'b0000000000000000000000000000000000000011111111111111111111111111 
	Parameter P[SDC_SUPPORTED] bound to: 1'b0 
	Parameter P[SDC_BASE] bound to: 64'b0000000000000000000000000000000000000000000000010011000000000000 
	Parameter P[SDC_RANGE] bound to: 64'b0000000000000000000000000000000000000000000000000000000001111111 
	Parameter P[SPI_SUPPORTED] bound to: 1'b0 
	Parameter P[SPI_BASE] bound to: 64'b0000000000000000000000000000000000010000000001000000000000000000 
	Parameter P[SPI_RANGE] bound to: 64'b0000000000000000000000000000000000000000000000000000111111111111 
	Parameter P[GPIO_LOOPBACK_TEST] bound to: 1'b0 
	Parameter P[SPI_LOOPBACK_TEST] bound to: 1'b1 
	Parameter P[UART_PRESCALE] bound to: 32'sb00000000000000000000000000000001 
	Parameter P[PLIC_NUM_SRC] bound to: 32'sb00000000000000000000000000001010 
	Parameter P[PLIC_NUM_SRC_LT_32] bound to: 1'b1 
	Parameter P[PLIC_GPIO_ID] bound to: 32'sb00000000000000000000000000000011 
	Parameter P[PLIC_UART_ID] bound to: 32'sb00000000000000000000000000001010 
	Parameter P[PLIC_SPI_ID] bound to: 32'sb00000000000000000000000000000110 
	Parameter P[PLIC_SDC_ID] bound to: 32'sb00000000000000000000000000001001 
	Parameter P[BPRED_SUPPORTED] bound to: 1'b1 
	Parameter P[BPRED_TYPE] bound to: 32'b00000000000000000000000000000100 
	Parameter P[BPRED_NUM_LHR] bound to: 32'sb00000000000000000000000000000110 
	Parameter P[BPRED_SIZE] bound to: 32'sb00000000000000000000000000001010 
	Parameter P[BTB_SIZE] bound to: 32'sb00000000000000000000000000001010 
	Parameter P[RAS_SIZE] bound to: 32'sb00000000000000000000000000010000 
	Parameter P[INSTR_CLASS_PRED] bound to: 1'b1 
	Parameter P[RADIX] bound to: 32'sb00000000000000000000000000000100 
	Parameter P[DIVCOPIES] bound to: 32'sb00000000000000000000000000000100 
	Parameter P[ZBA_SUPPORTED] bound to: 1'b0 
	Parameter P[ZBB_SUPPORTED] bound to: 1'b1 
	Parameter P[ZBC_SUPPORTED] bound to: 1'b0 
	Parameter P[ZBS_SUPPORTED] bound to: 1'b0 
	Parameter P[ZCA_SUPPORTED] bound to: 1'b1 
	Parameter P[ZCB_SUPPORTED] bound to: 1'b0 
	Parameter P[ZCD_SUPPORTED] bound to: 1'b0 
	Parameter P[ZCF_SUPPORTED] bound to: 1'b1 
	Parameter P[ZBKB_SUPPORTED] bound to: 1'b0 
	Parameter P[ZBKC_SUPPORTED] bound to: 1'b0 
	Parameter P[ZBKX_SUPPORTED] bound to: 1'b0 
	Parameter P[ZKND_SUPPORTED] bound to: 1'b0 
	Parameter P[ZKNE_SUPPORTED] bound to: 1'b0 
	Parameter P[ZKNH_SUPPORTED] bound to: 1'b0 
	Parameter P[ZKN_SUPPORTED] bound to: 1'b0 
	Parameter P[USE_SRAM] bound to: 1'b1 
	Parameter P[M_MODE] bound to: 2'b00 
	Parameter P[S_MODE] bound to: 2'b01 
	Parameter P[U_MODE] bound to: 2'b10 
	Parameter P[VPN_SEGMENT_BITS] bound to: 32'sb00000000000000000000000000000011 
	Parameter P[VPN_BITS] bound to: 32'sb00000000000000000000000000000100 
	Parameter P[PPN_BITS] bound to: 32'sb00000000000000000000000000100000 
	Parameter P[PA_BITS] bound to: 32'sb00000000000000000000000001000000 
	Parameter P[SVMODE_BITS] bound to: 32'sb00000000000000000000000000000011 
	Parameter P[ASID_BASE] bound to: 32'sb00000000000000000000000000000100 
	Parameter P[ASID_BITS] bound to: 32'sb00000000000000000000000000000100 
	Parameter P[NO_TRANSLATE] bound to: 4'b0011 
	Parameter P[SV32] bound to: 4'b0000 
	Parameter P[SV39] bound to: 4'b0001 
	Parameter P[SV48] bound to: 4'b0010 
	Parameter P[A_SUPPORTED] bound to: 1'b0 
	Parameter P[B_SUPPORTED] bound to: 1'b0 
	Parameter P[C_SUPPORTED] bound to: 1'b0 
	Parameter P[D_SUPPORTED] bound to: 1'b0 
	Parameter P[E_SUPPORTED] bound to: 1'b0 
	Parameter P[F_SUPPORTED] bound to: 1'b0 
	Parameter P[I_SUPPORTED] bound to: 1'b0 
	Parameter P[M_SUPPORTED] bound to: 1'b1 
	Parameter P[Q_SUPPORTED] bound to: 1'b0 
	Parameter P[S_SUPPORTED] bound to: 1'b1 
	Parameter P[U_SUPPORTED] bound to: 1'b1 
	Parameter P[LOG_XLEN] bound to: 32'sb00000000000000000000000000000110 
	Parameter P[FLEN] bound to: 32'sb00000000000000000000000001000000 
	Parameter P[LLEN] bound to: 32'sb00000000000000000000000001000000 
INFO: [Synth 8-6157] synthesizing module 'uartPC16550D' [/home/ishfisav/wally_1/wally_1.srcs/sources_1/imports/cvw/src/uncore/uartPC16550D.sv:39]
	Parameter UART_PRESCALE bound to: 1 - type: integer 
INFO: [Synth 8-155] case statement is not full and has no default [/home/ishfisav/wally_1/wally_1.srcs/sources_1/imports/cvw/src/uncore/uartPC16550D.sv:162]
WARNING: [Synth 8-11581] system task call 'write' not supported [/home/ishfisav/wally_1/wally_1.srcs/sources_1/imports/cvw/src/uncore/uartPC16550D.sv:448]
INFO: [Synth 8-6155] done synthesizing module 'uartPC16550D' (0#1) [/home/ishfisav/wally_1/wally_1.srcs/sources_1/imports/cvw/src/uncore/uartPC16550D.sv:39]
INFO: [Synth 8-6155] done synthesizing module 'uart_apb' (0#1) [/home/ishfisav/wally_1/wally_1.srcs/sources_1/imports/cvw/src/uncore/uart_apb.sv:32]
INFO: [Synth 8-6157] synthesizing module 'adrdecs' [/home/ishfisav/wally_1/wally_1.srcs/sources_1/imports/cvw/src/mmu/adrdecs.sv:32]
	Parameter P[XLEN] bound to: 32'sb00000000000000000000000001000000 
	Parameter P[IEEE754] bound to: 1'b0 
	Parameter P[MISA] bound to: 32'sb00000000000000000000000000000000 
	Parameter P[AHBW] bound to: 32'sb00000000000000000000000001000000 
	Parameter P[RAM_LATENCY] bound to: 32'sb00000000000000000000000000000000 
	Parameter P[BURST_EN] bound to: 1'b1 
	Parameter P[ZICSR_SUPPORTED] bound to: 1'b1 
	Parameter P[ZIFENCEI_SUPPORTED] bound to: 1'b1 
	Parameter P[COUNTERS] bound to: 12'b000000100000 
	Parameter P[ZICNTR_SUPPORTED] bound to: 1'b1 
	Parameter P[ZIHPM_SUPPORTED] bound to: 1'b1 
	Parameter P[ZFH_SUPPORTED] bound to: 1'b1 
	Parameter P[ZFA_SUPPORTED] bound to: 1'b1 
	Parameter P[SSTC_SUPPORTED] bound to: 1'b1 
	Parameter P[VIRTMEM_SUPPORTED] bound to: 1'b1 
	Parameter P[VECTORED_INTERRUPTS_SUPPORTED] bound to: 1'b1 
	Parameter P[BIGENDIAN_SUPPORTED] bound to: 1'b1 
	Parameter P[SVADU_SUPPORTED] bound to: 1'b1 
	Parameter P[ZMMUL_SUPPORTED] bound to: 1'b1 
	Parameter P[ZICBOM_SUPPORTED] bound to: 1'b1 
	Parameter P[ZICBOZ_SUPPORTED] bound to: 1'b1 
	Parameter P[ZICBOP_SUPPORTED] bound to: 1'b1 
	Parameter P[ZICCLSM_SUPPORTED] bound to: 1'b1 
	Parameter P[ZICOND_SUPPORTED] bound to: 1'b1 
	Parameter P[SVPBMT_SUPPORTED] bound to: 1'b1 
	Parameter P[SVNAPOT_SUPPORTED] bound to: 1'b1 
	Parameter P[SVINVAL_SUPPORTED] bound to: 1'b1 
	Parameter P[ZAAMO_SUPPORTED] bound to: 1'b1 
	Parameter P[ZALRSC_SUPPORTED] bound to: 1'b1 
	Parameter P[BUS_SUPPORTED] bound to: 1'b1 
	Parameter P[DCACHE_SUPPORTED] bound to: 1'b1 
	Parameter P[ICACHE_SUPPORTED] bound to: 1'b1 
	Parameter P[ITLB_ENTRIES] bound to: 32'sb00000000000000000000000000100000 
	Parameter P[DTLB_ENTRIES] bound to: 32'sb00000000000000000000000000100000 
	Parameter P[DCACHE_NUMWAYS] bound to: 32'sb00000000000000000000000000000100 
	Parameter P[DCACHE_WAYSIZEINBYTES] bound to: 32'sb00000000000000000001000000000000 
	Parameter P[DCACHE_LINELENINBITS] bound to: 32'sb00000000000000000000001000000000 
	Parameter P[ICACHE_NUMWAYS] bound to: 32'sb00000000000000000000000000000100 
	Parameter P[ICACHE_WAYSIZEINBYTES] bound to: 32'sb00000000000000000001000000000000 
	Parameter P[ICACHE_LINELENINBITS] bound to: 32'sb00000000000000000000001000000000 
	Parameter P[CACHE_SRAMLEN] bound to: 32'sb00000000000000000000000010000000 
	Parameter P[IDIV_BITSPERCYCLE] bound to: 32'sb00000000000000000000000000000100 
	Parameter P[IDIV_ON_FPU] bound to: 1'b1 
	Parameter P[PMP_ENTRIES] bound to: 32'sb00000000000000000000000000010000 
	Parameter P[RESET_VECTOR] bound to: 64'b0000000000000000000000000000000010000000000000000000000000000000 
	Parameter P[WFI_TIMEOUT_BIT] bound to: 32'sb00000000000000000000000000010000 
	Parameter P[DTIM_SUPPORTED] bound to: 1'b0 
	Parameter P[DTIM_BASE] bound to: 64'b0000000000000000000000000000000010000000000000000000000000000000 
	Parameter P[DTIM_RANGE] bound to: 64'b0000000000000000000000000000000000000000011111111111111111111111 
	Parameter P[IROM_SUPPORTED] bound to: 1'b0 
	Parameter P[IROM_BASE] bound to: 64'b0000000000000000000000000000000010000000000000000000000000000000 
	Parameter P[IROM_RANGE] bound to: 64'b0000000000000000000000000000000000000000011111111111111111111111 
	Parameter P[BOOTROM_SUPPORTED] bound to: 1'b0 
	Parameter P[BOOTROM_BASE] bound to: 64'b0000000000000000000000000000000000000000000000000001000000000000 
	Parameter P[BOOTROM_RANGE] bound to: 64'b0000000000000000000000000000000000000000000000000000111111111111 
	Parameter P[BOOTROM_PRELOAD] bound to: 1'b0 
	Parameter P[UNCORE_RAM_SUPPORTED] bound to: 1'b1 
	Parameter P[UNCORE_RAM_BASE] bound to: 64'b0000000000000000000000000000000010000000000000000000000000000000 
	Parameter P[UNCORE_RAM_RANGE] bound to: 64'b0000000000000000000000000000000000000000000000001001000000000000 
	Parameter P[UNCORE_RAM_PRELOAD] bound to: 1'b0 
	Parameter P[EXT_MEM_SUPPORTED] bound to: 1'b0 
	Parameter P[EXT_MEM_BASE] bound to: 64'b0000000000000000000000000000000010000000000000000000000000000000 
	Parameter P[EXT_MEM_RANGE] bound to: 64'b0000000000000000000000000000000000000111111111111111111111111111 
	Parameter P[CLINT_SUPPORTED] bound to: 1'b0 
	Parameter P[CLINT_BASE] bound to: 64'b0000000000000000000000000000000000000010000000000000000000000000 
	Parameter P[CLINT_RANGE] bound to: 64'b0000000000000000000000000000000000000000000000001111111111111111 
	Parameter P[GPIO_SUPPORTED] bound to: 1'b0 
	Parameter P[GPIO_BASE] bound to: 64'b0000000000000000000000000000000000010000000001100000000000000000 
	Parameter P[GPIO_RANGE] bound to: 64'b0000000000000000000000000000000000000000000000000000000011111111 
	Parameter P[UART_SUPPORTED] bound to: 1'b1 
	Parameter P[UART_BASE] bound to: 64'b0000000000000000000000000000000000010000000000000000000000000000 
	Parameter P[UART_RANGE] bound to: 64'b0000000000000000000000000000000000000000000000000000000000000111 
	Parameter P[PLIC_SUPPORTED] bound to: 1'b0 
	Parameter P[PLIC_BASE] bound to: 64'b0000000000000000000000000000000000001100000000000000000000000000 
	Parameter P[PLIC_RANGE] bound to: 64'b0000000000000000000000000000000000000011111111111111111111111111 
	Parameter P[SDC_SUPPORTED] bound to: 1'b0 
	Parameter P[SDC_BASE] bound to: 64'b0000000000000000000000000000000000000000000000010011000000000000 
	Parameter P[SDC_RANGE] bound to: 64'b0000000000000000000000000000000000000000000000000000000001111111 
	Parameter P[SPI_SUPPORTED] bound to: 1'b0 
	Parameter P[SPI_BASE] bound to: 64'b0000000000000000000000000000000000010000000001000000000000000000 
	Parameter P[SPI_RANGE] bound to: 64'b0000000000000000000000000000000000000000000000000000111111111111 
	Parameter P[GPIO_LOOPBACK_TEST] bound to: 1'b0 
	Parameter P[SPI_LOOPBACK_TEST] bound to: 1'b1 
	Parameter P[UART_PRESCALE] bound to: 32'sb00000000000000000000000000000001 
	Parameter P[PLIC_NUM_SRC] bound to: 32'sb00000000000000000000000000001010 
	Parameter P[PLIC_NUM_SRC_LT_32] bound to: 1'b1 
	Parameter P[PLIC_GPIO_ID] bound to: 32'sb00000000000000000000000000000011 
	Parameter P[PLIC_UART_ID] bound to: 32'sb00000000000000000000000000001010 
	Parameter P[PLIC_SPI_ID] bound to: 32'sb00000000000000000000000000000110 
	Parameter P[PLIC_SDC_ID] bound to: 32'sb00000000000000000000000000001001 
	Parameter P[BPRED_SUPPORTED] bound to: 1'b1 
	Parameter P[BPRED_TYPE] bound to: 32'b00000000000000000000000000000100 
	Parameter P[BPRED_NUM_LHR] bound to: 32'sb00000000000000000000000000000110 
	Parameter P[BPRED_SIZE] bound to: 32'sb00000000000000000000000000001010 
	Parameter P[BTB_SIZE] bound to: 32'sb00000000000000000000000000001010 
	Parameter P[RAS_SIZE] bound to: 32'sb00000000000000000000000000010000 
	Parameter P[INSTR_CLASS_PRED] bound to: 1'b1 
	Parameter P[RADIX] bound to: 32'sb00000000000000000000000000000100 
	Parameter P[DIVCOPIES] bound to: 32'sb00000000000000000000000000000100 
	Parameter P[ZBA_SUPPORTED] bound to: 1'b0 
	Parameter P[ZBB_SUPPORTED] bound to: 1'b1 
	Parameter P[ZBC_SUPPORTED] bound to: 1'b0 
	Parameter P[ZBS_SUPPORTED] bound to: 1'b0 
	Parameter P[ZCA_SUPPORTED] bound to: 1'b1 
	Parameter P[ZCB_SUPPORTED] bound to: 1'b0 
	Parameter P[ZCD_SUPPORTED] bound to: 1'b0 
	Parameter P[ZCF_SUPPORTED] bound to: 1'b1 
	Parameter P[ZBKB_SUPPORTED] bound to: 1'b0 
	Parameter P[ZBKC_SUPPORTED] bound to: 1'b0 
	Parameter P[ZBKX_SUPPORTED] bound to: 1'b0 
	Parameter P[ZKND_SUPPORTED] bound to: 1'b0 
	Parameter P[ZKNE_SUPPORTED] bound to: 1'b0 
	Parameter P[ZKNH_SUPPORTED] bound to: 1'b0 
	Parameter P[ZKN_SUPPORTED] bound to: 1'b0 
	Parameter P[USE_SRAM] bound to: 1'b1 
	Parameter P[M_MODE] bound to: 2'b00 
	Parameter P[S_MODE] bound to: 2'b01 
	Parameter P[U_MODE] bound to: 2'b10 
	Parameter P[VPN_SEGMENT_BITS] bound to: 32'sb00000000000000000000000000000011 
	Parameter P[VPN_BITS] bound to: 32'sb00000000000000000000000000000100 
	Parameter P[PPN_BITS] bound to: 32'sb00000000000000000000000000100000 
	Parameter P[PA_BITS] bound to: 32'sb00000000000000000000000001000000 
	Parameter P[SVMODE_BITS] bound to: 32'sb00000000000000000000000000000011 
	Parameter P[ASID_BASE] bound to: 32'sb00000000000000000000000000000100 
	Parameter P[ASID_BITS] bound to: 32'sb00000000000000000000000000000100 
	Parameter P[NO_TRANSLATE] bound to: 4'b0011 
	Parameter P[SV32] bound to: 4'b0000 
	Parameter P[SV39] bound to: 4'b0001 
	Parameter P[SV48] bound to: 4'b0010 
	Parameter P[A_SUPPORTED] bound to: 1'b0 
	Parameter P[B_SUPPORTED] bound to: 1'b0 
	Parameter P[C_SUPPORTED] bound to: 1'b0 
	Parameter P[D_SUPPORTED] bound to: 1'b0 
	Parameter P[E_SUPPORTED] bound to: 1'b0 
	Parameter P[F_SUPPORTED] bound to: 1'b0 
	Parameter P[I_SUPPORTED] bound to: 1'b0 
	Parameter P[M_SUPPORTED] bound to: 1'b1 
	Parameter P[Q_SUPPORTED] bound to: 1'b0 
	Parameter P[S_SUPPORTED] bound to: 1'b1 
	Parameter P[U_SUPPORTED] bound to: 1'b1 
	Parameter P[LOG_XLEN] bound to: 32'sb00000000000000000000000000000110 
	Parameter P[FLEN] bound to: 32'sb00000000000000000000000001000000 
	Parameter P[LLEN] bound to: 32'sb00000000000000000000000001000000 
INFO: [Synth 8-6157] synthesizing module 'adrdec' [/home/ishfisav/wally_1/wally_1.srcs/sources_1/imports/cvw/src/mmu/adrdec.sv:30]
	Parameter PA_BITS bound to: 64 - type: integer 
INFO: [Synth 8-6155] done synthesizing module 'adrdec' (0#1) [/home/ishfisav/wally_1/wally_1.srcs/sources_1/imports/cvw/src/mmu/adrdec.sv:30]
INFO: [Synth 8-6155] done synthesizing module 'adrdecs' (0#1) [/home/ishfisav/wally_1/wally_1.srcs/sources_1/imports/cvw/src/mmu/adrdecs.sv:32]
INFO: [Synth 8-6157] synthesizing module 'ahbapbbridge' [/home/ishfisav/wally_1/wally_1.srcs/sources_1/imports/cvw/src/uncore/ahbapbbridge.sv:29]
	Parameter P[XLEN] bound to: 32'sb00000000000000000000000001000000 
	Parameter P[IEEE754] bound to: 1'b0 
	Parameter P[MISA] bound to: 32'sb00000000000000000000000000000000 
	Parameter P[AHBW] bound to: 32'sb00000000000000000000000001000000 
	Parameter P[RAM_LATENCY] bound to: 32'sb00000000000000000000000000000000 
	Parameter P[BURST_EN] bound to: 1'b1 
	Parameter P[ZICSR_SUPPORTED] bound to: 1'b1 
	Parameter P[ZIFENCEI_SUPPORTED] bound to: 1'b1 
	Parameter P[COUNTERS] bound to: 12'b000000100000 
	Parameter P[ZICNTR_SUPPORTED] bound to: 1'b1 
	Parameter P[ZIHPM_SUPPORTED] bound to: 1'b1 
	Parameter P[ZFH_SUPPORTED] bound to: 1'b1 
	Parameter P[ZFA_SUPPORTED] bound to: 1'b1 
	Parameter P[SSTC_SUPPORTED] bound to: 1'b1 
	Parameter P[VIRTMEM_SUPPORTED] bound to: 1'b1 
	Parameter P[VECTORED_INTERRUPTS_SUPPORTED] bound to: 1'b1 
	Parameter P[BIGENDIAN_SUPPORTED] bound to: 1'b1 
	Parameter P[SVADU_SUPPORTED] bound to: 1'b1 
	Parameter P[ZMMUL_SUPPORTED] bound to: 1'b1 
	Parameter P[ZICBOM_SUPPORTED] bound to: 1'b1 
	Parameter P[ZICBOZ_SUPPORTED] bound to: 1'b1 
	Parameter P[ZICBOP_SUPPORTED] bound to: 1'b1 
	Parameter P[ZICCLSM_SUPPORTED] bound to: 1'b1 
	Parameter P[ZICOND_SUPPORTED] bound to: 1'b1 
	Parameter P[SVPBMT_SUPPORTED] bound to: 1'b1 
	Parameter P[SVNAPOT_SUPPORTED] bound to: 1'b1 
	Parameter P[SVINVAL_SUPPORTED] bound to: 1'b1 
	Parameter P[ZAAMO_SUPPORTED] bound to: 1'b1 
	Parameter P[ZALRSC_SUPPORTED] bound to: 1'b1 
	Parameter P[BUS_SUPPORTED] bound to: 1'b1 
	Parameter P[DCACHE_SUPPORTED] bound to: 1'b1 
	Parameter P[ICACHE_SUPPORTED] bound to: 1'b1 
	Parameter P[ITLB_ENTRIES] bound to: 32'sb00000000000000000000000000100000 
	Parameter P[DTLB_ENTRIES] bound to: 32'sb00000000000000000000000000100000 
	Parameter P[DCACHE_NUMWAYS] bound to: 32'sb00000000000000000000000000000100 
	Parameter P[DCACHE_WAYSIZEINBYTES] bound to: 32'sb00000000000000000001000000000000 
	Parameter P[DCACHE_LINELENINBITS] bound to: 32'sb00000000000000000000001000000000 
	Parameter P[ICACHE_NUMWAYS] bound to: 32'sb00000000000000000000000000000100 
	Parameter P[ICACHE_WAYSIZEINBYTES] bound to: 32'sb00000000000000000001000000000000 
	Parameter P[ICACHE_LINELENINBITS] bound to: 32'sb00000000000000000000001000000000 
	Parameter P[CACHE_SRAMLEN] bound to: 32'sb00000000000000000000000010000000 
	Parameter P[IDIV_BITSPERCYCLE] bound to: 32'sb00000000000000000000000000000100 
	Parameter P[IDIV_ON_FPU] bound to: 1'b1 
	Parameter P[PMP_ENTRIES] bound to: 32'sb00000000000000000000000000010000 
	Parameter P[RESET_VECTOR] bound to: 64'b0000000000000000000000000000000010000000000000000000000000000000 
	Parameter P[WFI_TIMEOUT_BIT] bound to: 32'sb00000000000000000000000000010000 
	Parameter P[DTIM_SUPPORTED] bound to: 1'b0 
	Parameter P[DTIM_BASE] bound to: 64'b0000000000000000000000000000000010000000000000000000000000000000 
	Parameter P[DTIM_RANGE] bound to: 64'b0000000000000000000000000000000000000000011111111111111111111111 
	Parameter P[IROM_SUPPORTED] bound to: 1'b0 
	Parameter P[IROM_BASE] bound to: 64'b0000000000000000000000000000000010000000000000000000000000000000 
	Parameter P[IROM_RANGE] bound to: 64'b0000000000000000000000000000000000000000011111111111111111111111 
	Parameter P[BOOTROM_SUPPORTED] bound to: 1'b0 
	Parameter P[BOOTROM_BASE] bound to: 64'b0000000000000000000000000000000000000000000000000001000000000000 
	Parameter P[BOOTROM_RANGE] bound to: 64'b0000000000000000000000000000000000000000000000000000111111111111 
	Parameter P[BOOTROM_PRELOAD] bound to: 1'b0 
	Parameter P[UNCORE_RAM_SUPPORTED] bound to: 1'b1 
	Parameter P[UNCORE_RAM_BASE] bound to: 64'b0000000000000000000000000000000010000000000000000000000000000000 
	Parameter P[UNCORE_RAM_RANGE] bound to: 64'b0000000000000000000000000000000000000000000000001001000000000000 
	Parameter P[UNCORE_RAM_PRELOAD] bound to: 1'b0 
	Parameter P[EXT_MEM_SUPPORTED] bound to: 1'b0 
	Parameter P[EXT_MEM_BASE] bound to: 64'b0000000000000000000000000000000010000000000000000000000000000000 
	Parameter P[EXT_MEM_RANGE] bound to: 64'b0000000000000000000000000000000000000111111111111111111111111111 
	Parameter P[CLINT_SUPPORTED] bound to: 1'b0 
	Parameter P[CLINT_BASE] bound to: 64'b0000000000000000000000000000000000000010000000000000000000000000 
	Parameter P[CLINT_RANGE] bound to: 64'b0000000000000000000000000000000000000000000000001111111111111111 
	Parameter P[GPIO_SUPPORTED] bound to: 1'b0 
	Parameter P[GPIO_BASE] bound to: 64'b0000000000000000000000000000000000010000000001100000000000000000 
	Parameter P[GPIO_RANGE] bound to: 64'b0000000000000000000000000000000000000000000000000000000011111111 
	Parameter P[UART_SUPPORTED] bound to: 1'b1 
	Parameter P[UART_BASE] bound to: 64'b0000000000000000000000000000000000010000000000000000000000000000 
	Parameter P[UART_RANGE] bound to: 64'b0000000000000000000000000000000000000000000000000000000000000111 
	Parameter P[PLIC_SUPPORTED] bound to: 1'b0 
	Parameter P[PLIC_BASE] bound to: 64'b0000000000000000000000000000000000001100000000000000000000000000 
	Parameter P[PLIC_RANGE] bound to: 64'b0000000000000000000000000000000000000011111111111111111111111111 
	Parameter P[SDC_SUPPORTED] bound to: 1'b0 
	Parameter P[SDC_BASE] bound to: 64'b0000000000000000000000000000000000000000000000010011000000000000 
	Parameter P[SDC_RANGE] bound to: 64'b0000000000000000000000000000000000000000000000000000000001111111 
	Parameter P[SPI_SUPPORTED] bound to: 1'b0 
	Parameter P[SPI_BASE] bound to: 64'b0000000000000000000000000000000000010000000001000000000000000000 
	Parameter P[SPI_RANGE] bound to: 64'b0000000000000000000000000000000000000000000000000000111111111111 
	Parameter P[GPIO_LOOPBACK_TEST] bound to: 1'b0 
	Parameter P[SPI_LOOPBACK_TEST] bound to: 1'b1 
	Parameter P[UART_PRESCALE] bound to: 32'sb00000000000000000000000000000001 
	Parameter P[PLIC_NUM_SRC] bound to: 32'sb00000000000000000000000000001010 
	Parameter P[PLIC_NUM_SRC_LT_32] bound to: 1'b1 
	Parameter P[PLIC_GPIO_ID] bound to: 32'sb00000000000000000000000000000011 
	Parameter P[PLIC_UART_ID] bound to: 32'sb00000000000000000000000000001010 
	Parameter P[PLIC_SPI_ID] bound to: 32'sb00000000000000000000000000000110 
	Parameter P[PLIC_SDC_ID] bound to: 32'sb00000000000000000000000000001001 
	Parameter P[BPRED_SUPPORTED] bound to: 1'b1 
	Parameter P[BPRED_TYPE] bound to: 32'b00000000000000000000000000000100 
	Parameter P[BPRED_NUM_LHR] bound to: 32'sb00000000000000000000000000000110 
	Parameter P[BPRED_SIZE] bound to: 32'sb00000000000000000000000000001010 
	Parameter P[BTB_SIZE] bound to: 32'sb00000000000000000000000000001010 
	Parameter P[RAS_SIZE] bound to: 32'sb00000000000000000000000000010000 
	Parameter P[INSTR_CLASS_PRED] bound to: 1'b1 
	Parameter P[RADIX] bound to: 32'sb00000000000000000000000000000100 
	Parameter P[DIVCOPIES] bound to: 32'sb00000000000000000000000000000100 
	Parameter P[ZBA_SUPPORTED] bound to: 1'b0 
	Parameter P[ZBB_SUPPORTED] bound to: 1'b1 
	Parameter P[ZBC_SUPPORTED] bound to: 1'b0 
	Parameter P[ZBS_SUPPORTED] bound to: 1'b0 
	Parameter P[ZCA_SUPPORTED] bound to: 1'b1 
	Parameter P[ZCB_SUPPORTED] bound to: 1'b0 
	Parameter P[ZCD_SUPPORTED] bound to: 1'b0 
	Parameter P[ZCF_SUPPORTED] bound to: 1'b1 
	Parameter P[ZBKB_SUPPORTED] bound to: 1'b0 
	Parameter P[ZBKC_SUPPORTED] bound to: 1'b0 
	Parameter P[ZBKX_SUPPORTED] bound to: 1'b0 
	Parameter P[ZKND_SUPPORTED] bound to: 1'b0 
	Parameter P[ZKNE_SUPPORTED] bound to: 1'b0 
	Parameter P[ZKNH_SUPPORTED] bound to: 1'b0 
	Parameter P[ZKN_SUPPORTED] bound to: 1'b0 
	Parameter P[USE_SRAM] bound to: 1'b1 
	Parameter P[M_MODE] bound to: 2'b00 
	Parameter P[S_MODE] bound to: 2'b01 
	Parameter P[U_MODE] bound to: 2'b10 
	Parameter P[VPN_SEGMENT_BITS] bound to: 32'sb00000000000000000000000000000011 
	Parameter P[VPN_BITS] bound to: 32'sb00000000000000000000000000000100 
	Parameter P[PPN_BITS] bound to: 32'sb00000000000000000000000000100000 
	Parameter P[PA_BITS] bound to: 32'sb00000000000000000000000001000000 
	Parameter P[SVMODE_BITS] bound to: 32'sb00000000000000000000000000000011 
	Parameter P[ASID_BASE] bound to: 32'sb00000000000000000000000000000100 
	Parameter P[ASID_BITS] bound to: 32'sb00000000000000000000000000000100 
	Parameter P[NO_TRANSLATE] bound to: 4'b0011 
	Parameter P[SV32] bound to: 4'b0000 
	Parameter P[SV39] bound to: 4'b0001 
	Parameter P[SV48] bound to: 4'b0010 
	Parameter P[A_SUPPORTED] bound to: 1'b0 
	Parameter P[B_SUPPORTED] bound to: 1'b0 
	Parameter P[C_SUPPORTED] bound to: 1'b0 
	Parameter P[D_SUPPORTED] bound to: 1'b0 
	Parameter P[E_SUPPORTED] bound to: 1'b0 
	Parameter P[F_SUPPORTED] bound to: 1'b0 
	Parameter P[I_SUPPORTED] bound to: 1'b0 
	Parameter P[M_SUPPORTED] bound to: 1'b1 
	Parameter P[Q_SUPPORTED] bound to: 1'b0 
	Parameter P[S_SUPPORTED] bound to: 1'b1 
	Parameter P[U_SUPPORTED] bound to: 1'b1 
	Parameter P[LOG_XLEN] bound to: 32'sb00000000000000000000000000000110 
	Parameter P[FLEN] bound to: 32'sb00000000000000000000000001000000 
	Parameter P[LLEN] bound to: 32'sb00000000000000000000000001000000 
	Parameter PERIPHS bound to: 6 - type: integer 
INFO: [Synth 8-6157] synthesizing module 'flopen__parameterized0' [/home/ishfisav/wally_1/wally_1.srcs/sources_1/imports/cvw/src/generic/flop/flopen.sv:28]
	Parameter WIDTH bound to: 32 - type: integer 
INFO: [Synth 8-6155] done synthesizing module 'flopen__parameterized0' (0#1) [/home/ishfisav/wally_1/wally_1.srcs/sources_1/imports/cvw/src/generic/flop/flopen.sv:28]
INFO: [Synth 8-6157] synthesizing module 'flopenr__parameterized1' [/home/ishfisav/wally_1/wally_1.srcs/sources_1/imports/cvw/src/generic/flop/flopenr.sv:28]
	Parameter WIDTH bound to: 6 - type: integer 
INFO: [Synth 8-6155] done synthesizing module 'flopenr__parameterized1' (0#1) [/home/ishfisav/wally_1/wally_1.srcs/sources_1/imports/cvw/src/generic/flop/flopenr.sv:28]
INFO: [Synth 8-6155] done synthesizing module 'ahbapbbridge' (0#1) [/home/ishfisav/wally_1/wally_1.srcs/sources_1/imports/cvw/src/uncore/ahbapbbridge.sv:29]
INFO: [Synth 8-6157] synthesizing module 'flopenl' [/home/ishfisav/wally_1/wally_1.srcs/sources_1/imports/cvw/src/generic/flop/flopenl.sv:28]
	Parameter WIDTH bound to: 12 - type: integer 
INFO: [Synth 8-6155] done synthesizing module 'flopenl' (0#1) [/home/ishfisav/wally_1/wally_1.srcs/sources_1/imports/cvw/src/generic/flop/flopenl.sv:28]
INFO: [Synth 8-6155] done synthesizing module 'uncore' (0#1) [/home/ishfisav/wally_1/wally_1.srcs/sources_1/imports/cvw/src/uncore/uncore.sv:31]
WARNING: [Synth 8-7071] port 'HADDR' of module 'uncore' is unconnected for instance 'uncore' [/home/ishfisav/wally_1/wally_1.srcs/sources_1/imports/cvw/src/wally/wallypipelinedsoc.sv:90]
WARNING: [Synth 8-7071] port 'HWDATA' of module 'uncore' is unconnected for instance 'uncore' [/home/ishfisav/wally_1/wally_1.srcs/sources_1/imports/cvw/src/wally/wallypipelinedsoc.sv:90]
WARNING: [Synth 8-7071] port 'GPIOIN' of module 'uncore' is unconnected for instance 'uncore' [/home/ishfisav/wally_1/wally_1.srcs/sources_1/imports/cvw/src/wally/wallypipelinedsoc.sv:90]
WARNING: [Synth 8-7071] port 'GPIOOUT' of module 'uncore' is unconnected for instance 'uncore' [/home/ishfisav/wally_1/wally_1.srcs/sources_1/imports/cvw/src/wally/wallypipelinedsoc.sv:90]
WARNING: [Synth 8-7071] port 'GPIOEN' of module 'uncore' is unconnected for instance 'uncore' [/home/ishfisav/wally_1/wally_1.srcs/sources_1/imports/cvw/src/wally/wallypipelinedsoc.sv:90]
WARNING: [Synth 8-7023] instance 'uncore' of module 'uncore' has 37 connections declared, but only 32 given [/home/ishfisav/wally_1/wally_1.srcs/sources_1/imports/cvw/src/wally/wallypipelinedsoc.sv:90]
WARNING: [Synth 8-4446] all outputs are unconnected for this instance and logic may be removed [/home/ishfisav/wally_1/wally_1.srcs/sources_1/imports/cvw/src/wally/wallypipelinedsoc.sv:79]
INFO: [Synth 8-6157] synthesizing module 'synchronizer' [/home/ishfisav/wally_1/wally_1.srcs/sources_1/imports/cvw/src/generic/flop/synchronizer.sv:28]
INFO: [Synth 8-6155] done synthesizing module 'synchronizer' (0#1) [/home/ishfisav/wally_1/wally_1.srcs/sources_1/imports/cvw/src/generic/flop/synchronizer.sv:28]
INFO: [Synth 8-6157] synthesizing module 'wallypipelinedcore' [/home/ishfisav/wally_1/wally_1.srcs/sources_1/imports/cvw/src/wally/wallypipelinedcore.sv:30]
	Parameter P[XLEN] bound to: 32'sb00000000000000000000000001000000 
	Parameter P[IEEE754] bound to: 1'b0 
	Parameter P[MISA] bound to: 32'sb00000000000000000000000000000000 
	Parameter P[AHBW] bound to: 32'sb00000000000000000000000001000000 
	Parameter P[RAM_LATENCY] bound to: 32'sb00000000000000000000000000000000 
	Parameter P[BURST_EN] bound to: 1'b1 
	Parameter P[ZICSR_SUPPORTED] bound to: 1'b1 
	Parameter P[ZIFENCEI_SUPPORTED] bound to: 1'b1 
	Parameter P[COUNTERS] bound to: 12'b000000100000 
	Parameter P[ZICNTR_SUPPORTED] bound to: 1'b1 
	Parameter P[ZIHPM_SUPPORTED] bound to: 1'b1 
	Parameter P[ZFH_SUPPORTED] bound to: 1'b1 
	Parameter P[ZFA_SUPPORTED] bound to: 1'b1 
	Parameter P[SSTC_SUPPORTED] bound to: 1'b1 
	Parameter P[VIRTMEM_SUPPORTED] bound to: 1'b1 
	Parameter P[VECTORED_INTERRUPTS_SUPPORTED] bound to: 1'b1 
	Parameter P[BIGENDIAN_SUPPORTED] bound to: 1'b1 
	Parameter P[SVADU_SUPPORTED] bound to: 1'b1 
	Parameter P[ZMMUL_SUPPORTED] bound to: 1'b1 
	Parameter P[ZICBOM_SUPPORTED] bound to: 1'b1 
	Parameter P[ZICBOZ_SUPPORTED] bound to: 1'b1 
	Parameter P[ZICBOP_SUPPORTED] bound to: 1'b1 
	Parameter P[ZICCLSM_SUPPORTED] bound to: 1'b1 
	Parameter P[ZICOND_SUPPORTED] bound to: 1'b1 
	Parameter P[SVPBMT_SUPPORTED] bound to: 1'b1 
	Parameter P[SVNAPOT_SUPPORTED] bound to: 1'b1 
	Parameter P[SVINVAL_SUPPORTED] bound to: 1'b1 
	Parameter P[ZAAMO_SUPPORTED] bound to: 1'b1 
	Parameter P[ZALRSC_SUPPORTED] bound to: 1'b1 
	Parameter P[BUS_SUPPORTED] bound to: 1'b1 
	Parameter P[DCACHE_SUPPORTED] bound to: 1'b1 
	Parameter P[ICACHE_SUPPORTED] bound to: 1'b1 
	Parameter P[ITLB_ENTRIES] bound to: 32'sb00000000000000000000000000100000 
	Parameter P[DTLB_ENTRIES] bound to: 32'sb00000000000000000000000000100000 
	Parameter P[DCACHE_NUMWAYS] bound to: 32'sb00000000000000000000000000000100 
	Parameter P[DCACHE_WAYSIZEINBYTES] bound to: 32'sb00000000000000000001000000000000 
	Parameter P[DCACHE_LINELENINBITS] bound to: 32'sb00000000000000000000001000000000 
	Parameter P[ICACHE_NUMWAYS] bound to: 32'sb00000000000000000000000000000100 
	Parameter P[ICACHE_WAYSIZEINBYTES] bound to: 32'sb00000000000000000001000000000000 
	Parameter P[ICACHE_LINELENINBITS] bound to: 32'sb00000000000000000000001000000000 
	Parameter P[CACHE_SRAMLEN] bound to: 32'sb00000000000000000000000010000000 
	Parameter P[IDIV_BITSPERCYCLE] bound to: 32'sb00000000000000000000000000000100 
	Parameter P[IDIV_ON_FPU] bound to: 1'b1 
	Parameter P[PMP_ENTRIES] bound to: 32'sb00000000000000000000000000010000 
	Parameter P[RESET_VECTOR] bound to: 64'b0000000000000000000000000000000010000000000000000000000000000000 
	Parameter P[WFI_TIMEOUT_BIT] bound to: 32'sb00000000000000000000000000010000 
	Parameter P[DTIM_SUPPORTED] bound to: 1'b0 
	Parameter P[DTIM_BASE] bound to: 64'b0000000000000000000000000000000010000000000000000000000000000000 
	Parameter P[DTIM_RANGE] bound to: 64'b0000000000000000000000000000000000000000011111111111111111111111 
	Parameter P[IROM_SUPPORTED] bound to: 1'b0 
	Parameter P[IROM_BASE] bound to: 64'b0000000000000000000000000000000010000000000000000000000000000000 
	Parameter P[IROM_RANGE] bound to: 64'b0000000000000000000000000000000000000000011111111111111111111111 
	Parameter P[BOOTROM_SUPPORTED] bound to: 1'b0 
	Parameter P[BOOTROM_BASE] bound to: 64'b0000000000000000000000000000000000000000000000000001000000000000 
	Parameter P[BOOTROM_RANGE] bound to: 64'b0000000000000000000000000000000000000000000000000000111111111111 
	Parameter P[BOOTROM_PRELOAD] bound to: 1'b0 
	Parameter P[UNCORE_RAM_SUPPORTED] bound to: 1'b1 
	Parameter P[UNCORE_RAM_BASE] bound to: 64'b0000000000000000000000000000000010000000000000000000000000000000 
	Parameter P[UNCORE_RAM_RANGE] bound to: 64'b0000000000000000000000000000000000000000000000001001000000000000 
	Parameter P[UNCORE_RAM_PRELOAD] bound to: 1'b0 
	Parameter P[EXT_MEM_SUPPORTED] bound to: 1'b0 
	Parameter P[EXT_MEM_BASE] bound to: 64'b0000000000000000000000000000000010000000000000000000000000000000 
	Parameter P[EXT_MEM_RANGE] bound to: 64'b0000000000000000000000000000000000000111111111111111111111111111 
	Parameter P[CLINT_SUPPORTED] bound to: 1'b0 
	Parameter P[CLINT_BASE] bound to: 64'b0000000000000000000000000000000000000010000000000000000000000000 
	Parameter P[CLINT_RANGE] bound to: 64'b0000000000000000000000000000000000000000000000001111111111111111 
	Parameter P[GPIO_SUPPORTED] bound to: 1'b0 
	Parameter P[GPIO_BASE] bound to: 64'b0000000000000000000000000000000000010000000001100000000000000000 
	Parameter P[GPIO_RANGE] bound to: 64'b0000000000000000000000000000000000000000000000000000000011111111 
	Parameter P[UART_SUPPORTED] bound to: 1'b1 
	Parameter P[UART_BASE] bound to: 64'b0000000000000000000000000000000000010000000000000000000000000000 
	Parameter P[UART_RANGE] bound to: 64'b0000000000000000000000000000000000000000000000000000000000000111 
	Parameter P[PLIC_SUPPORTED] bound to: 1'b0 
	Parameter P[PLIC_BASE] bound to: 64'b0000000000000000000000000000000000001100000000000000000000000000 
	Parameter P[PLIC_RANGE] bound to: 64'b0000000000000000000000000000000000000011111111111111111111111111 
	Parameter P[SDC_SUPPORTED] bound to: 1'b0 
	Parameter P[SDC_BASE] bound to: 64'b0000000000000000000000000000000000000000000000010011000000000000 
	Parameter P[SDC_RANGE] bound to: 64'b0000000000000000000000000000000000000000000000000000000001111111 
	Parameter P[SPI_SUPPORTED] bound to: 1'b0 
	Parameter P[SPI_BASE] bound to: 64'b0000000000000000000000000000000000010000000001000000000000000000 
	Parameter P[SPI_RANGE] bound to: 64'b0000000000000000000000000000000000000000000000000000111111111111 
	Parameter P[GPIO_LOOPBACK_TEST] bound to: 1'b0 
	Parameter P[SPI_LOOPBACK_TEST] bound to: 1'b1 
	Parameter P[UART_PRESCALE] bound to: 32'sb00000000000000000000000000000001 
	Parameter P[PLIC_NUM_SRC] bound to: 32'sb00000000000000000000000000001010 
	Parameter P[PLIC_NUM_SRC_LT_32] bound to: 1'b1 
	Parameter P[PLIC_GPIO_ID] bound to: 32'sb00000000000000000000000000000011 
	Parameter P[PLIC_UART_ID] bound to: 32'sb00000000000000000000000000001010 
	Parameter P[PLIC_SPI_ID] bound to: 32'sb00000000000000000000000000000110 
	Parameter P[PLIC_SDC_ID] bound to: 32'sb00000000000000000000000000001001 
	Parameter P[BPRED_SUPPORTED] bound to: 1'b1 
	Parameter P[BPRED_TYPE] bound to: 32'b00000000000000000000000000000100 
	Parameter P[BPRED_NUM_LHR] bound to: 32'sb00000000000000000000000000000110 
	Parameter P[BPRED_SIZE] bound to: 32'sb00000000000000000000000000001010 
	Parameter P[BTB_SIZE] bound to: 32'sb00000000000000000000000000001010 
	Parameter P[RAS_SIZE] bound to: 32'sb00000000000000000000000000010000 
	Parameter P[INSTR_CLASS_PRED] bound to: 1'b1 
	Parameter P[RADIX] bound to: 32'sb00000000000000000000000000000100 
	Parameter P[DIVCOPIES] bound to: 32'sb00000000000000000000000000000100 
	Parameter P[ZBA_SUPPORTED] bound to: 1'b0 
	Parameter P[ZBB_SUPPORTED] bound to: 1'b1 
	Parameter P[ZBC_SUPPORTED] bound to: 1'b0 
	Parameter P[ZBS_SUPPORTED] bound to: 1'b0 
	Parameter P[ZCA_SUPPORTED] bound to: 1'b1 
	Parameter P[ZCB_SUPPORTED] bound to: 1'b0 
	Parameter P[ZCD_SUPPORTED] bound to: 1'b0 
	Parameter P[ZCF_SUPPORTED] bound to: 1'b1 
	Parameter P[ZBKB_SUPPORTED] bound to: 1'b0 
	Parameter P[ZBKC_SUPPORTED] bound to: 1'b0 
	Parameter P[ZBKX_SUPPORTED] bound to: 1'b0 
	Parameter P[ZKND_SUPPORTED] bound to: 1'b0 
	Parameter P[ZKNE_SUPPORTED] bound to: 1'b0 
	Parameter P[ZKNH_SUPPORTED] bound to: 1'b0 
	Parameter P[ZKN_SUPPORTED] bound to: 1'b0 
	Parameter P[USE_SRAM] bound to: 1'b1 
	Parameter P[M_MODE] bound to: 2'b00 
	Parameter P[S_MODE] bound to: 2'b01 
	Parameter P[U_MODE] bound to: 2'b10 
	Parameter P[VPN_SEGMENT_BITS] bound to: 32'sb00000000000000000000000000000011 
	Parameter P[VPN_BITS] bound to: 32'sb00000000000000000000000000000100 
	Parameter P[PPN_BITS] bound to: 32'sb00000000000000000000000000100000 
	Parameter P[PA_BITS] bound to: 32'sb00000000000000000000000001000000 
	Parameter P[SVMODE_BITS] bound to: 32'sb00000000000000000000000000000011 
	Parameter P[ASID_BASE] bound to: 32'sb00000000000000000000000000000100 
	Parameter P[ASID_BITS] bound to: 32'sb00000000000000000000000000000100 
	Parameter P[NO_TRANSLATE] bound to: 4'b0011 
	Parameter P[SV32] bound to: 4'b0000 
	Parameter P[SV39] bound to: 4'b0001 
	Parameter P[SV48] bound to: 4'b0010 
	Parameter P[A_SUPPORTED] bound to: 1'b0 
	Parameter P[B_SUPPORTED] bound to: 1'b0 
	Parameter P[C_SUPPORTED] bound to: 1'b0 
	Parameter P[D_SUPPORTED] bound to: 1'b0 
	Parameter P[E_SUPPORTED] bound to: 1'b0 
	Parameter P[F_SUPPORTED] bound to: 1'b0 
	Parameter P[I_SUPPORTED] bound to: 1'b0 
	Parameter P[M_SUPPORTED] bound to: 1'b1 
	Parameter P[Q_SUPPORTED] bound to: 1'b0 
	Parameter P[S_SUPPORTED] bound to: 1'b1 
	Parameter P[U_SUPPORTED] bound to: 1'b1 
	Parameter P[LOG_XLEN] bound to: 32'sb00000000000000000000000000000110 
	Parameter P[FLEN] bound to: 32'sb00000000000000000000000001000000 
	Parameter P[LLEN] bound to: 32'sb00000000000000000000000001000000 
INFO: [Synth 8-6157] synthesizing module 'ebu' [/home/ishfisav/wally_1/wally_1.srcs/sources_1/imports/cvw/src/ebu/ebu.sv:35]
	Parameter P[XLEN] bound to: 32'sb00000000000000000000000001000000 
	Parameter P[IEEE754] bound to: 1'b0 
	Parameter P[MISA] bound to: 32'sb00000000000000000000000000000000 
	Parameter P[AHBW] bound to: 32'sb00000000000000000000000001000000 
	Parameter P[RAM_LATENCY] bound to: 32'sb00000000000000000000000000000000 
	Parameter P[BURST_EN] bound to: 1'b1 
	Parameter P[ZICSR_SUPPORTED] bound to: 1'b1 
	Parameter P[ZIFENCEI_SUPPORTED] bound to: 1'b1 
	Parameter P[COUNTERS] bound to: 12'b000000100000 
	Parameter P[ZICNTR_SUPPORTED] bound to: 1'b1 
	Parameter P[ZIHPM_SUPPORTED] bound to: 1'b1 
	Parameter P[ZFH_SUPPORTED] bound to: 1'b1 
	Parameter P[ZFA_SUPPORTED] bound to: 1'b1 
	Parameter P[SSTC_SUPPORTED] bound to: 1'b1 
	Parameter P[VIRTMEM_SUPPORTED] bound to: 1'b1 
	Parameter P[VECTORED_INTERRUPTS_SUPPORTED] bound to: 1'b1 
	Parameter P[BIGENDIAN_SUPPORTED] bound to: 1'b1 
	Parameter P[SVADU_SUPPORTED] bound to: 1'b1 
	Parameter P[ZMMUL_SUPPORTED] bound to: 1'b1 
	Parameter P[ZICBOM_SUPPORTED] bound to: 1'b1 
	Parameter P[ZICBOZ_SUPPORTED] bound to: 1'b1 
	Parameter P[ZICBOP_SUPPORTED] bound to: 1'b1 
	Parameter P[ZICCLSM_SUPPORTED] bound to: 1'b1 
	Parameter P[ZICOND_SUPPORTED] bound to: 1'b1 
	Parameter P[SVPBMT_SUPPORTED] bound to: 1'b1 
	Parameter P[SVNAPOT_SUPPORTED] bound to: 1'b1 
	Parameter P[SVINVAL_SUPPORTED] bound to: 1'b1 
	Parameter P[ZAAMO_SUPPORTED] bound to: 1'b1 
	Parameter P[ZALRSC_SUPPORTED] bound to: 1'b1 
	Parameter P[BUS_SUPPORTED] bound to: 1'b1 
	Parameter P[DCACHE_SUPPORTED] bound to: 1'b1 
	Parameter P[ICACHE_SUPPORTED] bound to: 1'b1 
	Parameter P[ITLB_ENTRIES] bound to: 32'sb00000000000000000000000000100000 
	Parameter P[DTLB_ENTRIES] bound to: 32'sb00000000000000000000000000100000 
	Parameter P[DCACHE_NUMWAYS] bound to: 32'sb00000000000000000000000000000100 
	Parameter P[DCACHE_WAYSIZEINBYTES] bound to: 32'sb00000000000000000001000000000000 
	Parameter P[DCACHE_LINELENINBITS] bound to: 32'sb00000000000000000000001000000000 
	Parameter P[ICACHE_NUMWAYS] bound to: 32'sb00000000000000000000000000000100 
	Parameter P[ICACHE_WAYSIZEINBYTES] bound to: 32'sb00000000000000000001000000000000 
	Parameter P[ICACHE_LINELENINBITS] bound to: 32'sb00000000000000000000001000000000 
	Parameter P[CACHE_SRAMLEN] bound to: 32'sb00000000000000000000000010000000 
	Parameter P[IDIV_BITSPERCYCLE] bound to: 32'sb00000000000000000000000000000100 
	Parameter P[IDIV_ON_FPU] bound to: 1'b1 
	Parameter P[PMP_ENTRIES] bound to: 32'sb00000000000000000000000000010000 
	Parameter P[RESET_VECTOR] bound to: 64'b0000000000000000000000000000000010000000000000000000000000000000 
	Parameter P[WFI_TIMEOUT_BIT] bound to: 32'sb00000000000000000000000000010000 
	Parameter P[DTIM_SUPPORTED] bound to: 1'b0 
	Parameter P[DTIM_BASE] bound to: 64'b0000000000000000000000000000000010000000000000000000000000000000 
	Parameter P[DTIM_RANGE] bound to: 64'b0000000000000000000000000000000000000000011111111111111111111111 
	Parameter P[IROM_SUPPORTED] bound to: 1'b0 
	Parameter P[IROM_BASE] bound to: 64'b0000000000000000000000000000000010000000000000000000000000000000 
	Parameter P[IROM_RANGE] bound to: 64'b0000000000000000000000000000000000000000011111111111111111111111 
	Parameter P[BOOTROM_SUPPORTED] bound to: 1'b0 
	Parameter P[BOOTROM_BASE] bound to: 64'b0000000000000000000000000000000000000000000000000001000000000000 
	Parameter P[BOOTROM_RANGE] bound to: 64'b0000000000000000000000000000000000000000000000000000111111111111 
	Parameter P[BOOTROM_PRELOAD] bound to: 1'b0 
	Parameter P[UNCORE_RAM_SUPPORTED] bound to: 1'b1 
	Parameter P[UNCORE_RAM_BASE] bound to: 64'b0000000000000000000000000000000010000000000000000000000000000000 
	Parameter P[UNCORE_RAM_RANGE] bound to: 64'b0000000000000000000000000000000000000000000000001001000000000000 
	Parameter P[UNCORE_RAM_PRELOAD] bound to: 1'b0 
	Parameter P[EXT_MEM_SUPPORTED] bound to: 1'b0 
	Parameter P[EXT_MEM_BASE] bound to: 64'b0000000000000000000000000000000010000000000000000000000000000000 
	Parameter P[EXT_MEM_RANGE] bound to: 64'b0000000000000000000000000000000000000111111111111111111111111111 
	Parameter P[CLINT_SUPPORTED] bound to: 1'b0 
	Parameter P[CLINT_BASE] bound to: 64'b0000000000000000000000000000000000000010000000000000000000000000 
	Parameter P[CLINT_RANGE] bound to: 64'b0000000000000000000000000000000000000000000000001111111111111111 
	Parameter P[GPIO_SUPPORTED] bound to: 1'b0 
	Parameter P[GPIO_BASE] bound to: 64'b0000000000000000000000000000000000010000000001100000000000000000 
	Parameter P[GPIO_RANGE] bound to: 64'b0000000000000000000000000000000000000000000000000000000011111111 
	Parameter P[UART_SUPPORTED] bound to: 1'b1 
	Parameter P[UART_BASE] bound to: 64'b0000000000000000000000000000000000010000000000000000000000000000 
	Parameter P[UART_RANGE] bound to: 64'b0000000000000000000000000000000000000000000000000000000000000111 
	Parameter P[PLIC_SUPPORTED] bound to: 1'b0 
	Parameter P[PLIC_BASE] bound to: 64'b0000000000000000000000000000000000001100000000000000000000000000 
	Parameter P[PLIC_RANGE] bound to: 64'b0000000000000000000000000000000000000011111111111111111111111111 
	Parameter P[SDC_SUPPORTED] bound to: 1'b0 
	Parameter P[SDC_BASE] bound to: 64'b0000000000000000000000000000000000000000000000010011000000000000 
	Parameter P[SDC_RANGE] bound to: 64'b0000000000000000000000000000000000000000000000000000000001111111 
	Parameter P[SPI_SUPPORTED] bound to: 1'b0 
	Parameter P[SPI_BASE] bound to: 64'b0000000000000000000000000000000000010000000001000000000000000000 
	Parameter P[SPI_RANGE] bound to: 64'b0000000000000000000000000000000000000000000000000000111111111111 
	Parameter P[GPIO_LOOPBACK_TEST] bound to: 1'b0 
	Parameter P[SPI_LOOPBACK_TEST] bound to: 1'b1 
	Parameter P[UART_PRESCALE] bound to: 32'sb00000000000000000000000000000001 
	Parameter P[PLIC_NUM_SRC] bound to: 32'sb00000000000000000000000000001010 
	Parameter P[PLIC_NUM_SRC_LT_32] bound to: 1'b1 
	Parameter P[PLIC_GPIO_ID] bound to: 32'sb00000000000000000000000000000011 
	Parameter P[PLIC_UART_ID] bound to: 32'sb00000000000000000000000000001010 
	Parameter P[PLIC_SPI_ID] bound to: 32'sb00000000000000000000000000000110 
	Parameter P[PLIC_SDC_ID] bound to: 32'sb00000000000000000000000000001001 
	Parameter P[BPRED_SUPPORTED] bound to: 1'b1 
	Parameter P[BPRED_TYPE] bound to: 32'b00000000000000000000000000000100 
	Parameter P[BPRED_NUM_LHR] bound to: 32'sb00000000000000000000000000000110 
	Parameter P[BPRED_SIZE] bound to: 32'sb00000000000000000000000000001010 
	Parameter P[BTB_SIZE] bound to: 32'sb00000000000000000000000000001010 
	Parameter P[RAS_SIZE] bound to: 32'sb00000000000000000000000000010000 
	Parameter P[INSTR_CLASS_PRED] bound to: 1'b1 
	Parameter P[RADIX] bound to: 32'sb00000000000000000000000000000100 
	Parameter P[DIVCOPIES] bound to: 32'sb00000000000000000000000000000100 
	Parameter P[ZBA_SUPPORTED] bound to: 1'b0 
	Parameter P[ZBB_SUPPORTED] bound to: 1'b1 
	Parameter P[ZBC_SUPPORTED] bound to: 1'b0 
	Parameter P[ZBS_SUPPORTED] bound to: 1'b0 
	Parameter P[ZCA_SUPPORTED] bound to: 1'b1 
	Parameter P[ZCB_SUPPORTED] bound to: 1'b0 
	Parameter P[ZCD_SUPPORTED] bound to: 1'b0 
	Parameter P[ZCF_SUPPORTED] bound to: 1'b1 
	Parameter P[ZBKB_SUPPORTED] bound to: 1'b0 
	Parameter P[ZBKC_SUPPORTED] bound to: 1'b0 
	Parameter P[ZBKX_SUPPORTED] bound to: 1'b0 
	Parameter P[ZKND_SUPPORTED] bound to: 1'b0 
	Parameter P[ZKNE_SUPPORTED] bound to: 1'b0 
	Parameter P[ZKNH_SUPPORTED] bound to: 1'b0 
	Parameter P[ZKN_SUPPORTED] bound to: 1'b0 
	Parameter P[USE_SRAM] bound to: 1'b1 
	Parameter P[M_MODE] bound to: 2'b00 
	Parameter P[S_MODE] bound to: 2'b01 
	Parameter P[U_MODE] bound to: 2'b10 
	Parameter P[VPN_SEGMENT_BITS] bound to: 32'sb00000000000000000000000000000011 
	Parameter P[VPN_BITS] bound to: 32'sb00000000000000000000000000000100 
	Parameter P[PPN_BITS] bound to: 32'sb00000000000000000000000000100000 
	Parameter P[PA_BITS] bound to: 32'sb00000000000000000000000001000000 
	Parameter P[SVMODE_BITS] bound to: 32'sb00000000000000000000000000000011 
	Parameter P[ASID_BASE] bound to: 32'sb00000000000000000000000000000100 
	Parameter P[ASID_BITS] bound to: 32'sb00000000000000000000000000000100 
	Parameter P[NO_TRANSLATE] bound to: 4'b0011 
	Parameter P[SV32] bound to: 4'b0000 
	Parameter P[SV39] bound to: 4'b0001 
	Parameter P[SV48] bound to: 4'b0010 
	Parameter P[A_SUPPORTED] bound to: 1'b0 
	Parameter P[B_SUPPORTED] bound to: 1'b0 
	Parameter P[C_SUPPORTED] bound to: 1'b0 
	Parameter P[D_SUPPORTED] bound to: 1'b0 
	Parameter P[E_SUPPORTED] bound to: 1'b0 
	Parameter P[F_SUPPORTED] bound to: 1'b0 
	Parameter P[I_SUPPORTED] bound to: 1'b0 
	Parameter P[M_SUPPORTED] bound to: 1'b1 
	Parameter P[Q_SUPPORTED] bound to: 1'b0 
	Parameter P[S_SUPPORTED] bound to: 1'b1 
	Parameter P[U_SUPPORTED] bound to: 1'b1 
	Parameter P[LOG_XLEN] bound to: 32'sb00000000000000000000000000000110 
	Parameter P[FLEN] bound to: 32'sb00000000000000000000000001000000 
	Parameter P[LLEN] bound to: 32'sb00000000000000000000000001000000 
INFO: [Synth 8-6157] synthesizing module 'controllerinput' [/home/ishfisav/wally_1/wally_1.srcs/sources_1/imports/cvw/src/ebu/controllerinput.sv:35]
	Parameter PA_BITS bound to: 64 - type: integer 
INFO: [Synth 8-6157] synthesizing module 'flopenr__parameterized2' [/home/ishfisav/wally_1/wally_1.srcs/sources_1/imports/cvw/src/generic/flop/flopenr.sv:28]
	Parameter WIDTH bound to: 73 - type: integer 
INFO: [Synth 8-6155] done synthesizing module 'flopenr__parameterized2' (0#1) [/home/ishfisav/wally_1/wally_1.srcs/sources_1/imports/cvw/src/generic/flop/flopenr.sv:28]
INFO: [Synth 8-6157] synthesizing module 'mux2__parameterized0' [/home/ishfisav/wally_1/wally_1.srcs/sources_1/imports/cvw/src/generic/mux.sv:30]
	Parameter WIDTH bound to: 73 - type: integer 
INFO: [Synth 8-6155] done synthesizing module 'mux2__parameterized0' (0#1) [/home/ishfisav/wally_1/wally_1.srcs/sources_1/imports/cvw/src/generic/mux.sv:30]
INFO: [Synth 8-6155] done synthesizing module 'controllerinput' (0#1) [/home/ishfisav/wally_1/wally_1.srcs/sources_1/imports/cvw/src/ebu/controllerinput.sv:35]
INFO: [Synth 8-6157] synthesizing module 'controllerinput__parameterized0' [/home/ishfisav/wally_1/wally_1.srcs/sources_1/imports/cvw/src/ebu/controllerinput.sv:35]
	Parameter PA_BITS bound to: 64 - type: integer 
	Parameter SAVE_ENABLED bound to: 0 - type: integer 
INFO: [Synth 8-6155] done synthesizing module 'controllerinput__parameterized0' (0#1) [/home/ishfisav/wally_1/wally_1.srcs/sources_1/imports/cvw/src/ebu/controllerinput.sv:35]
INFO: [Synth 8-6157] synthesizing module 'ebufsmarb' [/home/ishfisav/wally_1/wally_1.srcs/sources_1/imports/cvw/src/ebu/ebufsmarb.sv:32]
INFO: [Synth 8-6157] synthesizing module 'flopenl__parameterized0' [/home/ishfisav/wally_1/wally_1.srcs/sources_1/imports/cvw/src/generic/flop/flopenl.sv:28]
INFO: [Synth 8-6155] done synthesizing module 'flopenl__parameterized0' (0#1) [/home/ishfisav/wally_1/wally_1.srcs/sources_1/imports/cvw/src/generic/flop/flopenl.sv:28]
INFO: [Synth 8-6157] synthesizing module 'counter' [/home/ishfisav/wally_1/wally_1.srcs/sources_1/imports/cvw/src/generic/counter.sv:28]
	Parameter WIDTH bound to: 4 - type: integer 
INFO: [Synth 8-6157] synthesizing module 'flopenr__parameterized3' [/home/ishfisav/wally_1/wally_1.srcs/sources_1/imports/cvw/src/generic/flop/flopenr.sv:28]
	Parameter WIDTH bound to: 4 - type: integer 
INFO: [Synth 8-6155] done synthesizing module 'flopenr__parameterized3' (0#1) [/home/ishfisav/wally_1/wally_1.srcs/sources_1/imports/cvw/src/generic/flop/flopenr.sv:28]
INFO: [Synth 8-6155] done synthesizing module 'counter' (0#1) [/home/ishfisav/wally_1/wally_1.srcs/sources_1/imports/cvw/src/generic/counter.sv:28]
INFO: [Synth 8-6155] done synthesizing module 'ebufsmarb' (0#1) [/home/ishfisav/wally_1/wally_1.srcs/sources_1/imports/cvw/src/ebu/ebufsmarb.sv:32]
INFO: [Synth 8-6155] done synthesizing module 'ebu' (0#1) [/home/ishfisav/wally_1/wally_1.srcs/sources_1/imports/cvw/src/ebu/ebu.sv:35]
INFO: [Synth 8-6157] synthesizing module 'privileged' [/home/ishfisav/wally_1/wally_1.srcs/sources_1/imports/cvw/src/privileged/privileged.sv:31]
	Parameter P[XLEN] bound to: 32'sb00000000000000000000000001000000 
	Parameter P[IEEE754] bound to: 1'b0 
	Parameter P[MISA] bound to: 32'sb00000000000000000000000000000000 
	Parameter P[AHBW] bound to: 32'sb00000000000000000000000001000000 
	Parameter P[RAM_LATENCY] bound to: 32'sb00000000000000000000000000000000 
	Parameter P[BURST_EN] bound to: 1'b1 
	Parameter P[ZICSR_SUPPORTED] bound to: 1'b1 
	Parameter P[ZIFENCEI_SUPPORTED] bound to: 1'b1 
	Parameter P[COUNTERS] bound to: 12'b000000100000 
	Parameter P[ZICNTR_SUPPORTED] bound to: 1'b1 
	Parameter P[ZIHPM_SUPPORTED] bound to: 1'b1 
	Parameter P[ZFH_SUPPORTED] bound to: 1'b1 
	Parameter P[ZFA_SUPPORTED] bound to: 1'b1 
	Parameter P[SSTC_SUPPORTED] bound to: 1'b1 
	Parameter P[VIRTMEM_SUPPORTED] bound to: 1'b1 
	Parameter P[VECTORED_INTERRUPTS_SUPPORTED] bound to: 1'b1 
	Parameter P[BIGENDIAN_SUPPORTED] bound to: 1'b1 
	Parameter P[SVADU_SUPPORTED] bound to: 1'b1 
	Parameter P[ZMMUL_SUPPORTED] bound to: 1'b1 
	Parameter P[ZICBOM_SUPPORTED] bound to: 1'b1 
	Parameter P[ZICBOZ_SUPPORTED] bound to: 1'b1 
	Parameter P[ZICBOP_SUPPORTED] bound to: 1'b1 
	Parameter P[ZICCLSM_SUPPORTED] bound to: 1'b1 
	Parameter P[ZICOND_SUPPORTED] bound to: 1'b1 
	Parameter P[SVPBMT_SUPPORTED] bound to: 1'b1 
	Parameter P[SVNAPOT_SUPPORTED] bound to: 1'b1 
	Parameter P[SVINVAL_SUPPORTED] bound to: 1'b1 
	Parameter P[ZAAMO_SUPPORTED] bound to: 1'b1 
	Parameter P[ZALRSC_SUPPORTED] bound to: 1'b1 
	Parameter P[BUS_SUPPORTED] bound to: 1'b1 
	Parameter P[DCACHE_SUPPORTED] bound to: 1'b1 
	Parameter P[ICACHE_SUPPORTED] bound to: 1'b1 
	Parameter P[ITLB_ENTRIES] bound to: 32'sb00000000000000000000000000100000 
	Parameter P[DTLB_ENTRIES] bound to: 32'sb00000000000000000000000000100000 
	Parameter P[DCACHE_NUMWAYS] bound to: 32'sb00000000000000000000000000000100 
	Parameter P[DCACHE_WAYSIZEINBYTES] bound to: 32'sb00000000000000000001000000000000 
	Parameter P[DCACHE_LINELENINBITS] bound to: 32'sb00000000000000000000001000000000 
	Parameter P[ICACHE_NUMWAYS] bound to: 32'sb00000000000000000000000000000100 
	Parameter P[ICACHE_WAYSIZEINBYTES] bound to: 32'sb00000000000000000001000000000000 
	Parameter P[ICACHE_LINELENINBITS] bound to: 32'sb00000000000000000000001000000000 
	Parameter P[CACHE_SRAMLEN] bound to: 32'sb00000000000000000000000010000000 
	Parameter P[IDIV_BITSPERCYCLE] bound to: 32'sb00000000000000000000000000000100 
	Parameter P[IDIV_ON_FPU] bound to: 1'b1 
	Parameter P[PMP_ENTRIES] bound to: 32'sb00000000000000000000000000010000 
	Parameter P[RESET_VECTOR] bound to: 64'b0000000000000000000000000000000010000000000000000000000000000000 
	Parameter P[WFI_TIMEOUT_BIT] bound to: 32'sb00000000000000000000000000010000 
	Parameter P[DTIM_SUPPORTED] bound to: 1'b0 
	Parameter P[DTIM_BASE] bound to: 64'b0000000000000000000000000000000010000000000000000000000000000000 
	Parameter P[DTIM_RANGE] bound to: 64'b0000000000000000000000000000000000000000011111111111111111111111 
	Parameter P[IROM_SUPPORTED] bound to: 1'b0 
	Parameter P[IROM_BASE] bound to: 64'b0000000000000000000000000000000010000000000000000000000000000000 
	Parameter P[IROM_RANGE] bound to: 64'b0000000000000000000000000000000000000000011111111111111111111111 
	Parameter P[BOOTROM_SUPPORTED] bound to: 1'b0 
	Parameter P[BOOTROM_BASE] bound to: 64'b0000000000000000000000000000000000000000000000000001000000000000 
	Parameter P[BOOTROM_RANGE] bound to: 64'b0000000000000000000000000000000000000000000000000000111111111111 
	Parameter P[BOOTROM_PRELOAD] bound to: 1'b0 
	Parameter P[UNCORE_RAM_SUPPORTED] bound to: 1'b1 
	Parameter P[UNCORE_RAM_BASE] bound to: 64'b0000000000000000000000000000000010000000000000000000000000000000 
	Parameter P[UNCORE_RAM_RANGE] bound to: 64'b0000000000000000000000000000000000000000000000001001000000000000 
	Parameter P[UNCORE_RAM_PRELOAD] bound to: 1'b0 
	Parameter P[EXT_MEM_SUPPORTED] bound to: 1'b0 
	Parameter P[EXT_MEM_BASE] bound to: 64'b0000000000000000000000000000000010000000000000000000000000000000 
	Parameter P[EXT_MEM_RANGE] bound to: 64'b0000000000000000000000000000000000000111111111111111111111111111 
	Parameter P[CLINT_SUPPORTED] bound to: 1'b0 
	Parameter P[CLINT_BASE] bound to: 64'b0000000000000000000000000000000000000010000000000000000000000000 
	Parameter P[CLINT_RANGE] bound to: 64'b0000000000000000000000000000000000000000000000001111111111111111 
	Parameter P[GPIO_SUPPORTED] bound to: 1'b0 
	Parameter P[GPIO_BASE] bound to: 64'b0000000000000000000000000000000000010000000001100000000000000000 
	Parameter P[GPIO_RANGE] bound to: 64'b0000000000000000000000000000000000000000000000000000000011111111 
	Parameter P[UART_SUPPORTED] bound to: 1'b1 
	Parameter P[UART_BASE] bound to: 64'b0000000000000000000000000000000000010000000000000000000000000000 
	Parameter P[UART_RANGE] bound to: 64'b0000000000000000000000000000000000000000000000000000000000000111 
	Parameter P[PLIC_SUPPORTED] bound to: 1'b0 
	Parameter P[PLIC_BASE] bound to: 64'b0000000000000000000000000000000000001100000000000000000000000000 
	Parameter P[PLIC_RANGE] bound to: 64'b0000000000000000000000000000000000000011111111111111111111111111 
	Parameter P[SDC_SUPPORTED] bound to: 1'b0 
	Parameter P[SDC_BASE] bound to: 64'b0000000000000000000000000000000000000000000000010011000000000000 
	Parameter P[SDC_RANGE] bound to: 64'b0000000000000000000000000000000000000000000000000000000001111111 
	Parameter P[SPI_SUPPORTED] bound to: 1'b0 
	Parameter P[SPI_BASE] bound to: 64'b0000000000000000000000000000000000010000000001000000000000000000 
	Parameter P[SPI_RANGE] bound to: 64'b0000000000000000000000000000000000000000000000000000111111111111 
	Parameter P[GPIO_LOOPBACK_TEST] bound to: 1'b0 
	Parameter P[SPI_LOOPBACK_TEST] bound to: 1'b1 
	Parameter P[UART_PRESCALE] bound to: 32'sb00000000000000000000000000000001 
	Parameter P[PLIC_NUM_SRC] bound to: 32'sb00000000000000000000000000001010 
	Parameter P[PLIC_NUM_SRC_LT_32] bound to: 1'b1 
	Parameter P[PLIC_GPIO_ID] bound to: 32'sb00000000000000000000000000000011 
	Parameter P[PLIC_UART_ID] bound to: 32'sb00000000000000000000000000001010 
	Parameter P[PLIC_SPI_ID] bound to: 32'sb00000000000000000000000000000110 
	Parameter P[PLIC_SDC_ID] bound to: 32'sb00000000000000000000000000001001 
	Parameter P[BPRED_SUPPORTED] bound to: 1'b1 
	Parameter P[BPRED_TYPE] bound to: 32'b00000000000000000000000000000100 
	Parameter P[BPRED_NUM_LHR] bound to: 32'sb00000000000000000000000000000110 
	Parameter P[BPRED_SIZE] bound to: 32'sb00000000000000000000000000001010 
	Parameter P[BTB_SIZE] bound to: 32'sb00000000000000000000000000001010 
	Parameter P[RAS_SIZE] bound to: 32'sb00000000000000000000000000010000 
	Parameter P[INSTR_CLASS_PRED] bound to: 1'b1 
	Parameter P[RADIX] bound to: 32'sb00000000000000000000000000000100 
	Parameter P[DIVCOPIES] bound to: 32'sb00000000000000000000000000000100 
	Parameter P[ZBA_SUPPORTED] bound to: 1'b0 
	Parameter P[ZBB_SUPPORTED] bound to: 1'b1 
	Parameter P[ZBC_SUPPORTED] bound to: 1'b0 
	Parameter P[ZBS_SUPPORTED] bound to: 1'b0 
	Parameter P[ZCA_SUPPORTED] bound to: 1'b1 
	Parameter P[ZCB_SUPPORTED] bound to: 1'b0 
	Parameter P[ZCD_SUPPORTED] bound to: 1'b0 
	Parameter P[ZCF_SUPPORTED] bound to: 1'b1 
	Parameter P[ZBKB_SUPPORTED] bound to: 1'b0 
	Parameter P[ZBKC_SUPPORTED] bound to: 1'b0 
	Parameter P[ZBKX_SUPPORTED] bound to: 1'b0 
	Parameter P[ZKND_SUPPORTED] bound to: 1'b0 
	Parameter P[ZKNE_SUPPORTED] bound to: 1'b0 
	Parameter P[ZKNH_SUPPORTED] bound to: 1'b0 
	Parameter P[ZKN_SUPPORTED] bound to: 1'b0 
	Parameter P[USE_SRAM] bound to: 1'b1 
	Parameter P[M_MODE] bound to: 2'b00 
	Parameter P[S_MODE] bound to: 2'b01 
	Parameter P[U_MODE] bound to: 2'b10 
	Parameter P[VPN_SEGMENT_BITS] bound to: 32'sb00000000000000000000000000000011 
	Parameter P[VPN_BITS] bound to: 32'sb00000000000000000000000000000100 
	Parameter P[PPN_BITS] bound to: 32'sb00000000000000000000000000100000 
	Parameter P[PA_BITS] bound to: 32'sb00000000000000000000000001000000 
	Parameter P[SVMODE_BITS] bound to: 32'sb00000000000000000000000000000011 
	Parameter P[ASID_BASE] bound to: 32'sb00000000000000000000000000000100 
	Parameter P[ASID_BITS] bound to: 32'sb00000000000000000000000000000100 
	Parameter P[NO_TRANSLATE] bound to: 4'b0011 
	Parameter P[SV32] bound to: 4'b0000 
	Parameter P[SV39] bound to: 4'b0001 
	Parameter P[SV48] bound to: 4'b0010 
	Parameter P[A_SUPPORTED] bound to: 1'b0 
	Parameter P[B_SUPPORTED] bound to: 1'b0 
	Parameter P[C_SUPPORTED] bound to: 1'b0 
	Parameter P[D_SUPPORTED] bound to: 1'b0 
	Parameter P[E_SUPPORTED] bound to: 1'b0 
	Parameter P[F_SUPPORTED] bound to: 1'b0 
	Parameter P[I_SUPPORTED] bound to: 1'b0 
	Parameter P[M_SUPPORTED] bound to: 1'b1 
	Parameter P[Q_SUPPORTED] bound to: 1'b0 
	Parameter P[S_SUPPORTED] bound to: 1'b1 
	Parameter P[U_SUPPORTED] bound to: 1'b1 
	Parameter P[LOG_XLEN] bound to: 32'sb00000000000000000000000000000110 
	Parameter P[FLEN] bound to: 32'sb00000000000000000000000001000000 
	Parameter P[LLEN] bound to: 32'sb00000000000000000000000001000000 
INFO: [Synth 8-6157] synthesizing module 'privmode' [/home/ishfisav/wally_1/wally_1.srcs/sources_1/imports/cvw/src/privileged/privmode.sv:30]
	Parameter P[XLEN] bound to: 32'sb00000000000000000000000001000000 
	Parameter P[IEEE754] bound to: 1'b0 
	Parameter P[MISA] bound to: 32'sb00000000000000000000000000000000 
	Parameter P[AHBW] bound to: 32'sb00000000000000000000000001000000 
	Parameter P[RAM_LATENCY] bound to: 32'sb00000000000000000000000000000000 
	Parameter P[BURST_EN] bound to: 1'b1 
	Parameter P[ZICSR_SUPPORTED] bound to: 1'b1 
	Parameter P[ZIFENCEI_SUPPORTED] bound to: 1'b1 
	Parameter P[COUNTERS] bound to: 12'b000000100000 
	Parameter P[ZICNTR_SUPPORTED] bound to: 1'b1 
	Parameter P[ZIHPM_SUPPORTED] bound to: 1'b1 
	Parameter P[ZFH_SUPPORTED] bound to: 1'b1 
	Parameter P[ZFA_SUPPORTED] bound to: 1'b1 
	Parameter P[SSTC_SUPPORTED] bound to: 1'b1 
	Parameter P[VIRTMEM_SUPPORTED] bound to: 1'b1 
	Parameter P[VECTORED_INTERRUPTS_SUPPORTED] bound to: 1'b1 
	Parameter P[BIGENDIAN_SUPPORTED] bound to: 1'b1 
	Parameter P[SVADU_SUPPORTED] bound to: 1'b1 
	Parameter P[ZMMUL_SUPPORTED] bound to: 1'b1 
	Parameter P[ZICBOM_SUPPORTED] bound to: 1'b1 
	Parameter P[ZICBOZ_SUPPORTED] bound to: 1'b1 
	Parameter P[ZICBOP_SUPPORTED] bound to: 1'b1 
	Parameter P[ZICCLSM_SUPPORTED] bound to: 1'b1 
	Parameter P[ZICOND_SUPPORTED] bound to: 1'b1 
	Parameter P[SVPBMT_SUPPORTED] bound to: 1'b1 
	Parameter P[SVNAPOT_SUPPORTED] bound to: 1'b1 
	Parameter P[SVINVAL_SUPPORTED] bound to: 1'b1 
	Parameter P[ZAAMO_SUPPORTED] bound to: 1'b1 
	Parameter P[ZALRSC_SUPPORTED] bound to: 1'b1 
	Parameter P[BUS_SUPPORTED] bound to: 1'b1 
	Parameter P[DCACHE_SUPPORTED] bound to: 1'b1 
	Parameter P[ICACHE_SUPPORTED] bound to: 1'b1 
	Parameter P[ITLB_ENTRIES] bound to: 32'sb00000000000000000000000000100000 
	Parameter P[DTLB_ENTRIES] bound to: 32'sb00000000000000000000000000100000 
	Parameter P[DCACHE_NUMWAYS] bound to: 32'sb00000000000000000000000000000100 
	Parameter P[DCACHE_WAYSIZEINBYTES] bound to: 32'sb00000000000000000001000000000000 
	Parameter P[DCACHE_LINELENINBITS] bound to: 32'sb00000000000000000000001000000000 
	Parameter P[ICACHE_NUMWAYS] bound to: 32'sb00000000000000000000000000000100 
	Parameter P[ICACHE_WAYSIZEINBYTES] bound to: 32'sb00000000000000000001000000000000 
	Parameter P[ICACHE_LINELENINBITS] bound to: 32'sb00000000000000000000001000000000 
	Parameter P[CACHE_SRAMLEN] bound to: 32'sb00000000000000000000000010000000 
	Parameter P[IDIV_BITSPERCYCLE] bound to: 32'sb00000000000000000000000000000100 
	Parameter P[IDIV_ON_FPU] bound to: 1'b1 
	Parameter P[PMP_ENTRIES] bound to: 32'sb00000000000000000000000000010000 
	Parameter P[RESET_VECTOR] bound to: 64'b0000000000000000000000000000000010000000000000000000000000000000 
	Parameter P[WFI_TIMEOUT_BIT] bound to: 32'sb00000000000000000000000000010000 
	Parameter P[DTIM_SUPPORTED] bound to: 1'b0 
	Parameter P[DTIM_BASE] bound to: 64'b0000000000000000000000000000000010000000000000000000000000000000 
	Parameter P[DTIM_RANGE] bound to: 64'b0000000000000000000000000000000000000000011111111111111111111111 
	Parameter P[IROM_SUPPORTED] bound to: 1'b0 
	Parameter P[IROM_BASE] bound to: 64'b0000000000000000000000000000000010000000000000000000000000000000 
	Parameter P[IROM_RANGE] bound to: 64'b0000000000000000000000000000000000000000011111111111111111111111 
	Parameter P[BOOTROM_SUPPORTED] bound to: 1'b0 
	Parameter P[BOOTROM_BASE] bound to: 64'b0000000000000000000000000000000000000000000000000001000000000000 
	Parameter P[BOOTROM_RANGE] bound to: 64'b0000000000000000000000000000000000000000000000000000111111111111 
	Parameter P[BOOTROM_PRELOAD] bound to: 1'b0 
	Parameter P[UNCORE_RAM_SUPPORTED] bound to: 1'b1 
	Parameter P[UNCORE_RAM_BASE] bound to: 64'b0000000000000000000000000000000010000000000000000000000000000000 
	Parameter P[UNCORE_RAM_RANGE] bound to: 64'b0000000000000000000000000000000000000000000000001001000000000000 
	Parameter P[UNCORE_RAM_PRELOAD] bound to: 1'b0 
	Parameter P[EXT_MEM_SUPPORTED] bound to: 1'b0 
	Parameter P[EXT_MEM_BASE] bound to: 64'b0000000000000000000000000000000010000000000000000000000000000000 
	Parameter P[EXT_MEM_RANGE] bound to: 64'b0000000000000000000000000000000000000111111111111111111111111111 
	Parameter P[CLINT_SUPPORTED] bound to: 1'b0 
	Parameter P[CLINT_BASE] bound to: 64'b0000000000000000000000000000000000000010000000000000000000000000 
	Parameter P[CLINT_RANGE] bound to: 64'b0000000000000000000000000000000000000000000000001111111111111111 
	Parameter P[GPIO_SUPPORTED] bound to: 1'b0 
	Parameter P[GPIO_BASE] bound to: 64'b0000000000000000000000000000000000010000000001100000000000000000 
	Parameter P[GPIO_RANGE] bound to: 64'b0000000000000000000000000000000000000000000000000000000011111111 
	Parameter P[UART_SUPPORTED] bound to: 1'b1 
	Parameter P[UART_BASE] bound to: 64'b0000000000000000000000000000000000010000000000000000000000000000 
	Parameter P[UART_RANGE] bound to: 64'b0000000000000000000000000000000000000000000000000000000000000111 
	Parameter P[PLIC_SUPPORTED] bound to: 1'b0 
	Parameter P[PLIC_BASE] bound to: 64'b0000000000000000000000000000000000001100000000000000000000000000 
	Parameter P[PLIC_RANGE] bound to: 64'b0000000000000000000000000000000000000011111111111111111111111111 
	Parameter P[SDC_SUPPORTED] bound to: 1'b0 
	Parameter P[SDC_BASE] bound to: 64'b0000000000000000000000000000000000000000000000010011000000000000 
	Parameter P[SDC_RANGE] bound to: 64'b0000000000000000000000000000000000000000000000000000000001111111 
	Parameter P[SPI_SUPPORTED] bound to: 1'b0 
	Parameter P[SPI_BASE] bound to: 64'b0000000000000000000000000000000000010000000001000000000000000000 
	Parameter P[SPI_RANGE] bound to: 64'b0000000000000000000000000000000000000000000000000000111111111111 
	Parameter P[GPIO_LOOPBACK_TEST] bound to: 1'b0 
	Parameter P[SPI_LOOPBACK_TEST] bound to: 1'b1 
	Parameter P[UART_PRESCALE] bound to: 32'sb00000000000000000000000000000001 
	Parameter P[PLIC_NUM_SRC] bound to: 32'sb00000000000000000000000000001010 
	Parameter P[PLIC_NUM_SRC_LT_32] bound to: 1'b1 
	Parameter P[PLIC_GPIO_ID] bound to: 32'sb00000000000000000000000000000011 
	Parameter P[PLIC_UART_ID] bound to: 32'sb00000000000000000000000000001010 
	Parameter P[PLIC_SPI_ID] bound to: 32'sb00000000000000000000000000000110 
	Parameter P[PLIC_SDC_ID] bound to: 32'sb00000000000000000000000000001001 
	Parameter P[BPRED_SUPPORTED] bound to: 1'b1 
	Parameter P[BPRED_TYPE] bound to: 32'b00000000000000000000000000000100 
	Parameter P[BPRED_NUM_LHR] bound to: 32'sb00000000000000000000000000000110 
	Parameter P[BPRED_SIZE] bound to: 32'sb00000000000000000000000000001010 
	Parameter P[BTB_SIZE] bound to: 32'sb00000000000000000000000000001010 
	Parameter P[RAS_SIZE] bound to: 32'sb00000000000000000000000000010000 
	Parameter P[INSTR_CLASS_PRED] bound to: 1'b1 
	Parameter P[RADIX] bound to: 32'sb00000000000000000000000000000100 
	Parameter P[DIVCOPIES] bound to: 32'sb00000000000000000000000000000100 
	Parameter P[ZBA_SUPPORTED] bound to: 1'b0 
	Parameter P[ZBB_SUPPORTED] bound to: 1'b1 
	Parameter P[ZBC_SUPPORTED] bound to: 1'b0 
	Parameter P[ZBS_SUPPORTED] bound to: 1'b0 
	Parameter P[ZCA_SUPPORTED] bound to: 1'b1 
	Parameter P[ZCB_SUPPORTED] bound to: 1'b0 
	Parameter P[ZCD_SUPPORTED] bound to: 1'b0 
	Parameter P[ZCF_SUPPORTED] bound to: 1'b1 
	Parameter P[ZBKB_SUPPORTED] bound to: 1'b0 
	Parameter P[ZBKC_SUPPORTED] bound to: 1'b0 
	Parameter P[ZBKX_SUPPORTED] bound to: 1'b0 
	Parameter P[ZKND_SUPPORTED] bound to: 1'b0 
	Parameter P[ZKNE_SUPPORTED] bound to: 1'b0 
	Parameter P[ZKNH_SUPPORTED] bound to: 1'b0 
	Parameter P[ZKN_SUPPORTED] bound to: 1'b0 
	Parameter P[USE_SRAM] bound to: 1'b1 
	Parameter P[M_MODE] bound to: 2'b00 
	Parameter P[S_MODE] bound to: 2'b01 
	Parameter P[U_MODE] bound to: 2'b10 
	Parameter P[VPN_SEGMENT_BITS] bound to: 32'sb00000000000000000000000000000011 
	Parameter P[VPN_BITS] bound to: 32'sb00000000000000000000000000000100 
	Parameter P[PPN_BITS] bound to: 32'sb00000000000000000000000000100000 
	Parameter P[PA_BITS] bound to: 32'sb00000000000000000000000001000000 
	Parameter P[SVMODE_BITS] bound to: 32'sb00000000000000000000000000000011 
	Parameter P[ASID_BASE] bound to: 32'sb00000000000000000000000000000100 
	Parameter P[ASID_BITS] bound to: 32'sb00000000000000000000000000000100 
	Parameter P[NO_TRANSLATE] bound to: 4'b0011 
	Parameter P[SV32] bound to: 4'b0000 
	Parameter P[SV39] bound to: 4'b0001 
	Parameter P[SV48] bound to: 4'b0010 
	Parameter P[A_SUPPORTED] bound to: 1'b0 
	Parameter P[B_SUPPORTED] bound to: 1'b0 
	Parameter P[C_SUPPORTED] bound to: 1'b0 
	Parameter P[D_SUPPORTED] bound to: 1'b0 
	Parameter P[E_SUPPORTED] bound to: 1'b0 
	Parameter P[F_SUPPORTED] bound to: 1'b0 
	Parameter P[I_SUPPORTED] bound to: 1'b0 
	Parameter P[M_SUPPORTED] bound to: 1'b1 
	Parameter P[Q_SUPPORTED] bound to: 1'b0 
	Parameter P[S_SUPPORTED] bound to: 1'b1 
	Parameter P[U_SUPPORTED] bound to: 1'b1 
	Parameter P[LOG_XLEN] bound to: 32'sb00000000000000000000000000000110 
	Parameter P[FLEN] bound to: 32'sb00000000000000000000000001000000 
	Parameter P[LLEN] bound to: 32'sb00000000000000000000000001000000 
INFO: [Synth 8-6157] synthesizing module 'flopenl__parameterized1' [/home/ishfisav/wally_1/wally_1.srcs/sources_1/imports/cvw/src/generic/flop/flopenl.sv:28]
	Parameter WIDTH bound to: 2 - type: integer 
INFO: [Synth 8-6155] done synthesizing module 'flopenl__parameterized1' (0#1) [/home/ishfisav/wally_1/wally_1.srcs/sources_1/imports/cvw/src/generic/flop/flopenl.sv:28]
INFO: [Synth 8-6155] done synthesizing module 'privmode' (0#1) [/home/ishfisav/wally_1/wally_1.srcs/sources_1/imports/cvw/src/privileged/privmode.sv:30]
INFO: [Synth 8-6157] synthesizing module 'privdec' [/home/ishfisav/wally_1/wally_1.srcs/sources_1/imports/cvw/src/privileged/privdec.sv:31]
	Parameter P[XLEN] bound to: 32'sb00000000000000000000000001000000 
	Parameter P[IEEE754] bound to: 1'b0 
	Parameter P[MISA] bound to: 32'sb00000000000000000000000000000000 
	Parameter P[AHBW] bound to: 32'sb00000000000000000000000001000000 
	Parameter P[RAM_LATENCY] bound to: 32'sb00000000000000000000000000000000 
	Parameter P[BURST_EN] bound to: 1'b1 
	Parameter P[ZICSR_SUPPORTED] bound to: 1'b1 
	Parameter P[ZIFENCEI_SUPPORTED] bound to: 1'b1 
	Parameter P[COUNTERS] bound to: 12'b000000100000 
	Parameter P[ZICNTR_SUPPORTED] bound to: 1'b1 
	Parameter P[ZIHPM_SUPPORTED] bound to: 1'b1 
	Parameter P[ZFH_SUPPORTED] bound to: 1'b1 
	Parameter P[ZFA_SUPPORTED] bound to: 1'b1 
	Parameter P[SSTC_SUPPORTED] bound to: 1'b1 
	Parameter P[VIRTMEM_SUPPORTED] bound to: 1'b1 
	Parameter P[VECTORED_INTERRUPTS_SUPPORTED] bound to: 1'b1 
	Parameter P[BIGENDIAN_SUPPORTED] bound to: 1'b1 
	Parameter P[SVADU_SUPPORTED] bound to: 1'b1 
	Parameter P[ZMMUL_SUPPORTED] bound to: 1'b1 
	Parameter P[ZICBOM_SUPPORTED] bound to: 1'b1 
	Parameter P[ZICBOZ_SUPPORTED] bound to: 1'b1 
	Parameter P[ZICBOP_SUPPORTED] bound to: 1'b1 
	Parameter P[ZICCLSM_SUPPORTED] bound to: 1'b1 
	Parameter P[ZICOND_SUPPORTED] bound to: 1'b1 
	Parameter P[SVPBMT_SUPPORTED] bound to: 1'b1 
	Parameter P[SVNAPOT_SUPPORTED] bound to: 1'b1 
	Parameter P[SVINVAL_SUPPORTED] bound to: 1'b1 
	Parameter P[ZAAMO_SUPPORTED] bound to: 1'b1 
	Parameter P[ZALRSC_SUPPORTED] bound to: 1'b1 
	Parameter P[BUS_SUPPORTED] bound to: 1'b1 
	Parameter P[DCACHE_SUPPORTED] bound to: 1'b1 
	Parameter P[ICACHE_SUPPORTED] bound to: 1'b1 
	Parameter P[ITLB_ENTRIES] bound to: 32'sb00000000000000000000000000100000 
	Parameter P[DTLB_ENTRIES] bound to: 32'sb00000000000000000000000000100000 
	Parameter P[DCACHE_NUMWAYS] bound to: 32'sb00000000000000000000000000000100 
	Parameter P[DCACHE_WAYSIZEINBYTES] bound to: 32'sb00000000000000000001000000000000 
	Parameter P[DCACHE_LINELENINBITS] bound to: 32'sb00000000000000000000001000000000 
	Parameter P[ICACHE_NUMWAYS] bound to: 32'sb00000000000000000000000000000100 
	Parameter P[ICACHE_WAYSIZEINBYTES] bound to: 32'sb00000000000000000001000000000000 
	Parameter P[ICACHE_LINELENINBITS] bound to: 32'sb00000000000000000000001000000000 
	Parameter P[CACHE_SRAMLEN] bound to: 32'sb00000000000000000000000010000000 
	Parameter P[IDIV_BITSPERCYCLE] bound to: 32'sb00000000000000000000000000000100 
	Parameter P[IDIV_ON_FPU] bound to: 1'b1 
	Parameter P[PMP_ENTRIES] bound to: 32'sb00000000000000000000000000010000 
	Parameter P[RESET_VECTOR] bound to: 64'b0000000000000000000000000000000010000000000000000000000000000000 
	Parameter P[WFI_TIMEOUT_BIT] bound to: 32'sb00000000000000000000000000010000 
	Parameter P[DTIM_SUPPORTED] bound to: 1'b0 
	Parameter P[DTIM_BASE] bound to: 64'b0000000000000000000000000000000010000000000000000000000000000000 
	Parameter P[DTIM_RANGE] bound to: 64'b0000000000000000000000000000000000000000011111111111111111111111 
	Parameter P[IROM_SUPPORTED] bound to: 1'b0 
	Parameter P[IROM_BASE] bound to: 64'b0000000000000000000000000000000010000000000000000000000000000000 
	Parameter P[IROM_RANGE] bound to: 64'b0000000000000000000000000000000000000000011111111111111111111111 
	Parameter P[BOOTROM_SUPPORTED] bound to: 1'b0 
	Parameter P[BOOTROM_BASE] bound to: 64'b0000000000000000000000000000000000000000000000000001000000000000 
	Parameter P[BOOTROM_RANGE] bound to: 64'b0000000000000000000000000000000000000000000000000000111111111111 
	Parameter P[BOOTROM_PRELOAD] bound to: 1'b0 
	Parameter P[UNCORE_RAM_SUPPORTED] bound to: 1'b1 
	Parameter P[UNCORE_RAM_BASE] bound to: 64'b0000000000000000000000000000000010000000000000000000000000000000 
	Parameter P[UNCORE_RAM_RANGE] bound to: 64'b0000000000000000000000000000000000000000000000001001000000000000 
	Parameter P[UNCORE_RAM_PRELOAD] bound to: 1'b0 
	Parameter P[EXT_MEM_SUPPORTED] bound to: 1'b0 
	Parameter P[EXT_MEM_BASE] bound to: 64'b0000000000000000000000000000000010000000000000000000000000000000 
	Parameter P[EXT_MEM_RANGE] bound to: 64'b0000000000000000000000000000000000000111111111111111111111111111 
	Parameter P[CLINT_SUPPORTED] bound to: 1'b0 
	Parameter P[CLINT_BASE] bound to: 64'b0000000000000000000000000000000000000010000000000000000000000000 
	Parameter P[CLINT_RANGE] bound to: 64'b0000000000000000000000000000000000000000000000001111111111111111 
	Parameter P[GPIO_SUPPORTED] bound to: 1'b0 
	Parameter P[GPIO_BASE] bound to: 64'b0000000000000000000000000000000000010000000001100000000000000000 
	Parameter P[GPIO_RANGE] bound to: 64'b0000000000000000000000000000000000000000000000000000000011111111 
	Parameter P[UART_SUPPORTED] bound to: 1'b1 
	Parameter P[UART_BASE] bound to: 64'b0000000000000000000000000000000000010000000000000000000000000000 
	Parameter P[UART_RANGE] bound to: 64'b0000000000000000000000000000000000000000000000000000000000000111 
	Parameter P[PLIC_SUPPORTED] bound to: 1'b0 
	Parameter P[PLIC_BASE] bound to: 64'b0000000000000000000000000000000000001100000000000000000000000000 
	Parameter P[PLIC_RANGE] bound to: 64'b0000000000000000000000000000000000000011111111111111111111111111 
	Parameter P[SDC_SUPPORTED] bound to: 1'b0 
	Parameter P[SDC_BASE] bound to: 64'b0000000000000000000000000000000000000000000000010011000000000000 
	Parameter P[SDC_RANGE] bound to: 64'b0000000000000000000000000000000000000000000000000000000001111111 
	Parameter P[SPI_SUPPORTED] bound to: 1'b0 
	Parameter P[SPI_BASE] bound to: 64'b0000000000000000000000000000000000010000000001000000000000000000 
	Parameter P[SPI_RANGE] bound to: 64'b0000000000000000000000000000000000000000000000000000111111111111 
	Parameter P[GPIO_LOOPBACK_TEST] bound to: 1'b0 
	Parameter P[SPI_LOOPBACK_TEST] bound to: 1'b1 
	Parameter P[UART_PRESCALE] bound to: 32'sb00000000000000000000000000000001 
	Parameter P[PLIC_NUM_SRC] bound to: 32'sb00000000000000000000000000001010 
	Parameter P[PLIC_NUM_SRC_LT_32] bound to: 1'b1 
	Parameter P[PLIC_GPIO_ID] bound to: 32'sb00000000000000000000000000000011 
	Parameter P[PLIC_UART_ID] bound to: 32'sb00000000000000000000000000001010 
	Parameter P[PLIC_SPI_ID] bound to: 32'sb00000000000000000000000000000110 
	Parameter P[PLIC_SDC_ID] bound to: 32'sb00000000000000000000000000001001 
	Parameter P[BPRED_SUPPORTED] bound to: 1'b1 
	Parameter P[BPRED_TYPE] bound to: 32'b00000000000000000000000000000100 
	Parameter P[BPRED_NUM_LHR] bound to: 32'sb00000000000000000000000000000110 
	Parameter P[BPRED_SIZE] bound to: 32'sb00000000000000000000000000001010 
	Parameter P[BTB_SIZE] bound to: 32'sb00000000000000000000000000001010 
	Parameter P[RAS_SIZE] bound to: 32'sb00000000000000000000000000010000 
	Parameter P[INSTR_CLASS_PRED] bound to: 1'b1 
	Parameter P[RADIX] bound to: 32'sb00000000000000000000000000000100 
	Parameter P[DIVCOPIES] bound to: 32'sb00000000000000000000000000000100 
	Parameter P[ZBA_SUPPORTED] bound to: 1'b0 
	Parameter P[ZBB_SUPPORTED] bound to: 1'b1 
	Parameter P[ZBC_SUPPORTED] bound to: 1'b0 
	Parameter P[ZBS_SUPPORTED] bound to: 1'b0 
	Parameter P[ZCA_SUPPORTED] bound to: 1'b1 
	Parameter P[ZCB_SUPPORTED] bound to: 1'b0 
	Parameter P[ZCD_SUPPORTED] bound to: 1'b0 
	Parameter P[ZCF_SUPPORTED] bound to: 1'b1 
	Parameter P[ZBKB_SUPPORTED] bound to: 1'b0 
	Parameter P[ZBKC_SUPPORTED] bound to: 1'b0 
	Parameter P[ZBKX_SUPPORTED] bound to: 1'b0 
	Parameter P[ZKND_SUPPORTED] bound to: 1'b0 
	Parameter P[ZKNE_SUPPORTED] bound to: 1'b0 
	Parameter P[ZKNH_SUPPORTED] bound to: 1'b0 
	Parameter P[ZKN_SUPPORTED] bound to: 1'b0 
	Parameter P[USE_SRAM] bound to: 1'b1 
	Parameter P[M_MODE] bound to: 2'b00 
	Parameter P[S_MODE] bound to: 2'b01 
	Parameter P[U_MODE] bound to: 2'b10 
	Parameter P[VPN_SEGMENT_BITS] bound to: 32'sb00000000000000000000000000000011 
	Parameter P[VPN_BITS] bound to: 32'sb00000000000000000000000000000100 
	Parameter P[PPN_BITS] bound to: 32'sb00000000000000000000000000100000 
	Parameter P[PA_BITS] bound to: 32'sb00000000000000000000000001000000 
	Parameter P[SVMODE_BITS] bound to: 32'sb00000000000000000000000000000011 
	Parameter P[ASID_BASE] bound to: 32'sb00000000000000000000000000000100 
	Parameter P[ASID_BITS] bound to: 32'sb00000000000000000000000000000100 
	Parameter P[NO_TRANSLATE] bound to: 4'b0011 
	Parameter P[SV32] bound to: 4'b0000 
	Parameter P[SV39] bound to: 4'b0001 
	Parameter P[SV48] bound to: 4'b0010 
	Parameter P[A_SUPPORTED] bound to: 1'b0 
	Parameter P[B_SUPPORTED] bound to: 1'b0 
	Parameter P[C_SUPPORTED] bound to: 1'b0 
	Parameter P[D_SUPPORTED] bound to: 1'b0 
	Parameter P[E_SUPPORTED] bound to: 1'b0 
	Parameter P[F_SUPPORTED] bound to: 1'b0 
	Parameter P[I_SUPPORTED] bound to: 1'b0 
	Parameter P[M_SUPPORTED] bound to: 1'b1 
	Parameter P[Q_SUPPORTED] bound to: 1'b0 
	Parameter P[S_SUPPORTED] bound to: 1'b1 
	Parameter P[U_SUPPORTED] bound to: 1'b1 
	Parameter P[LOG_XLEN] bound to: 32'sb00000000000000000000000000000110 
	Parameter P[FLEN] bound to: 32'sb00000000000000000000000001000000 
	Parameter P[LLEN] bound to: 32'sb00000000000000000000000001000000 
INFO: [Synth 8-6157] synthesizing module 'flopr__parameterized0' [/home/ishfisav/wally_1/wally_1.srcs/sources_1/imports/cvw/src/generic/flop/flopr.sv:28]
	Parameter WIDTH bound to: 17 - type: integer 
INFO: [Synth 8-6155] done synthesizing module 'flopr__parameterized0' (0#1) [/home/ishfisav/wally_1/wally_1.srcs/sources_1/imports/cvw/src/generic/flop/flopr.sv:28]
INFO: [Synth 8-6157] synthesizing module 'flopenrc' [/home/ishfisav/wally_1/wally_1.srcs/sources_1/imports/cvw/src/generic/flop/flopenrc.sv:28]
	Parameter WIDTH bound to: 1 - type: integer 
INFO: [Synth 8-6155] done synthesizing module 'flopenrc' (0#1) [/home/ishfisav/wally_1/wally_1.srcs/sources_1/imports/cvw/src/generic/flop/flopenrc.sv:28]
INFO: [Synth 8-6155] done synthesizing module 'privdec' (0#1) [/home/ishfisav/wally_1/wally_1.srcs/sources_1/imports/cvw/src/privileged/privdec.sv:31]
INFO: [Synth 8-6157] synthesizing module 'csr' [/home/ishfisav/wally_1/wally_1.srcs/sources_1/imports/cvw/src/privileged/csr.sv:32]
	Parameter P[XLEN] bound to: 32'sb00000000000000000000000001000000 
	Parameter P[IEEE754] bound to: 1'b0 
	Parameter P[MISA] bound to: 32'sb00000000000000000000000000000000 
	Parameter P[AHBW] bound to: 32'sb00000000000000000000000001000000 
	Parameter P[RAM_LATENCY] bound to: 32'sb00000000000000000000000000000000 
	Parameter P[BURST_EN] bound to: 1'b1 
	Parameter P[ZICSR_SUPPORTED] bound to: 1'b1 
	Parameter P[ZIFENCEI_SUPPORTED] bound to: 1'b1 
	Parameter P[COUNTERS] bound to: 12'b000000100000 
	Parameter P[ZICNTR_SUPPORTED] bound to: 1'b1 
	Parameter P[ZIHPM_SUPPORTED] bound to: 1'b1 
	Parameter P[ZFH_SUPPORTED] bound to: 1'b1 
	Parameter P[ZFA_SUPPORTED] bound to: 1'b1 
	Parameter P[SSTC_SUPPORTED] bound to: 1'b1 
	Parameter P[VIRTMEM_SUPPORTED] bound to: 1'b1 
	Parameter P[VECTORED_INTERRUPTS_SUPPORTED] bound to: 1'b1 
	Parameter P[BIGENDIAN_SUPPORTED] bound to: 1'b1 
	Parameter P[SVADU_SUPPORTED] bound to: 1'b1 
	Parameter P[ZMMUL_SUPPORTED] bound to: 1'b1 
	Parameter P[ZICBOM_SUPPORTED] bound to: 1'b1 
	Parameter P[ZICBOZ_SUPPORTED] bound to: 1'b1 
	Parameter P[ZICBOP_SUPPORTED] bound to: 1'b1 
	Parameter P[ZICCLSM_SUPPORTED] bound to: 1'b1 
	Parameter P[ZICOND_SUPPORTED] bound to: 1'b1 
	Parameter P[SVPBMT_SUPPORTED] bound to: 1'b1 
	Parameter P[SVNAPOT_SUPPORTED] bound to: 1'b1 
	Parameter P[SVINVAL_SUPPORTED] bound to: 1'b1 
	Parameter P[ZAAMO_SUPPORTED] bound to: 1'b1 
	Parameter P[ZALRSC_SUPPORTED] bound to: 1'b1 
	Parameter P[BUS_SUPPORTED] bound to: 1'b1 
	Parameter P[DCACHE_SUPPORTED] bound to: 1'b1 
	Parameter P[ICACHE_SUPPORTED] bound to: 1'b1 
	Parameter P[ITLB_ENTRIES] bound to: 32'sb00000000000000000000000000100000 
	Parameter P[DTLB_ENTRIES] bound to: 32'sb00000000000000000000000000100000 
	Parameter P[DCACHE_NUMWAYS] bound to: 32'sb00000000000000000000000000000100 
	Parameter P[DCACHE_WAYSIZEINBYTES] bound to: 32'sb00000000000000000001000000000000 
	Parameter P[DCACHE_LINELENINBITS] bound to: 32'sb00000000000000000000001000000000 
	Parameter P[ICACHE_NUMWAYS] bound to: 32'sb00000000000000000000000000000100 
	Parameter P[ICACHE_WAYSIZEINBYTES] bound to: 32'sb00000000000000000001000000000000 
	Parameter P[ICACHE_LINELENINBITS] bound to: 32'sb00000000000000000000001000000000 
	Parameter P[CACHE_SRAMLEN] bound to: 32'sb00000000000000000000000010000000 
	Parameter P[IDIV_BITSPERCYCLE] bound to: 32'sb00000000000000000000000000000100 
	Parameter P[IDIV_ON_FPU] bound to: 1'b1 
	Parameter P[PMP_ENTRIES] bound to: 32'sb00000000000000000000000000010000 
	Parameter P[RESET_VECTOR] bound to: 64'b0000000000000000000000000000000010000000000000000000000000000000 
	Parameter P[WFI_TIMEOUT_BIT] bound to: 32'sb00000000000000000000000000010000 
	Parameter P[DTIM_SUPPORTED] bound to: 1'b0 
	Parameter P[DTIM_BASE] bound to: 64'b0000000000000000000000000000000010000000000000000000000000000000 
	Parameter P[DTIM_RANGE] bound to: 64'b0000000000000000000000000000000000000000011111111111111111111111 
	Parameter P[IROM_SUPPORTED] bound to: 1'b0 
	Parameter P[IROM_BASE] bound to: 64'b0000000000000000000000000000000010000000000000000000000000000000 
	Parameter P[IROM_RANGE] bound to: 64'b0000000000000000000000000000000000000000011111111111111111111111 
	Parameter P[BOOTROM_SUPPORTED] bound to: 1'b0 
	Parameter P[BOOTROM_BASE] bound to: 64'b0000000000000000000000000000000000000000000000000001000000000000 
	Parameter P[BOOTROM_RANGE] bound to: 64'b0000000000000000000000000000000000000000000000000000111111111111 
	Parameter P[BOOTROM_PRELOAD] bound to: 1'b0 
	Parameter P[UNCORE_RAM_SUPPORTED] bound to: 1'b1 
	Parameter P[UNCORE_RAM_BASE] bound to: 64'b0000000000000000000000000000000010000000000000000000000000000000 
	Parameter P[UNCORE_RAM_RANGE] bound to: 64'b0000000000000000000000000000000000000000000000001001000000000000 
	Parameter P[UNCORE_RAM_PRELOAD] bound to: 1'b0 
	Parameter P[EXT_MEM_SUPPORTED] bound to: 1'b0 
	Parameter P[EXT_MEM_BASE] bound to: 64'b0000000000000000000000000000000010000000000000000000000000000000 
	Parameter P[EXT_MEM_RANGE] bound to: 64'b0000000000000000000000000000000000000111111111111111111111111111 
	Parameter P[CLINT_SUPPORTED] bound to: 1'b0 
	Parameter P[CLINT_BASE] bound to: 64'b0000000000000000000000000000000000000010000000000000000000000000 
	Parameter P[CLINT_RANGE] bound to: 64'b0000000000000000000000000000000000000000000000001111111111111111 
	Parameter P[GPIO_SUPPORTED] bound to: 1'b0 
	Parameter P[GPIO_BASE] bound to: 64'b0000000000000000000000000000000000010000000001100000000000000000 
	Parameter P[GPIO_RANGE] bound to: 64'b0000000000000000000000000000000000000000000000000000000011111111 
	Parameter P[UART_SUPPORTED] bound to: 1'b1 
	Parameter P[UART_BASE] bound to: 64'b0000000000000000000000000000000000010000000000000000000000000000 
	Parameter P[UART_RANGE] bound to: 64'b0000000000000000000000000000000000000000000000000000000000000111 
	Parameter P[PLIC_SUPPORTED] bound to: 1'b0 
	Parameter P[PLIC_BASE] bound to: 64'b0000000000000000000000000000000000001100000000000000000000000000 
	Parameter P[PLIC_RANGE] bound to: 64'b0000000000000000000000000000000000000011111111111111111111111111 
	Parameter P[SDC_SUPPORTED] bound to: 1'b0 
	Parameter P[SDC_BASE] bound to: 64'b0000000000000000000000000000000000000000000000010011000000000000 
	Parameter P[SDC_RANGE] bound to: 64'b0000000000000000000000000000000000000000000000000000000001111111 
	Parameter P[SPI_SUPPORTED] bound to: 1'b0 
	Parameter P[SPI_BASE] bound to: 64'b0000000000000000000000000000000000010000000001000000000000000000 
	Parameter P[SPI_RANGE] bound to: 64'b0000000000000000000000000000000000000000000000000000111111111111 
	Parameter P[GPIO_LOOPBACK_TEST] bound to: 1'b0 
	Parameter P[SPI_LOOPBACK_TEST] bound to: 1'b1 
	Parameter P[UART_PRESCALE] bound to: 32'sb00000000000000000000000000000001 
	Parameter P[PLIC_NUM_SRC] bound to: 32'sb00000000000000000000000000001010 
	Parameter P[PLIC_NUM_SRC_LT_32] bound to: 1'b1 
	Parameter P[PLIC_GPIO_ID] bound to: 32'sb00000000000000000000000000000011 
	Parameter P[PLIC_UART_ID] bound to: 32'sb00000000000000000000000000001010 
	Parameter P[PLIC_SPI_ID] bound to: 32'sb00000000000000000000000000000110 
	Parameter P[PLIC_SDC_ID] bound to: 32'sb00000000000000000000000000001001 
	Parameter P[BPRED_SUPPORTED] bound to: 1'b1 
	Parameter P[BPRED_TYPE] bound to: 32'b00000000000000000000000000000100 
	Parameter P[BPRED_NUM_LHR] bound to: 32'sb00000000000000000000000000000110 
	Parameter P[BPRED_SIZE] bound to: 32'sb00000000000000000000000000001010 
	Parameter P[BTB_SIZE] bound to: 32'sb00000000000000000000000000001010 
	Parameter P[RAS_SIZE] bound to: 32'sb00000000000000000000000000010000 
	Parameter P[INSTR_CLASS_PRED] bound to: 1'b1 
	Parameter P[RADIX] bound to: 32'sb00000000000000000000000000000100 
	Parameter P[DIVCOPIES] bound to: 32'sb00000000000000000000000000000100 
	Parameter P[ZBA_SUPPORTED] bound to: 1'b0 
	Parameter P[ZBB_SUPPORTED] bound to: 1'b1 
	Parameter P[ZBC_SUPPORTED] bound to: 1'b0 
	Parameter P[ZBS_SUPPORTED] bound to: 1'b0 
	Parameter P[ZCA_SUPPORTED] bound to: 1'b1 
	Parameter P[ZCB_SUPPORTED] bound to: 1'b0 
	Parameter P[ZCD_SUPPORTED] bound to: 1'b0 
	Parameter P[ZCF_SUPPORTED] bound to: 1'b1 
	Parameter P[ZBKB_SUPPORTED] bound to: 1'b0 
	Parameter P[ZBKC_SUPPORTED] bound to: 1'b0 
	Parameter P[ZBKX_SUPPORTED] bound to: 1'b0 
	Parameter P[ZKND_SUPPORTED] bound to: 1'b0 
	Parameter P[ZKNE_SUPPORTED] bound to: 1'b0 
	Parameter P[ZKNH_SUPPORTED] bound to: 1'b0 
	Parameter P[ZKN_SUPPORTED] bound to: 1'b0 
	Parameter P[USE_SRAM] bound to: 1'b1 
	Parameter P[M_MODE] bound to: 2'b00 
	Parameter P[S_MODE] bound to: 2'b01 
	Parameter P[U_MODE] bound to: 2'b10 
	Parameter P[VPN_SEGMENT_BITS] bound to: 32'sb00000000000000000000000000000011 
	Parameter P[VPN_BITS] bound to: 32'sb00000000000000000000000000000100 
	Parameter P[PPN_BITS] bound to: 32'sb00000000000000000000000000100000 
	Parameter P[PA_BITS] bound to: 32'sb00000000000000000000000001000000 
	Parameter P[SVMODE_BITS] bound to: 32'sb00000000000000000000000000000011 
	Parameter P[ASID_BASE] bound to: 32'sb00000000000000000000000000000100 
	Parameter P[ASID_BITS] bound to: 32'sb00000000000000000000000000000100 
	Parameter P[NO_TRANSLATE] bound to: 4'b0011 
	Parameter P[SV32] bound to: 4'b0000 
	Parameter P[SV39] bound to: 4'b0001 
	Parameter P[SV48] bound to: 4'b0010 
	Parameter P[A_SUPPORTED] bound to: 1'b0 
	Parameter P[B_SUPPORTED] bound to: 1'b0 
	Parameter P[C_SUPPORTED] bound to: 1'b0 
	Parameter P[D_SUPPORTED] bound to: 1'b0 
	Parameter P[E_SUPPORTED] bound to: 1'b0 
	Parameter P[F_SUPPORTED] bound to: 1'b0 
	Parameter P[I_SUPPORTED] bound to: 1'b0 
	Parameter P[M_SUPPORTED] bound to: 1'b1 
	Parameter P[Q_SUPPORTED] bound to: 1'b0 
	Parameter P[S_SUPPORTED] bound to: 1'b1 
	Parameter P[U_SUPPORTED] bound to: 1'b1 
	Parameter P[LOG_XLEN] bound to: 32'sb00000000000000000000000000000110 
	Parameter P[FLEN] bound to: 32'sb00000000000000000000000001000000 
	Parameter P[LLEN] bound to: 32'sb00000000000000000000000001000000 
INFO: [Synth 8-6157] synthesizing module 'csrs' [/home/ishfisav/wally_1/wally_1.srcs/sources_1/imports/cvw/src/privileged/csrs.sv:32]
	Parameter P[XLEN] bound to: 32'sb00000000000000000000000001000000 
	Parameter P[IEEE754] bound to: 1'b0 
	Parameter P[MISA] bound to: 32'sb00000000000000000000000000000000 
	Parameter P[AHBW] bound to: 32'sb00000000000000000000000001000000 
	Parameter P[RAM_LATENCY] bound to: 32'sb00000000000000000000000000000000 
	Parameter P[BURST_EN] bound to: 1'b1 
	Parameter P[ZICSR_SUPPORTED] bound to: 1'b1 
	Parameter P[ZIFENCEI_SUPPORTED] bound to: 1'b1 
	Parameter P[COUNTERS] bound to: 12'b000000100000 
	Parameter P[ZICNTR_SUPPORTED] bound to: 1'b1 
	Parameter P[ZIHPM_SUPPORTED] bound to: 1'b1 
	Parameter P[ZFH_SUPPORTED] bound to: 1'b1 
	Parameter P[ZFA_SUPPORTED] bound to: 1'b1 
	Parameter P[SSTC_SUPPORTED] bound to: 1'b1 
	Parameter P[VIRTMEM_SUPPORTED] bound to: 1'b1 
	Parameter P[VECTORED_INTERRUPTS_SUPPORTED] bound to: 1'b1 
	Parameter P[BIGENDIAN_SUPPORTED] bound to: 1'b1 
	Parameter P[SVADU_SUPPORTED] bound to: 1'b1 
	Parameter P[ZMMUL_SUPPORTED] bound to: 1'b1 
	Parameter P[ZICBOM_SUPPORTED] bound to: 1'b1 
	Parameter P[ZICBOZ_SUPPORTED] bound to: 1'b1 
	Parameter P[ZICBOP_SUPPORTED] bound to: 1'b1 
	Parameter P[ZICCLSM_SUPPORTED] bound to: 1'b1 
	Parameter P[ZICOND_SUPPORTED] bound to: 1'b1 
	Parameter P[SVPBMT_SUPPORTED] bound to: 1'b1 
	Parameter P[SVNAPOT_SUPPORTED] bound to: 1'b1 
	Parameter P[SVINVAL_SUPPORTED] bound to: 1'b1 
	Parameter P[ZAAMO_SUPPORTED] bound to: 1'b1 
	Parameter P[ZALRSC_SUPPORTED] bound to: 1'b1 
	Parameter P[BUS_SUPPORTED] bound to: 1'b1 
	Parameter P[DCACHE_SUPPORTED] bound to: 1'b1 
	Parameter P[ICACHE_SUPPORTED] bound to: 1'b1 
	Parameter P[ITLB_ENTRIES] bound to: 32'sb00000000000000000000000000100000 
	Parameter P[DTLB_ENTRIES] bound to: 32'sb00000000000000000000000000100000 
	Parameter P[DCACHE_NUMWAYS] bound to: 32'sb00000000000000000000000000000100 
	Parameter P[DCACHE_WAYSIZEINBYTES] bound to: 32'sb00000000000000000001000000000000 
	Parameter P[DCACHE_LINELENINBITS] bound to: 32'sb00000000000000000000001000000000 
	Parameter P[ICACHE_NUMWAYS] bound to: 32'sb00000000000000000000000000000100 
	Parameter P[ICACHE_WAYSIZEINBYTES] bound to: 32'sb00000000000000000001000000000000 
	Parameter P[ICACHE_LINELENINBITS] bound to: 32'sb00000000000000000000001000000000 
	Parameter P[CACHE_SRAMLEN] bound to: 32'sb00000000000000000000000010000000 
	Parameter P[IDIV_BITSPERCYCLE] bound to: 32'sb00000000000000000000000000000100 
	Parameter P[IDIV_ON_FPU] bound to: 1'b1 
	Parameter P[PMP_ENTRIES] bound to: 32'sb00000000000000000000000000010000 
	Parameter P[RESET_VECTOR] bound to: 64'b0000000000000000000000000000000010000000000000000000000000000000 
	Parameter P[WFI_TIMEOUT_BIT] bound to: 32'sb00000000000000000000000000010000 
	Parameter P[DTIM_SUPPORTED] bound to: 1'b0 
	Parameter P[DTIM_BASE] bound to: 64'b0000000000000000000000000000000010000000000000000000000000000000 
	Parameter P[DTIM_RANGE] bound to: 64'b0000000000000000000000000000000000000000011111111111111111111111 
	Parameter P[IROM_SUPPORTED] bound to: 1'b0 
	Parameter P[IROM_BASE] bound to: 64'b0000000000000000000000000000000010000000000000000000000000000000 
	Parameter P[IROM_RANGE] bound to: 64'b0000000000000000000000000000000000000000011111111111111111111111 
	Parameter P[BOOTROM_SUPPORTED] bound to: 1'b0 
	Parameter P[BOOTROM_BASE] bound to: 64'b0000000000000000000000000000000000000000000000000001000000000000 
	Parameter P[BOOTROM_RANGE] bound to: 64'b0000000000000000000000000000000000000000000000000000111111111111 
	Parameter P[BOOTROM_PRELOAD] bound to: 1'b0 
	Parameter P[UNCORE_RAM_SUPPORTED] bound to: 1'b1 
	Parameter P[UNCORE_RAM_BASE] bound to: 64'b0000000000000000000000000000000010000000000000000000000000000000 
	Parameter P[UNCORE_RAM_RANGE] bound to: 64'b0000000000000000000000000000000000000000000000001001000000000000 
	Parameter P[UNCORE_RAM_PRELOAD] bound to: 1'b0 
	Parameter P[EXT_MEM_SUPPORTED] bound to: 1'b0 
	Parameter P[EXT_MEM_BASE] bound to: 64'b0000000000000000000000000000000010000000000000000000000000000000 
	Parameter P[EXT_MEM_RANGE] bound to: 64'b0000000000000000000000000000000000000111111111111111111111111111 
	Parameter P[CLINT_SUPPORTED] bound to: 1'b0 
	Parameter P[CLINT_BASE] bound to: 64'b0000000000000000000000000000000000000010000000000000000000000000 
	Parameter P[CLINT_RANGE] bound to: 64'b0000000000000000000000000000000000000000000000001111111111111111 
	Parameter P[GPIO_SUPPORTED] bound to: 1'b0 
	Parameter P[GPIO_BASE] bound to: 64'b0000000000000000000000000000000000010000000001100000000000000000 
	Parameter P[GPIO_RANGE] bound to: 64'b0000000000000000000000000000000000000000000000000000000011111111 
	Parameter P[UART_SUPPORTED] bound to: 1'b1 
	Parameter P[UART_BASE] bound to: 64'b0000000000000000000000000000000000010000000000000000000000000000 
	Parameter P[UART_RANGE] bound to: 64'b0000000000000000000000000000000000000000000000000000000000000111 
	Parameter P[PLIC_SUPPORTED] bound to: 1'b0 
	Parameter P[PLIC_BASE] bound to: 64'b0000000000000000000000000000000000001100000000000000000000000000 
	Parameter P[PLIC_RANGE] bound to: 64'b0000000000000000000000000000000000000011111111111111111111111111 
	Parameter P[SDC_SUPPORTED] bound to: 1'b0 
	Parameter P[SDC_BASE] bound to: 64'b0000000000000000000000000000000000000000000000010011000000000000 
	Parameter P[SDC_RANGE] bound to: 64'b0000000000000000000000000000000000000000000000000000000001111111 
	Parameter P[SPI_SUPPORTED] bound to: 1'b0 
	Parameter P[SPI_BASE] bound to: 64'b0000000000000000000000000000000000010000000001000000000000000000 
	Parameter P[SPI_RANGE] bound to: 64'b0000000000000000000000000000000000000000000000000000111111111111 
	Parameter P[GPIO_LOOPBACK_TEST] bound to: 1'b0 
	Parameter P[SPI_LOOPBACK_TEST] bound to: 1'b1 
	Parameter P[UART_PRESCALE] bound to: 32'sb00000000000000000000000000000001 
	Parameter P[PLIC_NUM_SRC] bound to: 32'sb00000000000000000000000000001010 
	Parameter P[PLIC_NUM_SRC_LT_32] bound to: 1'b1 
	Parameter P[PLIC_GPIO_ID] bound to: 32'sb00000000000000000000000000000011 
	Parameter P[PLIC_UART_ID] bound to: 32'sb00000000000000000000000000001010 
	Parameter P[PLIC_SPI_ID] bound to: 32'sb00000000000000000000000000000110 
	Parameter P[PLIC_SDC_ID] bound to: 32'sb00000000000000000000000000001001 
	Parameter P[BPRED_SUPPORTED] bound to: 1'b1 
	Parameter P[BPRED_TYPE] bound to: 32'b00000000000000000000000000000100 
	Parameter P[BPRED_NUM_LHR] bound to: 32'sb00000000000000000000000000000110 
	Parameter P[BPRED_SIZE] bound to: 32'sb00000000000000000000000000001010 
	Parameter P[BTB_SIZE] bound to: 32'sb00000000000000000000000000001010 
	Parameter P[RAS_SIZE] bound to: 32'sb00000000000000000000000000010000 
	Parameter P[INSTR_CLASS_PRED] bound to: 1'b1 
	Parameter P[RADIX] bound to: 32'sb00000000000000000000000000000100 
	Parameter P[DIVCOPIES] bound to: 32'sb00000000000000000000000000000100 
	Parameter P[ZBA_SUPPORTED] bound to: 1'b0 
	Parameter P[ZBB_SUPPORTED] bound to: 1'b1 
	Parameter P[ZBC_SUPPORTED] bound to: 1'b0 
	Parameter P[ZBS_SUPPORTED] bound to: 1'b0 
	Parameter P[ZCA_SUPPORTED] bound to: 1'b1 
	Parameter P[ZCB_SUPPORTED] bound to: 1'b0 
	Parameter P[ZCD_SUPPORTED] bound to: 1'b0 
	Parameter P[ZCF_SUPPORTED] bound to: 1'b1 
	Parameter P[ZBKB_SUPPORTED] bound to: 1'b0 
	Parameter P[ZBKC_SUPPORTED] bound to: 1'b0 
	Parameter P[ZBKX_SUPPORTED] bound to: 1'b0 
	Parameter P[ZKND_SUPPORTED] bound to: 1'b0 
	Parameter P[ZKNE_SUPPORTED] bound to: 1'b0 
	Parameter P[ZKNH_SUPPORTED] bound to: 1'b0 
	Parameter P[ZKN_SUPPORTED] bound to: 1'b0 
	Parameter P[USE_SRAM] bound to: 1'b1 
	Parameter P[M_MODE] bound to: 2'b00 
	Parameter P[S_MODE] bound to: 2'b01 
	Parameter P[U_MODE] bound to: 2'b10 
	Parameter P[VPN_SEGMENT_BITS] bound to: 32'sb00000000000000000000000000000011 
	Parameter P[VPN_BITS] bound to: 32'sb00000000000000000000000000000100 
	Parameter P[PPN_BITS] bound to: 32'sb00000000000000000000000000100000 
	Parameter P[PA_BITS] bound to: 32'sb00000000000000000000000001000000 
	Parameter P[SVMODE_BITS] bound to: 32'sb00000000000000000000000000000011 
	Parameter P[ASID_BASE] bound to: 32'sb00000000000000000000000000000100 
	Parameter P[ASID_BITS] bound to: 32'sb00000000000000000000000000000100 
	Parameter P[NO_TRANSLATE] bound to: 4'b0011 
	Parameter P[SV32] bound to: 4'b0000 
	Parameter P[SV39] bound to: 4'b0001 
	Parameter P[SV48] bound to: 4'b0010 
	Parameter P[A_SUPPORTED] bound to: 1'b0 
	Parameter P[B_SUPPORTED] bound to: 1'b0 
	Parameter P[C_SUPPORTED] bound to: 1'b0 
	Parameter P[D_SUPPORTED] bound to: 1'b0 
	Parameter P[E_SUPPORTED] bound to: 1'b0 
	Parameter P[F_SUPPORTED] bound to: 1'b0 
	Parameter P[I_SUPPORTED] bound to: 1'b0 
	Parameter P[M_SUPPORTED] bound to: 1'b1 
	Parameter P[Q_SUPPORTED] bound to: 1'b0 
	Parameter P[S_SUPPORTED] bound to: 1'b1 
	Parameter P[U_SUPPORTED] bound to: 1'b1 
	Parameter P[LOG_XLEN] bound to: 32'sb00000000000000000000000000000110 
	Parameter P[FLEN] bound to: 32'sb00000000000000000000000001000000 
	Parameter P[LLEN] bound to: 32'sb00000000000000000000000001000000 
INFO: [Synth 8-6157] synthesizing module 'flopenr__parameterized4' [/home/ishfisav/wally_1/wally_1.srcs/sources_1/imports/cvw/src/generic/flop/flopenr.sv:28]
	Parameter WIDTH bound to: 32 - type: integer 
INFO: [Synth 8-6155] done synthesizing module 'flopenr__parameterized4' (0#1) [/home/ishfisav/wally_1/wally_1.srcs/sources_1/imports/cvw/src/generic/flop/flopenr.sv:28]
INFO: [Synth 8-6155] done synthesizing module 'csrs' (0#1) [/home/ishfisav/wally_1/wally_1.srcs/sources_1/imports/cvw/src/privileged/csrs.sv:32]
INFO: [Synth 8-6157] synthesizing module 'csrc' [/home/ishfisav/wally_1/wally_1.srcs/sources_1/imports/cvw/src/privileged/csrc.sv:32]
	Parameter P[XLEN] bound to: 32'sb00000000000000000000000001000000 
	Parameter P[IEEE754] bound to: 1'b0 
	Parameter P[MISA] bound to: 32'sb00000000000000000000000000000000 
	Parameter P[AHBW] bound to: 32'sb00000000000000000000000001000000 
	Parameter P[RAM_LATENCY] bound to: 32'sb00000000000000000000000000000000 
	Parameter P[BURST_EN] bound to: 1'b1 
	Parameter P[ZICSR_SUPPORTED] bound to: 1'b1 
	Parameter P[ZIFENCEI_SUPPORTED] bound to: 1'b1 
	Parameter P[COUNTERS] bound to: 12'b000000100000 
	Parameter P[ZICNTR_SUPPORTED] bound to: 1'b1 
	Parameter P[ZIHPM_SUPPORTED] bound to: 1'b1 
	Parameter P[ZFH_SUPPORTED] bound to: 1'b1 
	Parameter P[ZFA_SUPPORTED] bound to: 1'b1 
	Parameter P[SSTC_SUPPORTED] bound to: 1'b1 
	Parameter P[VIRTMEM_SUPPORTED] bound to: 1'b1 
	Parameter P[VECTORED_INTERRUPTS_SUPPORTED] bound to: 1'b1 
	Parameter P[BIGENDIAN_SUPPORTED] bound to: 1'b1 
	Parameter P[SVADU_SUPPORTED] bound to: 1'b1 
	Parameter P[ZMMUL_SUPPORTED] bound to: 1'b1 
	Parameter P[ZICBOM_SUPPORTED] bound to: 1'b1 
	Parameter P[ZICBOZ_SUPPORTED] bound to: 1'b1 
	Parameter P[ZICBOP_SUPPORTED] bound to: 1'b1 
	Parameter P[ZICCLSM_SUPPORTED] bound to: 1'b1 
	Parameter P[ZICOND_SUPPORTED] bound to: 1'b1 
	Parameter P[SVPBMT_SUPPORTED] bound to: 1'b1 
	Parameter P[SVNAPOT_SUPPORTED] bound to: 1'b1 
	Parameter P[SVINVAL_SUPPORTED] bound to: 1'b1 
	Parameter P[ZAAMO_SUPPORTED] bound to: 1'b1 
	Parameter P[ZALRSC_SUPPORTED] bound to: 1'b1 
	Parameter P[BUS_SUPPORTED] bound to: 1'b1 
	Parameter P[DCACHE_SUPPORTED] bound to: 1'b1 
	Parameter P[ICACHE_SUPPORTED] bound to: 1'b1 
	Parameter P[ITLB_ENTRIES] bound to: 32'sb00000000000000000000000000100000 
	Parameter P[DTLB_ENTRIES] bound to: 32'sb00000000000000000000000000100000 
	Parameter P[DCACHE_NUMWAYS] bound to: 32'sb00000000000000000000000000000100 
	Parameter P[DCACHE_WAYSIZEINBYTES] bound to: 32'sb00000000000000000001000000000000 
	Parameter P[DCACHE_LINELENINBITS] bound to: 32'sb00000000000000000000001000000000 
	Parameter P[ICACHE_NUMWAYS] bound to: 32'sb00000000000000000000000000000100 
	Parameter P[ICACHE_WAYSIZEINBYTES] bound to: 32'sb00000000000000000001000000000000 
	Parameter P[ICACHE_LINELENINBITS] bound to: 32'sb00000000000000000000001000000000 
	Parameter P[CACHE_SRAMLEN] bound to: 32'sb00000000000000000000000010000000 
	Parameter P[IDIV_BITSPERCYCLE] bound to: 32'sb00000000000000000000000000000100 
	Parameter P[IDIV_ON_FPU] bound to: 1'b1 
	Parameter P[PMP_ENTRIES] bound to: 32'sb00000000000000000000000000010000 
	Parameter P[RESET_VECTOR] bound to: 64'b0000000000000000000000000000000010000000000000000000000000000000 
	Parameter P[WFI_TIMEOUT_BIT] bound to: 32'sb00000000000000000000000000010000 
	Parameter P[DTIM_SUPPORTED] bound to: 1'b0 
	Parameter P[DTIM_BASE] bound to: 64'b0000000000000000000000000000000010000000000000000000000000000000 
	Parameter P[DTIM_RANGE] bound to: 64'b0000000000000000000000000000000000000000011111111111111111111111 
	Parameter P[IROM_SUPPORTED] bound to: 1'b0 
	Parameter P[IROM_BASE] bound to: 64'b0000000000000000000000000000000010000000000000000000000000000000 
	Parameter P[IROM_RANGE] bound to: 64'b0000000000000000000000000000000000000000011111111111111111111111 
	Parameter P[BOOTROM_SUPPORTED] bound to: 1'b0 
	Parameter P[BOOTROM_BASE] bound to: 64'b0000000000000000000000000000000000000000000000000001000000000000 
	Parameter P[BOOTROM_RANGE] bound to: 64'b0000000000000000000000000000000000000000000000000000111111111111 
	Parameter P[BOOTROM_PRELOAD] bound to: 1'b0 
	Parameter P[UNCORE_RAM_SUPPORTED] bound to: 1'b1 
	Parameter P[UNCORE_RAM_BASE] bound to: 64'b0000000000000000000000000000000010000000000000000000000000000000 
	Parameter P[UNCORE_RAM_RANGE] bound to: 64'b0000000000000000000000000000000000000000000000001001000000000000 
	Parameter P[UNCORE_RAM_PRELOAD] bound to: 1'b0 
	Parameter P[EXT_MEM_SUPPORTED] bound to: 1'b0 
	Parameter P[EXT_MEM_BASE] bound to: 64'b0000000000000000000000000000000010000000000000000000000000000000 
	Parameter P[EXT_MEM_RANGE] bound to: 64'b0000000000000000000000000000000000000111111111111111111111111111 
	Parameter P[CLINT_SUPPORTED] bound to: 1'b0 
	Parameter P[CLINT_BASE] bound to: 64'b0000000000000000000000000000000000000010000000000000000000000000 
	Parameter P[CLINT_RANGE] bound to: 64'b0000000000000000000000000000000000000000000000001111111111111111 
	Parameter P[GPIO_SUPPORTED] bound to: 1'b0 
	Parameter P[GPIO_BASE] bound to: 64'b0000000000000000000000000000000000010000000001100000000000000000 
	Parameter P[GPIO_RANGE] bound to: 64'b0000000000000000000000000000000000000000000000000000000011111111 
	Parameter P[UART_SUPPORTED] bound to: 1'b1 
	Parameter P[UART_BASE] bound to: 64'b0000000000000000000000000000000000010000000000000000000000000000 
	Parameter P[UART_RANGE] bound to: 64'b0000000000000000000000000000000000000000000000000000000000000111 
	Parameter P[PLIC_SUPPORTED] bound to: 1'b0 
	Parameter P[PLIC_BASE] bound to: 64'b0000000000000000000000000000000000001100000000000000000000000000 
	Parameter P[PLIC_RANGE] bound to: 64'b0000000000000000000000000000000000000011111111111111111111111111 
	Parameter P[SDC_SUPPORTED] bound to: 1'b0 
	Parameter P[SDC_BASE] bound to: 64'b0000000000000000000000000000000000000000000000010011000000000000 
	Parameter P[SDC_RANGE] bound to: 64'b0000000000000000000000000000000000000000000000000000000001111111 
	Parameter P[SPI_SUPPORTED] bound to: 1'b0 
	Parameter P[SPI_BASE] bound to: 64'b0000000000000000000000000000000000010000000001000000000000000000 
	Parameter P[SPI_RANGE] bound to: 64'b0000000000000000000000000000000000000000000000000000111111111111 
	Parameter P[GPIO_LOOPBACK_TEST] bound to: 1'b0 
	Parameter P[SPI_LOOPBACK_TEST] bound to: 1'b1 
	Parameter P[UART_PRESCALE] bound to: 32'sb00000000000000000000000000000001 
	Parameter P[PLIC_NUM_SRC] bound to: 32'sb00000000000000000000000000001010 
	Parameter P[PLIC_NUM_SRC_LT_32] bound to: 1'b1 
	Parameter P[PLIC_GPIO_ID] bound to: 32'sb00000000000000000000000000000011 
	Parameter P[PLIC_UART_ID] bound to: 32'sb00000000000000000000000000001010 
	Parameter P[PLIC_SPI_ID] bound to: 32'sb00000000000000000000000000000110 
	Parameter P[PLIC_SDC_ID] bound to: 32'sb00000000000000000000000000001001 
	Parameter P[BPRED_SUPPORTED] bound to: 1'b1 
	Parameter P[BPRED_TYPE] bound to: 32'b00000000000000000000000000000100 
	Parameter P[BPRED_NUM_LHR] bound to: 32'sb00000000000000000000000000000110 
	Parameter P[BPRED_SIZE] bound to: 32'sb00000000000000000000000000001010 
	Parameter P[BTB_SIZE] bound to: 32'sb00000000000000000000000000001010 
	Parameter P[RAS_SIZE] bound to: 32'sb00000000000000000000000000010000 
	Parameter P[INSTR_CLASS_PRED] bound to: 1'b1 
	Parameter P[RADIX] bound to: 32'sb00000000000000000000000000000100 
	Parameter P[DIVCOPIES] bound to: 32'sb00000000000000000000000000000100 
	Parameter P[ZBA_SUPPORTED] bound to: 1'b0 
	Parameter P[ZBB_SUPPORTED] bound to: 1'b1 
	Parameter P[ZBC_SUPPORTED] bound to: 1'b0 
	Parameter P[ZBS_SUPPORTED] bound to: 1'b0 
	Parameter P[ZCA_SUPPORTED] bound to: 1'b1 
	Parameter P[ZCB_SUPPORTED] bound to: 1'b0 
	Parameter P[ZCD_SUPPORTED] bound to: 1'b0 
	Parameter P[ZCF_SUPPORTED] bound to: 1'b1 
	Parameter P[ZBKB_SUPPORTED] bound to: 1'b0 
	Parameter P[ZBKC_SUPPORTED] bound to: 1'b0 
	Parameter P[ZBKX_SUPPORTED] bound to: 1'b0 
	Parameter P[ZKND_SUPPORTED] bound to: 1'b0 
	Parameter P[ZKNE_SUPPORTED] bound to: 1'b0 
	Parameter P[ZKNH_SUPPORTED] bound to: 1'b0 
	Parameter P[ZKN_SUPPORTED] bound to: 1'b0 
	Parameter P[USE_SRAM] bound to: 1'b1 
	Parameter P[M_MODE] bound to: 2'b00 
	Parameter P[S_MODE] bound to: 2'b01 
	Parameter P[U_MODE] bound to: 2'b10 
	Parameter P[VPN_SEGMENT_BITS] bound to: 32'sb00000000000000000000000000000011 
	Parameter P[VPN_BITS] bound to: 32'sb00000000000000000000000000000100 
	Parameter P[PPN_BITS] bound to: 32'sb00000000000000000000000000100000 
	Parameter P[PA_BITS] bound to: 32'sb00000000000000000000000001000000 
	Parameter P[SVMODE_BITS] bound to: 32'sb00000000000000000000000000000011 
	Parameter P[ASID_BASE] bound to: 32'sb00000000000000000000000000000100 
	Parameter P[ASID_BITS] bound to: 32'sb00000000000000000000000000000100 
	Parameter P[NO_TRANSLATE] bound to: 4'b0011 
	Parameter P[SV32] bound to: 4'b0000 
	Parameter P[SV39] bound to: 4'b0001 
	Parameter P[SV48] bound to: 4'b0010 
	Parameter P[A_SUPPORTED] bound to: 1'b0 
	Parameter P[B_SUPPORTED] bound to: 1'b0 
	Parameter P[C_SUPPORTED] bound to: 1'b0 
	Parameter P[D_SUPPORTED] bound to: 1'b0 
	Parameter P[E_SUPPORTED] bound to: 1'b0 
	Parameter P[F_SUPPORTED] bound to: 1'b0 
	Parameter P[I_SUPPORTED] bound to: 1'b0 
	Parameter P[M_SUPPORTED] bound to: 1'b1 
	Parameter P[Q_SUPPORTED] bound to: 1'b0 
	Parameter P[S_SUPPORTED] bound to: 1'b1 
	Parameter P[U_SUPPORTED] bound to: 1'b1 
	Parameter P[LOG_XLEN] bound to: 32'sb00000000000000000000000000000110 
	Parameter P[FLEN] bound to: 32'sb00000000000000000000000001000000 
	Parameter P[LLEN] bound to: 32'sb00000000000000000000000001000000 
INFO: [Synth 8-6155] done synthesizing module 'csrc' (0#1) [/home/ishfisav/wally_1/wally_1.srcs/sources_1/imports/cvw/src/privileged/csrc.sv:32]
INFO: [Synth 8-6157] synthesizing module 'csri' [/home/ishfisav/wally_1/wally_1.srcs/sources_1/imports/cvw/src/privileged/csri.sv:31]
	Parameter P[XLEN] bound to: 32'sb00000000000000000000000001000000 
	Parameter P[IEEE754] bound to: 1'b0 
	Parameter P[MISA] bound to: 32'sb00000000000000000000000000000000 
	Parameter P[AHBW] bound to: 32'sb00000000000000000000000001000000 
	Parameter P[RAM_LATENCY] bound to: 32'sb00000000000000000000000000000000 
	Parameter P[BURST_EN] bound to: 1'b1 
	Parameter P[ZICSR_SUPPORTED] bound to: 1'b1 
	Parameter P[ZIFENCEI_SUPPORTED] bound to: 1'b1 
	Parameter P[COUNTERS] bound to: 12'b000000100000 
	Parameter P[ZICNTR_SUPPORTED] bound to: 1'b1 
	Parameter P[ZIHPM_SUPPORTED] bound to: 1'b1 
	Parameter P[ZFH_SUPPORTED] bound to: 1'b1 
	Parameter P[ZFA_SUPPORTED] bound to: 1'b1 
	Parameter P[SSTC_SUPPORTED] bound to: 1'b1 
	Parameter P[VIRTMEM_SUPPORTED] bound to: 1'b1 
	Parameter P[VECTORED_INTERRUPTS_SUPPORTED] bound to: 1'b1 
	Parameter P[BIGENDIAN_SUPPORTED] bound to: 1'b1 
	Parameter P[SVADU_SUPPORTED] bound to: 1'b1 
	Parameter P[ZMMUL_SUPPORTED] bound to: 1'b1 
	Parameter P[ZICBOM_SUPPORTED] bound to: 1'b1 
	Parameter P[ZICBOZ_SUPPORTED] bound to: 1'b1 
	Parameter P[ZICBOP_SUPPORTED] bound to: 1'b1 
	Parameter P[ZICCLSM_SUPPORTED] bound to: 1'b1 
	Parameter P[ZICOND_SUPPORTED] bound to: 1'b1 
	Parameter P[SVPBMT_SUPPORTED] bound to: 1'b1 
	Parameter P[SVNAPOT_SUPPORTED] bound to: 1'b1 
	Parameter P[SVINVAL_SUPPORTED] bound to: 1'b1 
	Parameter P[ZAAMO_SUPPORTED] bound to: 1'b1 
	Parameter P[ZALRSC_SUPPORTED] bound to: 1'b1 
	Parameter P[BUS_SUPPORTED] bound to: 1'b1 
	Parameter P[DCACHE_SUPPORTED] bound to: 1'b1 
	Parameter P[ICACHE_SUPPORTED] bound to: 1'b1 
	Parameter P[ITLB_ENTRIES] bound to: 32'sb00000000000000000000000000100000 
	Parameter P[DTLB_ENTRIES] bound to: 32'sb00000000000000000000000000100000 
	Parameter P[DCACHE_NUMWAYS] bound to: 32'sb00000000000000000000000000000100 
	Parameter P[DCACHE_WAYSIZEINBYTES] bound to: 32'sb00000000000000000001000000000000 
	Parameter P[DCACHE_LINELENINBITS] bound to: 32'sb00000000000000000000001000000000 
	Parameter P[ICACHE_NUMWAYS] bound to: 32'sb00000000000000000000000000000100 
	Parameter P[ICACHE_WAYSIZEINBYTES] bound to: 32'sb00000000000000000001000000000000 
	Parameter P[ICACHE_LINELENINBITS] bound to: 32'sb00000000000000000000001000000000 
	Parameter P[CACHE_SRAMLEN] bound to: 32'sb00000000000000000000000010000000 
	Parameter P[IDIV_BITSPERCYCLE] bound to: 32'sb00000000000000000000000000000100 
	Parameter P[IDIV_ON_FPU] bound to: 1'b1 
	Parameter P[PMP_ENTRIES] bound to: 32'sb00000000000000000000000000010000 
	Parameter P[RESET_VECTOR] bound to: 64'b0000000000000000000000000000000010000000000000000000000000000000 
	Parameter P[WFI_TIMEOUT_BIT] bound to: 32'sb00000000000000000000000000010000 
	Parameter P[DTIM_SUPPORTED] bound to: 1'b0 
	Parameter P[DTIM_BASE] bound to: 64'b0000000000000000000000000000000010000000000000000000000000000000 
	Parameter P[DTIM_RANGE] bound to: 64'b0000000000000000000000000000000000000000011111111111111111111111 
	Parameter P[IROM_SUPPORTED] bound to: 1'b0 
	Parameter P[IROM_BASE] bound to: 64'b0000000000000000000000000000000010000000000000000000000000000000 
	Parameter P[IROM_RANGE] bound to: 64'b0000000000000000000000000000000000000000011111111111111111111111 
	Parameter P[BOOTROM_SUPPORTED] bound to: 1'b0 
	Parameter P[BOOTROM_BASE] bound to: 64'b0000000000000000000000000000000000000000000000000001000000000000 
	Parameter P[BOOTROM_RANGE] bound to: 64'b0000000000000000000000000000000000000000000000000000111111111111 
	Parameter P[BOOTROM_PRELOAD] bound to: 1'b0 
	Parameter P[UNCORE_RAM_SUPPORTED] bound to: 1'b1 
	Parameter P[UNCORE_RAM_BASE] bound to: 64'b0000000000000000000000000000000010000000000000000000000000000000 
	Parameter P[UNCORE_RAM_RANGE] bound to: 64'b0000000000000000000000000000000000000000000000001001000000000000 
	Parameter P[UNCORE_RAM_PRELOAD] bound to: 1'b0 
	Parameter P[EXT_MEM_SUPPORTED] bound to: 1'b0 
	Parameter P[EXT_MEM_BASE] bound to: 64'b0000000000000000000000000000000010000000000000000000000000000000 
	Parameter P[EXT_MEM_RANGE] bound to: 64'b0000000000000000000000000000000000000111111111111111111111111111 
	Parameter P[CLINT_SUPPORTED] bound to: 1'b0 
	Parameter P[CLINT_BASE] bound to: 64'b0000000000000000000000000000000000000010000000000000000000000000 
	Parameter P[CLINT_RANGE] bound to: 64'b0000000000000000000000000000000000000000000000001111111111111111 
	Parameter P[GPIO_SUPPORTED] bound to: 1'b0 
	Parameter P[GPIO_BASE] bound to: 64'b0000000000000000000000000000000000010000000001100000000000000000 
	Parameter P[GPIO_RANGE] bound to: 64'b0000000000000000000000000000000000000000000000000000000011111111 
	Parameter P[UART_SUPPORTED] bound to: 1'b1 
	Parameter P[UART_BASE] bound to: 64'b0000000000000000000000000000000000010000000000000000000000000000 
	Parameter P[UART_RANGE] bound to: 64'b0000000000000000000000000000000000000000000000000000000000000111 
	Parameter P[PLIC_SUPPORTED] bound to: 1'b0 
	Parameter P[PLIC_BASE] bound to: 64'b0000000000000000000000000000000000001100000000000000000000000000 
	Parameter P[PLIC_RANGE] bound to: 64'b0000000000000000000000000000000000000011111111111111111111111111 
	Parameter P[SDC_SUPPORTED] bound to: 1'b0 
	Parameter P[SDC_BASE] bound to: 64'b0000000000000000000000000000000000000000000000010011000000000000 
	Parameter P[SDC_RANGE] bound to: 64'b0000000000000000000000000000000000000000000000000000000001111111 
	Parameter P[SPI_SUPPORTED] bound to: 1'b0 
	Parameter P[SPI_BASE] bound to: 64'b0000000000000000000000000000000000010000000001000000000000000000 
	Parameter P[SPI_RANGE] bound to: 64'b0000000000000000000000000000000000000000000000000000111111111111 
	Parameter P[GPIO_LOOPBACK_TEST] bound to: 1'b0 
	Parameter P[SPI_LOOPBACK_TEST] bound to: 1'b1 
	Parameter P[UART_PRESCALE] bound to: 32'sb00000000000000000000000000000001 
	Parameter P[PLIC_NUM_SRC] bound to: 32'sb00000000000000000000000000001010 
	Parameter P[PLIC_NUM_SRC_LT_32] bound to: 1'b1 
	Parameter P[PLIC_GPIO_ID] bound to: 32'sb00000000000000000000000000000011 
	Parameter P[PLIC_UART_ID] bound to: 32'sb00000000000000000000000000001010 
	Parameter P[PLIC_SPI_ID] bound to: 32'sb00000000000000000000000000000110 
	Parameter P[PLIC_SDC_ID] bound to: 32'sb00000000000000000000000000001001 
	Parameter P[BPRED_SUPPORTED] bound to: 1'b1 
	Parameter P[BPRED_TYPE] bound to: 32'b00000000000000000000000000000100 
	Parameter P[BPRED_NUM_LHR] bound to: 32'sb00000000000000000000000000000110 
	Parameter P[BPRED_SIZE] bound to: 32'sb00000000000000000000000000001010 
	Parameter P[BTB_SIZE] bound to: 32'sb00000000000000000000000000001010 
	Parameter P[RAS_SIZE] bound to: 32'sb00000000000000000000000000010000 
	Parameter P[INSTR_CLASS_PRED] bound to: 1'b1 
	Parameter P[RADIX] bound to: 32'sb00000000000000000000000000000100 
	Parameter P[DIVCOPIES] bound to: 32'sb00000000000000000000000000000100 
	Parameter P[ZBA_SUPPORTED] bound to: 1'b0 
	Parameter P[ZBB_SUPPORTED] bound to: 1'b1 
	Parameter P[ZBC_SUPPORTED] bound to: 1'b0 
	Parameter P[ZBS_SUPPORTED] bound to: 1'b0 
	Parameter P[ZCA_SUPPORTED] bound to: 1'b1 
	Parameter P[ZCB_SUPPORTED] bound to: 1'b0 
	Parameter P[ZCD_SUPPORTED] bound to: 1'b0 
	Parameter P[ZCF_SUPPORTED] bound to: 1'b1 
	Parameter P[ZBKB_SUPPORTED] bound to: 1'b0 
	Parameter P[ZBKC_SUPPORTED] bound to: 1'b0 
	Parameter P[ZBKX_SUPPORTED] bound to: 1'b0 
	Parameter P[ZKND_SUPPORTED] bound to: 1'b0 
	Parameter P[ZKNE_SUPPORTED] bound to: 1'b0 
	Parameter P[ZKNH_SUPPORTED] bound to: 1'b0 
	Parameter P[ZKN_SUPPORTED] bound to: 1'b0 
	Parameter P[USE_SRAM] bound to: 1'b1 
	Parameter P[M_MODE] bound to: 2'b00 
	Parameter P[S_MODE] bound to: 2'b01 
	Parameter P[U_MODE] bound to: 2'b10 
	Parameter P[VPN_SEGMENT_BITS] bound to: 32'sb00000000000000000000000000000011 
	Parameter P[VPN_BITS] bound to: 32'sb00000000000000000000000000000100 
	Parameter P[PPN_BITS] bound to: 32'sb00000000000000000000000000100000 
	Parameter P[PA_BITS] bound to: 32'sb00000000000000000000000001000000 
	Parameter P[SVMODE_BITS] bound to: 32'sb00000000000000000000000000000011 
	Parameter P[ASID_BASE] bound to: 32'sb00000000000000000000000000000100 
	Parameter P[ASID_BITS] bound to: 32'sb00000000000000000000000000000100 
	Parameter P[NO_TRANSLATE] bound to: 4'b0011 
	Parameter P[SV32] bound to: 4'b0000 
	Parameter P[SV39] bound to: 4'b0001 
	Parameter P[SV48] bound to: 4'b0010 
	Parameter P[A_SUPPORTED] bound to: 1'b0 
	Parameter P[B_SUPPORTED] bound to: 1'b0 
	Parameter P[C_SUPPORTED] bound to: 1'b0 
	Parameter P[D_SUPPORTED] bound to: 1'b0 
	Parameter P[E_SUPPORTED] bound to: 1'b0 
	Parameter P[F_SUPPORTED] bound to: 1'b0 
	Parameter P[I_SUPPORTED] bound to: 1'b0 
	Parameter P[M_SUPPORTED] bound to: 1'b1 
	Parameter P[Q_SUPPORTED] bound to: 1'b0 
	Parameter P[S_SUPPORTED] bound to: 1'b1 
	Parameter P[U_SUPPORTED] bound to: 1'b1 
	Parameter P[LOG_XLEN] bound to: 32'sb00000000000000000000000000000110 
	Parameter P[FLEN] bound to: 32'sb00000000000000000000000001000000 
	Parameter P[LLEN] bound to: 32'sb00000000000000000000000001000000 
INFO: [Synth 8-6155] done synthesizing module 'csri' (0#1) [/home/ishfisav/wally_1/wally_1.srcs/sources_1/imports/cvw/src/privileged/csri.sv:31]
INFO: [Synth 8-6157] synthesizing module 'csrsr' [/home/ishfisav/wally_1/wally_1.srcs/sources_1/imports/cvw/src/privileged/csrsr.sv:31]
	Parameter P[XLEN] bound to: 32'sb00000000000000000000000001000000 
	Parameter P[IEEE754] bound to: 1'b0 
	Parameter P[MISA] bound to: 32'sb00000000000000000000000000000000 
	Parameter P[AHBW] bound to: 32'sb00000000000000000000000001000000 
	Parameter P[RAM_LATENCY] bound to: 32'sb00000000000000000000000000000000 
	Parameter P[BURST_EN] bound to: 1'b1 
	Parameter P[ZICSR_SUPPORTED] bound to: 1'b1 
	Parameter P[ZIFENCEI_SUPPORTED] bound to: 1'b1 
	Parameter P[COUNTERS] bound to: 12'b000000100000 
	Parameter P[ZICNTR_SUPPORTED] bound to: 1'b1 
	Parameter P[ZIHPM_SUPPORTED] bound to: 1'b1 
	Parameter P[ZFH_SUPPORTED] bound to: 1'b1 
	Parameter P[ZFA_SUPPORTED] bound to: 1'b1 
	Parameter P[SSTC_SUPPORTED] bound to: 1'b1 
	Parameter P[VIRTMEM_SUPPORTED] bound to: 1'b1 
	Parameter P[VECTORED_INTERRUPTS_SUPPORTED] bound to: 1'b1 
	Parameter P[BIGENDIAN_SUPPORTED] bound to: 1'b1 
	Parameter P[SVADU_SUPPORTED] bound to: 1'b1 
	Parameter P[ZMMUL_SUPPORTED] bound to: 1'b1 
	Parameter P[ZICBOM_SUPPORTED] bound to: 1'b1 
	Parameter P[ZICBOZ_SUPPORTED] bound to: 1'b1 
	Parameter P[ZICBOP_SUPPORTED] bound to: 1'b1 
	Parameter P[ZICCLSM_SUPPORTED] bound to: 1'b1 
	Parameter P[ZICOND_SUPPORTED] bound to: 1'b1 
	Parameter P[SVPBMT_SUPPORTED] bound to: 1'b1 
	Parameter P[SVNAPOT_SUPPORTED] bound to: 1'b1 
	Parameter P[SVINVAL_SUPPORTED] bound to: 1'b1 
	Parameter P[ZAAMO_SUPPORTED] bound to: 1'b1 
	Parameter P[ZALRSC_SUPPORTED] bound to: 1'b1 
	Parameter P[BUS_SUPPORTED] bound to: 1'b1 
	Parameter P[DCACHE_SUPPORTED] bound to: 1'b1 
	Parameter P[ICACHE_SUPPORTED] bound to: 1'b1 
	Parameter P[ITLB_ENTRIES] bound to: 32'sb00000000000000000000000000100000 
	Parameter P[DTLB_ENTRIES] bound to: 32'sb00000000000000000000000000100000 
	Parameter P[DCACHE_NUMWAYS] bound to: 32'sb00000000000000000000000000000100 
	Parameter P[DCACHE_WAYSIZEINBYTES] bound to: 32'sb00000000000000000001000000000000 
	Parameter P[DCACHE_LINELENINBITS] bound to: 32'sb00000000000000000000001000000000 
	Parameter P[ICACHE_NUMWAYS] bound to: 32'sb00000000000000000000000000000100 
	Parameter P[ICACHE_WAYSIZEINBYTES] bound to: 32'sb00000000000000000001000000000000 
	Parameter P[ICACHE_LINELENINBITS] bound to: 32'sb00000000000000000000001000000000 
	Parameter P[CACHE_SRAMLEN] bound to: 32'sb00000000000000000000000010000000 
	Parameter P[IDIV_BITSPERCYCLE] bound to: 32'sb00000000000000000000000000000100 
	Parameter P[IDIV_ON_FPU] bound to: 1'b1 
	Parameter P[PMP_ENTRIES] bound to: 32'sb00000000000000000000000000010000 
	Parameter P[RESET_VECTOR] bound to: 64'b0000000000000000000000000000000010000000000000000000000000000000 
	Parameter P[WFI_TIMEOUT_BIT] bound to: 32'sb00000000000000000000000000010000 
	Parameter P[DTIM_SUPPORTED] bound to: 1'b0 
	Parameter P[DTIM_BASE] bound to: 64'b0000000000000000000000000000000010000000000000000000000000000000 
	Parameter P[DTIM_RANGE] bound to: 64'b0000000000000000000000000000000000000000011111111111111111111111 
	Parameter P[IROM_SUPPORTED] bound to: 1'b0 
	Parameter P[IROM_BASE] bound to: 64'b0000000000000000000000000000000010000000000000000000000000000000 
	Parameter P[IROM_RANGE] bound to: 64'b0000000000000000000000000000000000000000011111111111111111111111 
	Parameter P[BOOTROM_SUPPORTED] bound to: 1'b0 
	Parameter P[BOOTROM_BASE] bound to: 64'b0000000000000000000000000000000000000000000000000001000000000000 
	Parameter P[BOOTROM_RANGE] bound to: 64'b0000000000000000000000000000000000000000000000000000111111111111 
	Parameter P[BOOTROM_PRELOAD] bound to: 1'b0 
	Parameter P[UNCORE_RAM_SUPPORTED] bound to: 1'b1 
	Parameter P[UNCORE_RAM_BASE] bound to: 64'b0000000000000000000000000000000010000000000000000000000000000000 
	Parameter P[UNCORE_RAM_RANGE] bound to: 64'b0000000000000000000000000000000000000000000000001001000000000000 
	Parameter P[UNCORE_RAM_PRELOAD] bound to: 1'b0 
	Parameter P[EXT_MEM_SUPPORTED] bound to: 1'b0 
	Parameter P[EXT_MEM_BASE] bound to: 64'b0000000000000000000000000000000010000000000000000000000000000000 
	Parameter P[EXT_MEM_RANGE] bound to: 64'b0000000000000000000000000000000000000111111111111111111111111111 
	Parameter P[CLINT_SUPPORTED] bound to: 1'b0 
	Parameter P[CLINT_BASE] bound to: 64'b0000000000000000000000000000000000000010000000000000000000000000 
	Parameter P[CLINT_RANGE] bound to: 64'b0000000000000000000000000000000000000000000000001111111111111111 
	Parameter P[GPIO_SUPPORTED] bound to: 1'b0 
	Parameter P[GPIO_BASE] bound to: 64'b0000000000000000000000000000000000010000000001100000000000000000 
	Parameter P[GPIO_RANGE] bound to: 64'b0000000000000000000000000000000000000000000000000000000011111111 
	Parameter P[UART_SUPPORTED] bound to: 1'b1 
	Parameter P[UART_BASE] bound to: 64'b0000000000000000000000000000000000010000000000000000000000000000 
	Parameter P[UART_RANGE] bound to: 64'b0000000000000000000000000000000000000000000000000000000000000111 
	Parameter P[PLIC_SUPPORTED] bound to: 1'b0 
	Parameter P[PLIC_BASE] bound to: 64'b0000000000000000000000000000000000001100000000000000000000000000 
	Parameter P[PLIC_RANGE] bound to: 64'b0000000000000000000000000000000000000011111111111111111111111111 
	Parameter P[SDC_SUPPORTED] bound to: 1'b0 
	Parameter P[SDC_BASE] bound to: 64'b0000000000000000000000000000000000000000000000010011000000000000 
	Parameter P[SDC_RANGE] bound to: 64'b0000000000000000000000000000000000000000000000000000000001111111 
	Parameter P[SPI_SUPPORTED] bound to: 1'b0 
	Parameter P[SPI_BASE] bound to: 64'b0000000000000000000000000000000000010000000001000000000000000000 
	Parameter P[SPI_RANGE] bound to: 64'b0000000000000000000000000000000000000000000000000000111111111111 
	Parameter P[GPIO_LOOPBACK_TEST] bound to: 1'b0 
	Parameter P[SPI_LOOPBACK_TEST] bound to: 1'b1 
	Parameter P[UART_PRESCALE] bound to: 32'sb00000000000000000000000000000001 
	Parameter P[PLIC_NUM_SRC] bound to: 32'sb00000000000000000000000000001010 
	Parameter P[PLIC_NUM_SRC_LT_32] bound to: 1'b1 
	Parameter P[PLIC_GPIO_ID] bound to: 32'sb00000000000000000000000000000011 
	Parameter P[PLIC_UART_ID] bound to: 32'sb00000000000000000000000000001010 
	Parameter P[PLIC_SPI_ID] bound to: 32'sb00000000000000000000000000000110 
	Parameter P[PLIC_SDC_ID] bound to: 32'sb00000000000000000000000000001001 
	Parameter P[BPRED_SUPPORTED] bound to: 1'b1 
	Parameter P[BPRED_TYPE] bound to: 32'b00000000000000000000000000000100 
	Parameter P[BPRED_NUM_LHR] bound to: 32'sb00000000000000000000000000000110 
	Parameter P[BPRED_SIZE] bound to: 32'sb00000000000000000000000000001010 
	Parameter P[BTB_SIZE] bound to: 32'sb00000000000000000000000000001010 
	Parameter P[RAS_SIZE] bound to: 32'sb00000000000000000000000000010000 
	Parameter P[INSTR_CLASS_PRED] bound to: 1'b1 
	Parameter P[RADIX] bound to: 32'sb00000000000000000000000000000100 
	Parameter P[DIVCOPIES] bound to: 32'sb00000000000000000000000000000100 
	Parameter P[ZBA_SUPPORTED] bound to: 1'b0 
	Parameter P[ZBB_SUPPORTED] bound to: 1'b1 
	Parameter P[ZBC_SUPPORTED] bound to: 1'b0 
	Parameter P[ZBS_SUPPORTED] bound to: 1'b0 
	Parameter P[ZCA_SUPPORTED] bound to: 1'b1 
	Parameter P[ZCB_SUPPORTED] bound to: 1'b0 
	Parameter P[ZCD_SUPPORTED] bound to: 1'b0 
	Parameter P[ZCF_SUPPORTED] bound to: 1'b1 
	Parameter P[ZBKB_SUPPORTED] bound to: 1'b0 
	Parameter P[ZBKC_SUPPORTED] bound to: 1'b0 
	Parameter P[ZBKX_SUPPORTED] bound to: 1'b0 
	Parameter P[ZKND_SUPPORTED] bound to: 1'b0 
	Parameter P[ZKNE_SUPPORTED] bound to: 1'b0 
	Parameter P[ZKNH_SUPPORTED] bound to: 1'b0 
	Parameter P[ZKN_SUPPORTED] bound to: 1'b0 
	Parameter P[USE_SRAM] bound to: 1'b1 
	Parameter P[M_MODE] bound to: 2'b00 
	Parameter P[S_MODE] bound to: 2'b01 
	Parameter P[U_MODE] bound to: 2'b10 
	Parameter P[VPN_SEGMENT_BITS] bound to: 32'sb00000000000000000000000000000011 
	Parameter P[VPN_BITS] bound to: 32'sb00000000000000000000000000000100 
	Parameter P[PPN_BITS] bound to: 32'sb00000000000000000000000000100000 
	Parameter P[PA_BITS] bound to: 32'sb00000000000000000000000001000000 
	Parameter P[SVMODE_BITS] bound to: 32'sb00000000000000000000000000000011 
	Parameter P[ASID_BASE] bound to: 32'sb00000000000000000000000000000100 
	Parameter P[ASID_BITS] bound to: 32'sb00000000000000000000000000000100 
	Parameter P[NO_TRANSLATE] bound to: 4'b0011 
	Parameter P[SV32] bound to: 4'b0000 
	Parameter P[SV39] bound to: 4'b0001 
	Parameter P[SV48] bound to: 4'b0010 
	Parameter P[A_SUPPORTED] bound to: 1'b0 
	Parameter P[B_SUPPORTED] bound to: 1'b0 
	Parameter P[C_SUPPORTED] bound to: 1'b0 
	Parameter P[D_SUPPORTED] bound to: 1'b0 
	Parameter P[E_SUPPORTED] bound to: 1'b0 
	Parameter P[F_SUPPORTED] bound to: 1'b0 
	Parameter P[I_SUPPORTED] bound to: 1'b0 
	Parameter P[M_SUPPORTED] bound to: 1'b1 
	Parameter P[Q_SUPPORTED] bound to: 1'b0 
	Parameter P[S_SUPPORTED] bound to: 1'b1 
	Parameter P[U_SUPPORTED] bound to: 1'b1 
	Parameter P[LOG_XLEN] bound to: 32'sb00000000000000000000000000000110 
	Parameter P[FLEN] bound to: 32'sb00000000000000000000000001000000 
	Parameter P[LLEN] bound to: 32'sb00000000000000000000000001000000 
INFO: [Synth 8-6155] done synthesizing module 'csrsr' (0#1) [/home/ishfisav/wally_1/wally_1.srcs/sources_1/imports/cvw/src/privileged/csrsr.sv:31]
INFO: [Synth 8-6157] synthesizing module 'csrm' [/home/ishfisav/wally_1/wally_1.srcs/sources_1/imports/cvw/src/privileged/csrm.sv:35]
	Parameter P[XLEN] bound to: 32'sb00000000000000000000000001000000 
	Parameter P[IEEE754] bound to: 1'b0 
	Parameter P[MISA] bound to: 32'sb00000000000000000000000000000000 
	Parameter P[AHBW] bound to: 32'sb00000000000000000000000001000000 
	Parameter P[RAM_LATENCY] bound to: 32'sb00000000000000000000000000000000 
	Parameter P[BURST_EN] bound to: 1'b1 
	Parameter P[ZICSR_SUPPORTED] bound to: 1'b1 
	Parameter P[ZIFENCEI_SUPPORTED] bound to: 1'b1 
	Parameter P[COUNTERS] bound to: 12'b000000100000 
	Parameter P[ZICNTR_SUPPORTED] bound to: 1'b1 
	Parameter P[ZIHPM_SUPPORTED] bound to: 1'b1 
	Parameter P[ZFH_SUPPORTED] bound to: 1'b1 
	Parameter P[ZFA_SUPPORTED] bound to: 1'b1 
	Parameter P[SSTC_SUPPORTED] bound to: 1'b1 
	Parameter P[VIRTMEM_SUPPORTED] bound to: 1'b1 
	Parameter P[VECTORED_INTERRUPTS_SUPPORTED] bound to: 1'b1 
	Parameter P[BIGENDIAN_SUPPORTED] bound to: 1'b1 
	Parameter P[SVADU_SUPPORTED] bound to: 1'b1 
	Parameter P[ZMMUL_SUPPORTED] bound to: 1'b1 
	Parameter P[ZICBOM_SUPPORTED] bound to: 1'b1 
	Parameter P[ZICBOZ_SUPPORTED] bound to: 1'b1 
	Parameter P[ZICBOP_SUPPORTED] bound to: 1'b1 
	Parameter P[ZICCLSM_SUPPORTED] bound to: 1'b1 
	Parameter P[ZICOND_SUPPORTED] bound to: 1'b1 
	Parameter P[SVPBMT_SUPPORTED] bound to: 1'b1 
	Parameter P[SVNAPOT_SUPPORTED] bound to: 1'b1 
	Parameter P[SVINVAL_SUPPORTED] bound to: 1'b1 
	Parameter P[ZAAMO_SUPPORTED] bound to: 1'b1 
	Parameter P[ZALRSC_SUPPORTED] bound to: 1'b1 
	Parameter P[BUS_SUPPORTED] bound to: 1'b1 
	Parameter P[DCACHE_SUPPORTED] bound to: 1'b1 
	Parameter P[ICACHE_SUPPORTED] bound to: 1'b1 
	Parameter P[ITLB_ENTRIES] bound to: 32'sb00000000000000000000000000100000 
	Parameter P[DTLB_ENTRIES] bound to: 32'sb00000000000000000000000000100000 
	Parameter P[DCACHE_NUMWAYS] bound to: 32'sb00000000000000000000000000000100 
	Parameter P[DCACHE_WAYSIZEINBYTES] bound to: 32'sb00000000000000000001000000000000 
	Parameter P[DCACHE_LINELENINBITS] bound to: 32'sb00000000000000000000001000000000 
	Parameter P[ICACHE_NUMWAYS] bound to: 32'sb00000000000000000000000000000100 
	Parameter P[ICACHE_WAYSIZEINBYTES] bound to: 32'sb00000000000000000001000000000000 
	Parameter P[ICACHE_LINELENINBITS] bound to: 32'sb00000000000000000000001000000000 
	Parameter P[CACHE_SRAMLEN] bound to: 32'sb00000000000000000000000010000000 
	Parameter P[IDIV_BITSPERCYCLE] bound to: 32'sb00000000000000000000000000000100 
	Parameter P[IDIV_ON_FPU] bound to: 1'b1 
	Parameter P[PMP_ENTRIES] bound to: 32'sb00000000000000000000000000010000 
	Parameter P[RESET_VECTOR] bound to: 64'b0000000000000000000000000000000010000000000000000000000000000000 
	Parameter P[WFI_TIMEOUT_BIT] bound to: 32'sb00000000000000000000000000010000 
	Parameter P[DTIM_SUPPORTED] bound to: 1'b0 
	Parameter P[DTIM_BASE] bound to: 64'b0000000000000000000000000000000010000000000000000000000000000000 
	Parameter P[DTIM_RANGE] bound to: 64'b0000000000000000000000000000000000000000011111111111111111111111 
	Parameter P[IROM_SUPPORTED] bound to: 1'b0 
	Parameter P[IROM_BASE] bound to: 64'b0000000000000000000000000000000010000000000000000000000000000000 
	Parameter P[IROM_RANGE] bound to: 64'b0000000000000000000000000000000000000000011111111111111111111111 
	Parameter P[BOOTROM_SUPPORTED] bound to: 1'b0 
	Parameter P[BOOTROM_BASE] bound to: 64'b0000000000000000000000000000000000000000000000000001000000000000 
	Parameter P[BOOTROM_RANGE] bound to: 64'b0000000000000000000000000000000000000000000000000000111111111111 
	Parameter P[BOOTROM_PRELOAD] bound to: 1'b0 
	Parameter P[UNCORE_RAM_SUPPORTED] bound to: 1'b1 
	Parameter P[UNCORE_RAM_BASE] bound to: 64'b0000000000000000000000000000000010000000000000000000000000000000 
	Parameter P[UNCORE_RAM_RANGE] bound to: 64'b0000000000000000000000000000000000000000000000001001000000000000 
	Parameter P[UNCORE_RAM_PRELOAD] bound to: 1'b0 
	Parameter P[EXT_MEM_SUPPORTED] bound to: 1'b0 
	Parameter P[EXT_MEM_BASE] bound to: 64'b0000000000000000000000000000000010000000000000000000000000000000 
	Parameter P[EXT_MEM_RANGE] bound to: 64'b0000000000000000000000000000000000000111111111111111111111111111 
	Parameter P[CLINT_SUPPORTED] bound to: 1'b0 
	Parameter P[CLINT_BASE] bound to: 64'b0000000000000000000000000000000000000010000000000000000000000000 
	Parameter P[CLINT_RANGE] bound to: 64'b0000000000000000000000000000000000000000000000001111111111111111 
	Parameter P[GPIO_SUPPORTED] bound to: 1'b0 
	Parameter P[GPIO_BASE] bound to: 64'b0000000000000000000000000000000000010000000001100000000000000000 
	Parameter P[GPIO_RANGE] bound to: 64'b0000000000000000000000000000000000000000000000000000000011111111 
	Parameter P[UART_SUPPORTED] bound to: 1'b1 
	Parameter P[UART_BASE] bound to: 64'b0000000000000000000000000000000000010000000000000000000000000000 
	Parameter P[UART_RANGE] bound to: 64'b0000000000000000000000000000000000000000000000000000000000000111 
	Parameter P[PLIC_SUPPORTED] bound to: 1'b0 
	Parameter P[PLIC_BASE] bound to: 64'b0000000000000000000000000000000000001100000000000000000000000000 
	Parameter P[PLIC_RANGE] bound to: 64'b0000000000000000000000000000000000000011111111111111111111111111 
	Parameter P[SDC_SUPPORTED] bound to: 1'b0 
	Parameter P[SDC_BASE] bound to: 64'b0000000000000000000000000000000000000000000000010011000000000000 
	Parameter P[SDC_RANGE] bound to: 64'b0000000000000000000000000000000000000000000000000000000001111111 
	Parameter P[SPI_SUPPORTED] bound to: 1'b0 
	Parameter P[SPI_BASE] bound to: 64'b0000000000000000000000000000000000010000000001000000000000000000 
	Parameter P[SPI_RANGE] bound to: 64'b0000000000000000000000000000000000000000000000000000111111111111 
	Parameter P[GPIO_LOOPBACK_TEST] bound to: 1'b0 
	Parameter P[SPI_LOOPBACK_TEST] bound to: 1'b1 
	Parameter P[UART_PRESCALE] bound to: 32'sb00000000000000000000000000000001 
	Parameter P[PLIC_NUM_SRC] bound to: 32'sb00000000000000000000000000001010 
	Parameter P[PLIC_NUM_SRC_LT_32] bound to: 1'b1 
	Parameter P[PLIC_GPIO_ID] bound to: 32'sb00000000000000000000000000000011 
	Parameter P[PLIC_UART_ID] bound to: 32'sb00000000000000000000000000001010 
	Parameter P[PLIC_SPI_ID] bound to: 32'sb00000000000000000000000000000110 
	Parameter P[PLIC_SDC_ID] bound to: 32'sb00000000000000000000000000001001 
	Parameter P[BPRED_SUPPORTED] bound to: 1'b1 
	Parameter P[BPRED_TYPE] bound to: 32'b00000000000000000000000000000100 
	Parameter P[BPRED_NUM_LHR] bound to: 32'sb00000000000000000000000000000110 
	Parameter P[BPRED_SIZE] bound to: 32'sb00000000000000000000000000001010 
	Parameter P[BTB_SIZE] bound to: 32'sb00000000000000000000000000001010 
	Parameter P[RAS_SIZE] bound to: 32'sb00000000000000000000000000010000 
	Parameter P[INSTR_CLASS_PRED] bound to: 1'b1 
	Parameter P[RADIX] bound to: 32'sb00000000000000000000000000000100 
	Parameter P[DIVCOPIES] bound to: 32'sb00000000000000000000000000000100 
	Parameter P[ZBA_SUPPORTED] bound to: 1'b0 
	Parameter P[ZBB_SUPPORTED] bound to: 1'b1 
	Parameter P[ZBC_SUPPORTED] bound to: 1'b0 
	Parameter P[ZBS_SUPPORTED] bound to: 1'b0 
	Parameter P[ZCA_SUPPORTED] bound to: 1'b1 
	Parameter P[ZCB_SUPPORTED] bound to: 1'b0 
	Parameter P[ZCD_SUPPORTED] bound to: 1'b0 
	Parameter P[ZCF_SUPPORTED] bound to: 1'b1 
	Parameter P[ZBKB_SUPPORTED] bound to: 1'b0 
	Parameter P[ZBKC_SUPPORTED] bound to: 1'b0 
	Parameter P[ZBKX_SUPPORTED] bound to: 1'b0 
	Parameter P[ZKND_SUPPORTED] bound to: 1'b0 
	Parameter P[ZKNE_SUPPORTED] bound to: 1'b0 
	Parameter P[ZKNH_SUPPORTED] bound to: 1'b0 
	Parameter P[ZKN_SUPPORTED] bound to: 1'b0 
	Parameter P[USE_SRAM] bound to: 1'b1 
	Parameter P[M_MODE] bound to: 2'b00 
	Parameter P[S_MODE] bound to: 2'b01 
	Parameter P[U_MODE] bound to: 2'b10 
	Parameter P[VPN_SEGMENT_BITS] bound to: 32'sb00000000000000000000000000000011 
	Parameter P[VPN_BITS] bound to: 32'sb00000000000000000000000000000100 
	Parameter P[PPN_BITS] bound to: 32'sb00000000000000000000000000100000 
	Parameter P[PA_BITS] bound to: 32'sb00000000000000000000000001000000 
	Parameter P[SVMODE_BITS] bound to: 32'sb00000000000000000000000000000011 
	Parameter P[ASID_BASE] bound to: 32'sb00000000000000000000000000000100 
	Parameter P[ASID_BITS] bound to: 32'sb00000000000000000000000000000100 
	Parameter P[NO_TRANSLATE] bound to: 4'b0011 
	Parameter P[SV32] bound to: 4'b0000 
	Parameter P[SV39] bound to: 4'b0001 
	Parameter P[SV48] bound to: 4'b0010 
	Parameter P[A_SUPPORTED] bound to: 1'b0 
	Parameter P[B_SUPPORTED] bound to: 1'b0 
	Parameter P[C_SUPPORTED] bound to: 1'b0 
	Parameter P[D_SUPPORTED] bound to: 1'b0 
	Parameter P[E_SUPPORTED] bound to: 1'b0 
	Parameter P[F_SUPPORTED] bound to: 1'b0 
	Parameter P[I_SUPPORTED] bound to: 1'b0 
	Parameter P[M_SUPPORTED] bound to: 1'b1 
	Parameter P[Q_SUPPORTED] bound to: 1'b0 
	Parameter P[S_SUPPORTED] bound to: 1'b1 
	Parameter P[U_SUPPORTED] bound to: 1'b1 
	Parameter P[LOG_XLEN] bound to: 32'sb00000000000000000000000000000110 
	Parameter P[FLEN] bound to: 32'sb00000000000000000000000001000000 
	Parameter P[LLEN] bound to: 32'sb00000000000000000000000001000000 
INFO: [Synth 8-6157] synthesizing module 'flopenr__parameterized5' [/home/ishfisav/wally_1/wally_1.srcs/sources_1/imports/cvw/src/generic/flop/flopenr.sv:28]
	Parameter WIDTH bound to: 62 - type: integer 
INFO: [Synth 8-6155] done synthesizing module 'flopenr__parameterized5' (0#1) [/home/ishfisav/wally_1/wally_1.srcs/sources_1/imports/cvw/src/generic/flop/flopenr.sv:28]
INFO: [Synth 8-6157] synthesizing module 'flopenr__parameterized6' [/home/ishfisav/wally_1/wally_1.srcs/sources_1/imports/cvw/src/generic/flop/flopenr.sv:28]
	Parameter WIDTH bound to: 8 - type: integer 
INFO: [Synth 8-6155] done synthesizing module 'flopenr__parameterized6' (0#1) [/home/ishfisav/wally_1/wally_1.srcs/sources_1/imports/cvw/src/generic/flop/flopenr.sv:28]
INFO: [Synth 8-6157] synthesizing module 'flopenr__parameterized7' [/home/ishfisav/wally_1/wally_1.srcs/sources_1/imports/cvw/src/generic/flop/flopenr.sv:28]
	Parameter WIDTH bound to: 16 - type: integer 
INFO: [Synth 8-6155] done synthesizing module 'flopenr__parameterized7' (0#1) [/home/ishfisav/wally_1/wally_1.srcs/sources_1/imports/cvw/src/generic/flop/flopenr.sv:28]
INFO: [Synth 8-6157] synthesizing module 'flopenr__parameterized8' [/home/ishfisav/wally_1/wally_1.srcs/sources_1/imports/cvw/src/generic/flop/flopenr.sv:28]
	Parameter WIDTH bound to: 12 - type: integer 
INFO: [Synth 8-6155] done synthesizing module 'flopenr__parameterized8' (0#1) [/home/ishfisav/wally_1/wally_1.srcs/sources_1/imports/cvw/src/generic/flop/flopenr.sv:28]
INFO: [Synth 8-6155] done synthesizing module 'csrm' (0#1) [/home/ishfisav/wally_1/wally_1.srcs/sources_1/imports/cvw/src/privileged/csrm.sv:35]
INFO: [Synth 8-6157] synthesizing module 'flopenrc__parameterized0' [/home/ishfisav/wally_1/wally_1.srcs/sources_1/imports/cvw/src/generic/flop/flopenrc.sv:28]
	Parameter WIDTH bound to: 64 - type: integer 
INFO: [Synth 8-6155] done synthesizing module 'flopenrc__parameterized0' (0#1) [/home/ishfisav/wally_1/wally_1.srcs/sources_1/imports/cvw/src/generic/flop/flopenrc.sv:28]
INFO: [Synth 8-6155] done synthesizing module 'csr' (0#1) [/home/ishfisav/wally_1/wally_1.srcs/sources_1/imports/cvw/src/privileged/csr.sv:32]
INFO: [Synth 8-6157] synthesizing module 'privpiperegs' [/home/ishfisav/wally_1/wally_1.srcs/sources_1/imports/cvw/src/privileged/privpiperegs.sv:30]
INFO: [Synth 8-6157] synthesizing module 'flopenrc__parameterized1' [/home/ishfisav/wally_1/wally_1.srcs/sources_1/imports/cvw/src/generic/flop/flopenrc.sv:28]
	Parameter WIDTH bound to: 4 - type: integer 
INFO: [Synth 8-6155] done synthesizing module 'flopenrc__parameterized1' (0#1) [/home/ishfisav/wally_1/wally_1.srcs/sources_1/imports/cvw/src/generic/flop/flopenrc.sv:28]
INFO: [Synth 8-6157] synthesizing module 'flopenrc__parameterized2' [/home/ishfisav/wally_1/wally_1.srcs/sources_1/imports/cvw/src/generic/flop/flopenrc.sv:28]
	Parameter WIDTH bound to: 5 - type: integer 
INFO: [Synth 8-6155] done synthesizing module 'flopenrc__parameterized2' (0#1) [/home/ishfisav/wally_1/wally_1.srcs/sources_1/imports/cvw/src/generic/flop/flopenrc.sv:28]
INFO: [Synth 8-6155] done synthesizing module 'privpiperegs' (0#1) [/home/ishfisav/wally_1/wally_1.srcs/sources_1/imports/cvw/src/privileged/privpiperegs.sv:30]
INFO: [Synth 8-6157] synthesizing module 'trap' [/home/ishfisav/wally_1/wally_1.srcs/sources_1/imports/cvw/src/privileged/trap.sv:30]
	Parameter P[XLEN] bound to: 32'sb00000000000000000000000001000000 
	Parameter P[IEEE754] bound to: 1'b0 
	Parameter P[MISA] bound to: 32'sb00000000000000000000000000000000 
	Parameter P[AHBW] bound to: 32'sb00000000000000000000000001000000 
	Parameter P[RAM_LATENCY] bound to: 32'sb00000000000000000000000000000000 
	Parameter P[BURST_EN] bound to: 1'b1 
	Parameter P[ZICSR_SUPPORTED] bound to: 1'b1 
	Parameter P[ZIFENCEI_SUPPORTED] bound to: 1'b1 
	Parameter P[COUNTERS] bound to: 12'b000000100000 
	Parameter P[ZICNTR_SUPPORTED] bound to: 1'b1 
	Parameter P[ZIHPM_SUPPORTED] bound to: 1'b1 
	Parameter P[ZFH_SUPPORTED] bound to: 1'b1 
	Parameter P[ZFA_SUPPORTED] bound to: 1'b1 
	Parameter P[SSTC_SUPPORTED] bound to: 1'b1 
	Parameter P[VIRTMEM_SUPPORTED] bound to: 1'b1 
	Parameter P[VECTORED_INTERRUPTS_SUPPORTED] bound to: 1'b1 
	Parameter P[BIGENDIAN_SUPPORTED] bound to: 1'b1 
	Parameter P[SVADU_SUPPORTED] bound to: 1'b1 
	Parameter P[ZMMUL_SUPPORTED] bound to: 1'b1 
	Parameter P[ZICBOM_SUPPORTED] bound to: 1'b1 
	Parameter P[ZICBOZ_SUPPORTED] bound to: 1'b1 
	Parameter P[ZICBOP_SUPPORTED] bound to: 1'b1 
	Parameter P[ZICCLSM_SUPPORTED] bound to: 1'b1 
	Parameter P[ZICOND_SUPPORTED] bound to: 1'b1 
	Parameter P[SVPBMT_SUPPORTED] bound to: 1'b1 
	Parameter P[SVNAPOT_SUPPORTED] bound to: 1'b1 
	Parameter P[SVINVAL_SUPPORTED] bound to: 1'b1 
	Parameter P[ZAAMO_SUPPORTED] bound to: 1'b1 
	Parameter P[ZALRSC_SUPPORTED] bound to: 1'b1 
	Parameter P[BUS_SUPPORTED] bound to: 1'b1 
	Parameter P[DCACHE_SUPPORTED] bound to: 1'b1 
	Parameter P[ICACHE_SUPPORTED] bound to: 1'b1 
	Parameter P[ITLB_ENTRIES] bound to: 32'sb00000000000000000000000000100000 
	Parameter P[DTLB_ENTRIES] bound to: 32'sb00000000000000000000000000100000 
	Parameter P[DCACHE_NUMWAYS] bound to: 32'sb00000000000000000000000000000100 
	Parameter P[DCACHE_WAYSIZEINBYTES] bound to: 32'sb00000000000000000001000000000000 
	Parameter P[DCACHE_LINELENINBITS] bound to: 32'sb00000000000000000000001000000000 
	Parameter P[ICACHE_NUMWAYS] bound to: 32'sb00000000000000000000000000000100 
	Parameter P[ICACHE_WAYSIZEINBYTES] bound to: 32'sb00000000000000000001000000000000 
	Parameter P[ICACHE_LINELENINBITS] bound to: 32'sb00000000000000000000001000000000 
	Parameter P[CACHE_SRAMLEN] bound to: 32'sb00000000000000000000000010000000 
	Parameter P[IDIV_BITSPERCYCLE] bound to: 32'sb00000000000000000000000000000100 
	Parameter P[IDIV_ON_FPU] bound to: 1'b1 
	Parameter P[PMP_ENTRIES] bound to: 32'sb00000000000000000000000000010000 
	Parameter P[RESET_VECTOR] bound to: 64'b0000000000000000000000000000000010000000000000000000000000000000 
	Parameter P[WFI_TIMEOUT_BIT] bound to: 32'sb00000000000000000000000000010000 
	Parameter P[DTIM_SUPPORTED] bound to: 1'b0 
	Parameter P[DTIM_BASE] bound to: 64'b0000000000000000000000000000000010000000000000000000000000000000 
	Parameter P[DTIM_RANGE] bound to: 64'b0000000000000000000000000000000000000000011111111111111111111111 
	Parameter P[IROM_SUPPORTED] bound to: 1'b0 
	Parameter P[IROM_BASE] bound to: 64'b0000000000000000000000000000000010000000000000000000000000000000 
	Parameter P[IROM_RANGE] bound to: 64'b0000000000000000000000000000000000000000011111111111111111111111 
	Parameter P[BOOTROM_SUPPORTED] bound to: 1'b0 
	Parameter P[BOOTROM_BASE] bound to: 64'b0000000000000000000000000000000000000000000000000001000000000000 
	Parameter P[BOOTROM_RANGE] bound to: 64'b0000000000000000000000000000000000000000000000000000111111111111 
	Parameter P[BOOTROM_PRELOAD] bound to: 1'b0 
	Parameter P[UNCORE_RAM_SUPPORTED] bound to: 1'b1 
	Parameter P[UNCORE_RAM_BASE] bound to: 64'b0000000000000000000000000000000010000000000000000000000000000000 
	Parameter P[UNCORE_RAM_RANGE] bound to: 64'b0000000000000000000000000000000000000000000000001001000000000000 
	Parameter P[UNCORE_RAM_PRELOAD] bound to: 1'b0 
	Parameter P[EXT_MEM_SUPPORTED] bound to: 1'b0 
	Parameter P[EXT_MEM_BASE] bound to: 64'b0000000000000000000000000000000010000000000000000000000000000000 
	Parameter P[EXT_MEM_RANGE] bound to: 64'b0000000000000000000000000000000000000111111111111111111111111111 
	Parameter P[CLINT_SUPPORTED] bound to: 1'b0 
	Parameter P[CLINT_BASE] bound to: 64'b0000000000000000000000000000000000000010000000000000000000000000 
	Parameter P[CLINT_RANGE] bound to: 64'b0000000000000000000000000000000000000000000000001111111111111111 
	Parameter P[GPIO_SUPPORTED] bound to: 1'b0 
	Parameter P[GPIO_BASE] bound to: 64'b0000000000000000000000000000000000010000000001100000000000000000 
	Parameter P[GPIO_RANGE] bound to: 64'b0000000000000000000000000000000000000000000000000000000011111111 
	Parameter P[UART_SUPPORTED] bound to: 1'b1 
	Parameter P[UART_BASE] bound to: 64'b0000000000000000000000000000000000010000000000000000000000000000 
	Parameter P[UART_RANGE] bound to: 64'b0000000000000000000000000000000000000000000000000000000000000111 
	Parameter P[PLIC_SUPPORTED] bound to: 1'b0 
	Parameter P[PLIC_BASE] bound to: 64'b0000000000000000000000000000000000001100000000000000000000000000 
	Parameter P[PLIC_RANGE] bound to: 64'b0000000000000000000000000000000000000011111111111111111111111111 
	Parameter P[SDC_SUPPORTED] bound to: 1'b0 
	Parameter P[SDC_BASE] bound to: 64'b0000000000000000000000000000000000000000000000010011000000000000 
	Parameter P[SDC_RANGE] bound to: 64'b0000000000000000000000000000000000000000000000000000000001111111 
	Parameter P[SPI_SUPPORTED] bound to: 1'b0 
	Parameter P[SPI_BASE] bound to: 64'b0000000000000000000000000000000000010000000001000000000000000000 
	Parameter P[SPI_RANGE] bound to: 64'b0000000000000000000000000000000000000000000000000000111111111111 
	Parameter P[GPIO_LOOPBACK_TEST] bound to: 1'b0 
	Parameter P[SPI_LOOPBACK_TEST] bound to: 1'b1 
	Parameter P[UART_PRESCALE] bound to: 32'sb00000000000000000000000000000001 
	Parameter P[PLIC_NUM_SRC] bound to: 32'sb00000000000000000000000000001010 
	Parameter P[PLIC_NUM_SRC_LT_32] bound to: 1'b1 
	Parameter P[PLIC_GPIO_ID] bound to: 32'sb00000000000000000000000000000011 
	Parameter P[PLIC_UART_ID] bound to: 32'sb00000000000000000000000000001010 
	Parameter P[PLIC_SPI_ID] bound to: 32'sb00000000000000000000000000000110 
	Parameter P[PLIC_SDC_ID] bound to: 32'sb00000000000000000000000000001001 
	Parameter P[BPRED_SUPPORTED] bound to: 1'b1 
	Parameter P[BPRED_TYPE] bound to: 32'b00000000000000000000000000000100 
	Parameter P[BPRED_NUM_LHR] bound to: 32'sb00000000000000000000000000000110 
	Parameter P[BPRED_SIZE] bound to: 32'sb00000000000000000000000000001010 
	Parameter P[BTB_SIZE] bound to: 32'sb00000000000000000000000000001010 
	Parameter P[RAS_SIZE] bound to: 32'sb00000000000000000000000000010000 
	Parameter P[INSTR_CLASS_PRED] bound to: 1'b1 
	Parameter P[RADIX] bound to: 32'sb00000000000000000000000000000100 
	Parameter P[DIVCOPIES] bound to: 32'sb00000000000000000000000000000100 
	Parameter P[ZBA_SUPPORTED] bound to: 1'b0 
	Parameter P[ZBB_SUPPORTED] bound to: 1'b1 
	Parameter P[ZBC_SUPPORTED] bound to: 1'b0 
	Parameter P[ZBS_SUPPORTED] bound to: 1'b0 
	Parameter P[ZCA_SUPPORTED] bound to: 1'b1 
	Parameter P[ZCB_SUPPORTED] bound to: 1'b0 
	Parameter P[ZCD_SUPPORTED] bound to: 1'b0 
	Parameter P[ZCF_SUPPORTED] bound to: 1'b1 
	Parameter P[ZBKB_SUPPORTED] bound to: 1'b0 
	Parameter P[ZBKC_SUPPORTED] bound to: 1'b0 
	Parameter P[ZBKX_SUPPORTED] bound to: 1'b0 
	Parameter P[ZKND_SUPPORTED] bound to: 1'b0 
	Parameter P[ZKNE_SUPPORTED] bound to: 1'b0 
	Parameter P[ZKNH_SUPPORTED] bound to: 1'b0 
	Parameter P[ZKN_SUPPORTED] bound to: 1'b0 
	Parameter P[USE_SRAM] bound to: 1'b1 
	Parameter P[M_MODE] bound to: 2'b00 
	Parameter P[S_MODE] bound to: 2'b01 
	Parameter P[U_MODE] bound to: 2'b10 
	Parameter P[VPN_SEGMENT_BITS] bound to: 32'sb00000000000000000000000000000011 
	Parameter P[VPN_BITS] bound to: 32'sb00000000000000000000000000000100 
	Parameter P[PPN_BITS] bound to: 32'sb00000000000000000000000000100000 
	Parameter P[PA_BITS] bound to: 32'sb00000000000000000000000001000000 
	Parameter P[SVMODE_BITS] bound to: 32'sb00000000000000000000000000000011 
	Parameter P[ASID_BASE] bound to: 32'sb00000000000000000000000000000100 
	Parameter P[ASID_BITS] bound to: 32'sb00000000000000000000000000000100 
	Parameter P[NO_TRANSLATE] bound to: 4'b0011 
	Parameter P[SV32] bound to: 4'b0000 
	Parameter P[SV39] bound to: 4'b0001 
	Parameter P[SV48] bound to: 4'b0010 
	Parameter P[A_SUPPORTED] bound to: 1'b0 
	Parameter P[B_SUPPORTED] bound to: 1'b0 
	Parameter P[C_SUPPORTED] bound to: 1'b0 
	Parameter P[D_SUPPORTED] bound to: 1'b0 
	Parameter P[E_SUPPORTED] bound to: 1'b0 
	Parameter P[F_SUPPORTED] bound to: 1'b0 
	Parameter P[I_SUPPORTED] bound to: 1'b0 
	Parameter P[M_SUPPORTED] bound to: 1'b1 
	Parameter P[Q_SUPPORTED] bound to: 1'b0 
	Parameter P[S_SUPPORTED] bound to: 1'b1 
	Parameter P[U_SUPPORTED] bound to: 1'b1 
	Parameter P[LOG_XLEN] bound to: 32'sb00000000000000000000000000000110 
	Parameter P[FLEN] bound to: 32'sb00000000000000000000000001000000 
	Parameter P[LLEN] bound to: 32'sb00000000000000000000000001000000 
INFO: [Synth 8-6155] done synthesizing module 'trap' (0#1) [/home/ishfisav/wally_1/wally_1.srcs/sources_1/imports/cvw/src/privileged/trap.sv:30]
INFO: [Synth 8-6155] done synthesizing module 'privileged' (0#1) [/home/ishfisav/wally_1/wally_1.srcs/sources_1/imports/cvw/src/privileged/privileged.sv:31]
INFO: [Synth 8-6157] synthesizing module 'mdu' [/home/ishfisav/wally_1/wally_1.srcs/sources_1/imports/cvw/src/mdu/mdu.sv:30]
	Parameter P[XLEN] bound to: 32'sb00000000000000000000000001000000 
	Parameter P[IEEE754] bound to: 1'b0 
	Parameter P[MISA] bound to: 32'sb00000000000000000000000000000000 
	Parameter P[AHBW] bound to: 32'sb00000000000000000000000001000000 
	Parameter P[RAM_LATENCY] bound to: 32'sb00000000000000000000000000000000 
	Parameter P[BURST_EN] bound to: 1'b1 
	Parameter P[ZICSR_SUPPORTED] bound to: 1'b1 
	Parameter P[ZIFENCEI_SUPPORTED] bound to: 1'b1 
	Parameter P[COUNTERS] bound to: 12'b000000100000 
	Parameter P[ZICNTR_SUPPORTED] bound to: 1'b1 
	Parameter P[ZIHPM_SUPPORTED] bound to: 1'b1 
	Parameter P[ZFH_SUPPORTED] bound to: 1'b1 
	Parameter P[ZFA_SUPPORTED] bound to: 1'b1 
	Parameter P[SSTC_SUPPORTED] bound to: 1'b1 
	Parameter P[VIRTMEM_SUPPORTED] bound to: 1'b1 
	Parameter P[VECTORED_INTERRUPTS_SUPPORTED] bound to: 1'b1 
	Parameter P[BIGENDIAN_SUPPORTED] bound to: 1'b1 
	Parameter P[SVADU_SUPPORTED] bound to: 1'b1 
	Parameter P[ZMMUL_SUPPORTED] bound to: 1'b1 
	Parameter P[ZICBOM_SUPPORTED] bound to: 1'b1 
	Parameter P[ZICBOZ_SUPPORTED] bound to: 1'b1 
	Parameter P[ZICBOP_SUPPORTED] bound to: 1'b1 
	Parameter P[ZICCLSM_SUPPORTED] bound to: 1'b1 
	Parameter P[ZICOND_SUPPORTED] bound to: 1'b1 
	Parameter P[SVPBMT_SUPPORTED] bound to: 1'b1 
	Parameter P[SVNAPOT_SUPPORTED] bound to: 1'b1 
	Parameter P[SVINVAL_SUPPORTED] bound to: 1'b1 
	Parameter P[ZAAMO_SUPPORTED] bound to: 1'b1 
	Parameter P[ZALRSC_SUPPORTED] bound to: 1'b1 
	Parameter P[BUS_SUPPORTED] bound to: 1'b1 
	Parameter P[DCACHE_SUPPORTED] bound to: 1'b1 
	Parameter P[ICACHE_SUPPORTED] bound to: 1'b1 
	Parameter P[ITLB_ENTRIES] bound to: 32'sb00000000000000000000000000100000 
	Parameter P[DTLB_ENTRIES] bound to: 32'sb00000000000000000000000000100000 
	Parameter P[DCACHE_NUMWAYS] bound to: 32'sb00000000000000000000000000000100 
	Parameter P[DCACHE_WAYSIZEINBYTES] bound to: 32'sb00000000000000000001000000000000 
	Parameter P[DCACHE_LINELENINBITS] bound to: 32'sb00000000000000000000001000000000 
	Parameter P[ICACHE_NUMWAYS] bound to: 32'sb00000000000000000000000000000100 
	Parameter P[ICACHE_WAYSIZEINBYTES] bound to: 32'sb00000000000000000001000000000000 
	Parameter P[ICACHE_LINELENINBITS] bound to: 32'sb00000000000000000000001000000000 
	Parameter P[CACHE_SRAMLEN] bound to: 32'sb00000000000000000000000010000000 
	Parameter P[IDIV_BITSPERCYCLE] bound to: 32'sb00000000000000000000000000000100 
	Parameter P[IDIV_ON_FPU] bound to: 1'b1 
	Parameter P[PMP_ENTRIES] bound to: 32'sb00000000000000000000000000010000 
	Parameter P[RESET_VECTOR] bound to: 64'b0000000000000000000000000000000010000000000000000000000000000000 
	Parameter P[WFI_TIMEOUT_BIT] bound to: 32'sb00000000000000000000000000010000 
	Parameter P[DTIM_SUPPORTED] bound to: 1'b0 
	Parameter P[DTIM_BASE] bound to: 64'b0000000000000000000000000000000010000000000000000000000000000000 
	Parameter P[DTIM_RANGE] bound to: 64'b0000000000000000000000000000000000000000011111111111111111111111 
	Parameter P[IROM_SUPPORTED] bound to: 1'b0 
	Parameter P[IROM_BASE] bound to: 64'b0000000000000000000000000000000010000000000000000000000000000000 
	Parameter P[IROM_RANGE] bound to: 64'b0000000000000000000000000000000000000000011111111111111111111111 
	Parameter P[BOOTROM_SUPPORTED] bound to: 1'b0 
	Parameter P[BOOTROM_BASE] bound to: 64'b0000000000000000000000000000000000000000000000000001000000000000 
	Parameter P[BOOTROM_RANGE] bound to: 64'b0000000000000000000000000000000000000000000000000000111111111111 
	Parameter P[BOOTROM_PRELOAD] bound to: 1'b0 
	Parameter P[UNCORE_RAM_SUPPORTED] bound to: 1'b1 
	Parameter P[UNCORE_RAM_BASE] bound to: 64'b0000000000000000000000000000000010000000000000000000000000000000 
	Parameter P[UNCORE_RAM_RANGE] bound to: 64'b0000000000000000000000000000000000000000000000001001000000000000 
	Parameter P[UNCORE_RAM_PRELOAD] bound to: 1'b0 
	Parameter P[EXT_MEM_SUPPORTED] bound to: 1'b0 
	Parameter P[EXT_MEM_BASE] bound to: 64'b0000000000000000000000000000000010000000000000000000000000000000 
	Parameter P[EXT_MEM_RANGE] bound to: 64'b0000000000000000000000000000000000000111111111111111111111111111 
	Parameter P[CLINT_SUPPORTED] bound to: 1'b0 
	Parameter P[CLINT_BASE] bound to: 64'b0000000000000000000000000000000000000010000000000000000000000000 
	Parameter P[CLINT_RANGE] bound to: 64'b0000000000000000000000000000000000000000000000001111111111111111 
	Parameter P[GPIO_SUPPORTED] bound to: 1'b0 
	Parameter P[GPIO_BASE] bound to: 64'b0000000000000000000000000000000000010000000001100000000000000000 
	Parameter P[GPIO_RANGE] bound to: 64'b0000000000000000000000000000000000000000000000000000000011111111 
	Parameter P[UART_SUPPORTED] bound to: 1'b1 
	Parameter P[UART_BASE] bound to: 64'b0000000000000000000000000000000000010000000000000000000000000000 
	Parameter P[UART_RANGE] bound to: 64'b0000000000000000000000000000000000000000000000000000000000000111 
	Parameter P[PLIC_SUPPORTED] bound to: 1'b0 
	Parameter P[PLIC_BASE] bound to: 64'b0000000000000000000000000000000000001100000000000000000000000000 
	Parameter P[PLIC_RANGE] bound to: 64'b0000000000000000000000000000000000000011111111111111111111111111 
	Parameter P[SDC_SUPPORTED] bound to: 1'b0 
	Parameter P[SDC_BASE] bound to: 64'b0000000000000000000000000000000000000000000000010011000000000000 
	Parameter P[SDC_RANGE] bound to: 64'b0000000000000000000000000000000000000000000000000000000001111111 
	Parameter P[SPI_SUPPORTED] bound to: 1'b0 
	Parameter P[SPI_BASE] bound to: 64'b0000000000000000000000000000000000010000000001000000000000000000 
	Parameter P[SPI_RANGE] bound to: 64'b0000000000000000000000000000000000000000000000000000111111111111 
	Parameter P[GPIO_LOOPBACK_TEST] bound to: 1'b0 
	Parameter P[SPI_LOOPBACK_TEST] bound to: 1'b1 
	Parameter P[UART_PRESCALE] bound to: 32'sb00000000000000000000000000000001 
	Parameter P[PLIC_NUM_SRC] bound to: 32'sb00000000000000000000000000001010 
	Parameter P[PLIC_NUM_SRC_LT_32] bound to: 1'b1 
	Parameter P[PLIC_GPIO_ID] bound to: 32'sb00000000000000000000000000000011 
	Parameter P[PLIC_UART_ID] bound to: 32'sb00000000000000000000000000001010 
	Parameter P[PLIC_SPI_ID] bound to: 32'sb00000000000000000000000000000110 
	Parameter P[PLIC_SDC_ID] bound to: 32'sb00000000000000000000000000001001 
	Parameter P[BPRED_SUPPORTED] bound to: 1'b1 
	Parameter P[BPRED_TYPE] bound to: 32'b00000000000000000000000000000100 
	Parameter P[BPRED_NUM_LHR] bound to: 32'sb00000000000000000000000000000110 
	Parameter P[BPRED_SIZE] bound to: 32'sb00000000000000000000000000001010 
	Parameter P[BTB_SIZE] bound to: 32'sb00000000000000000000000000001010 
	Parameter P[RAS_SIZE] bound to: 32'sb00000000000000000000000000010000 
	Parameter P[INSTR_CLASS_PRED] bound to: 1'b1 
	Parameter P[RADIX] bound to: 32'sb00000000000000000000000000000100 
	Parameter P[DIVCOPIES] bound to: 32'sb00000000000000000000000000000100 
	Parameter P[ZBA_SUPPORTED] bound to: 1'b0 
	Parameter P[ZBB_SUPPORTED] bound to: 1'b1 
	Parameter P[ZBC_SUPPORTED] bound to: 1'b0 
	Parameter P[ZBS_SUPPORTED] bound to: 1'b0 
	Parameter P[ZCA_SUPPORTED] bound to: 1'b1 
	Parameter P[ZCB_SUPPORTED] bound to: 1'b0 
	Parameter P[ZCD_SUPPORTED] bound to: 1'b0 
	Parameter P[ZCF_SUPPORTED] bound to: 1'b1 
	Parameter P[ZBKB_SUPPORTED] bound to: 1'b0 
	Parameter P[ZBKC_SUPPORTED] bound to: 1'b0 
	Parameter P[ZBKX_SUPPORTED] bound to: 1'b0 
	Parameter P[ZKND_SUPPORTED] bound to: 1'b0 
	Parameter P[ZKNE_SUPPORTED] bound to: 1'b0 
	Parameter P[ZKNH_SUPPORTED] bound to: 1'b0 
	Parameter P[ZKN_SUPPORTED] bound to: 1'b0 
	Parameter P[USE_SRAM] bound to: 1'b1 
	Parameter P[M_MODE] bound to: 2'b00 
	Parameter P[S_MODE] bound to: 2'b01 
	Parameter P[U_MODE] bound to: 2'b10 
	Parameter P[VPN_SEGMENT_BITS] bound to: 32'sb00000000000000000000000000000011 
	Parameter P[VPN_BITS] bound to: 32'sb00000000000000000000000000000100 
	Parameter P[PPN_BITS] bound to: 32'sb00000000000000000000000000100000 
	Parameter P[PA_BITS] bound to: 32'sb00000000000000000000000001000000 
	Parameter P[SVMODE_BITS] bound to: 32'sb00000000000000000000000000000011 
	Parameter P[ASID_BASE] bound to: 32'sb00000000000000000000000000000100 
	Parameter P[ASID_BITS] bound to: 32'sb00000000000000000000000000000100 
	Parameter P[NO_TRANSLATE] bound to: 4'b0011 
	Parameter P[SV32] bound to: 4'b0000 
	Parameter P[SV39] bound to: 4'b0001 
	Parameter P[SV48] bound to: 4'b0010 
	Parameter P[A_SUPPORTED] bound to: 1'b0 
	Parameter P[B_SUPPORTED] bound to: 1'b0 
	Parameter P[C_SUPPORTED] bound to: 1'b0 
	Parameter P[D_SUPPORTED] bound to: 1'b0 
	Parameter P[E_SUPPORTED] bound to: 1'b0 
	Parameter P[F_SUPPORTED] bound to: 1'b0 
	Parameter P[I_SUPPORTED] bound to: 1'b0 
	Parameter P[M_SUPPORTED] bound to: 1'b1 
	Parameter P[Q_SUPPORTED] bound to: 1'b0 
	Parameter P[S_SUPPORTED] bound to: 1'b1 
	Parameter P[U_SUPPORTED] bound to: 1'b1 
	Parameter P[LOG_XLEN] bound to: 32'sb00000000000000000000000000000110 
	Parameter P[FLEN] bound to: 32'sb00000000000000000000000001000000 
	Parameter P[LLEN] bound to: 32'sb00000000000000000000000001000000 
INFO: [Synth 8-6157] synthesizing module 'div' [/home/ishfisav/wally_1/wally_1.srcs/sources_1/imports/cvw/src/mdu/div.sv:30]
	Parameter P[XLEN] bound to: 32'sb00000000000000000000000001000000 
	Parameter P[IEEE754] bound to: 1'b0 
	Parameter P[MISA] bound to: 32'sb00000000000000000000000000000000 
	Parameter P[AHBW] bound to: 32'sb00000000000000000000000001000000 
	Parameter P[RAM_LATENCY] bound to: 32'sb00000000000000000000000000000000 
	Parameter P[BURST_EN] bound to: 1'b1 
	Parameter P[ZICSR_SUPPORTED] bound to: 1'b1 
	Parameter P[ZIFENCEI_SUPPORTED] bound to: 1'b1 
	Parameter P[COUNTERS] bound to: 12'b000000100000 
	Parameter P[ZICNTR_SUPPORTED] bound to: 1'b1 
	Parameter P[ZIHPM_SUPPORTED] bound to: 1'b1 
	Parameter P[ZFH_SUPPORTED] bound to: 1'b1 
	Parameter P[ZFA_SUPPORTED] bound to: 1'b1 
	Parameter P[SSTC_SUPPORTED] bound to: 1'b1 
	Parameter P[VIRTMEM_SUPPORTED] bound to: 1'b1 
	Parameter P[VECTORED_INTERRUPTS_SUPPORTED] bound to: 1'b1 
	Parameter P[BIGENDIAN_SUPPORTED] bound to: 1'b1 
	Parameter P[SVADU_SUPPORTED] bound to: 1'b1 
	Parameter P[ZMMUL_SUPPORTED] bound to: 1'b1 
	Parameter P[ZICBOM_SUPPORTED] bound to: 1'b1 
	Parameter P[ZICBOZ_SUPPORTED] bound to: 1'b1 
	Parameter P[ZICBOP_SUPPORTED] bound to: 1'b1 
	Parameter P[ZICCLSM_SUPPORTED] bound to: 1'b1 
	Parameter P[ZICOND_SUPPORTED] bound to: 1'b1 
	Parameter P[SVPBMT_SUPPORTED] bound to: 1'b1 
	Parameter P[SVNAPOT_SUPPORTED] bound to: 1'b1 
	Parameter P[SVINVAL_SUPPORTED] bound to: 1'b1 
	Parameter P[ZAAMO_SUPPORTED] bound to: 1'b1 
	Parameter P[ZALRSC_SUPPORTED] bound to: 1'b1 
	Parameter P[BUS_SUPPORTED] bound to: 1'b1 
	Parameter P[DCACHE_SUPPORTED] bound to: 1'b1 
	Parameter P[ICACHE_SUPPORTED] bound to: 1'b1 
	Parameter P[ITLB_ENTRIES] bound to: 32'sb00000000000000000000000000100000 
	Parameter P[DTLB_ENTRIES] bound to: 32'sb00000000000000000000000000100000 
	Parameter P[DCACHE_NUMWAYS] bound to: 32'sb00000000000000000000000000000100 
	Parameter P[DCACHE_WAYSIZEINBYTES] bound to: 32'sb00000000000000000001000000000000 
	Parameter P[DCACHE_LINELENINBITS] bound to: 32'sb00000000000000000000001000000000 
	Parameter P[ICACHE_NUMWAYS] bound to: 32'sb00000000000000000000000000000100 
	Parameter P[ICACHE_WAYSIZEINBYTES] bound to: 32'sb00000000000000000001000000000000 
	Parameter P[ICACHE_LINELENINBITS] bound to: 32'sb00000000000000000000001000000000 
	Parameter P[CACHE_SRAMLEN] bound to: 32'sb00000000000000000000000010000000 
	Parameter P[IDIV_BITSPERCYCLE] bound to: 32'sb00000000000000000000000000000100 
	Parameter P[IDIV_ON_FPU] bound to: 1'b1 
	Parameter P[PMP_ENTRIES] bound to: 32'sb00000000000000000000000000010000 
	Parameter P[RESET_VECTOR] bound to: 64'b0000000000000000000000000000000010000000000000000000000000000000 
	Parameter P[WFI_TIMEOUT_BIT] bound to: 32'sb00000000000000000000000000010000 
	Parameter P[DTIM_SUPPORTED] bound to: 1'b0 
	Parameter P[DTIM_BASE] bound to: 64'b0000000000000000000000000000000010000000000000000000000000000000 
	Parameter P[DTIM_RANGE] bound to: 64'b0000000000000000000000000000000000000000011111111111111111111111 
	Parameter P[IROM_SUPPORTED] bound to: 1'b0 
	Parameter P[IROM_BASE] bound to: 64'b0000000000000000000000000000000010000000000000000000000000000000 
	Parameter P[IROM_RANGE] bound to: 64'b0000000000000000000000000000000000000000011111111111111111111111 
	Parameter P[BOOTROM_SUPPORTED] bound to: 1'b0 
	Parameter P[BOOTROM_BASE] bound to: 64'b0000000000000000000000000000000000000000000000000001000000000000 
	Parameter P[BOOTROM_RANGE] bound to: 64'b0000000000000000000000000000000000000000000000000000111111111111 
	Parameter P[BOOTROM_PRELOAD] bound to: 1'b0 
	Parameter P[UNCORE_RAM_SUPPORTED] bound to: 1'b1 
	Parameter P[UNCORE_RAM_BASE] bound to: 64'b0000000000000000000000000000000010000000000000000000000000000000 
	Parameter P[UNCORE_RAM_RANGE] bound to: 64'b0000000000000000000000000000000000000000000000001001000000000000 
	Parameter P[UNCORE_RAM_PRELOAD] bound to: 1'b0 
	Parameter P[EXT_MEM_SUPPORTED] bound to: 1'b0 
	Parameter P[EXT_MEM_BASE] bound to: 64'b0000000000000000000000000000000010000000000000000000000000000000 
	Parameter P[EXT_MEM_RANGE] bound to: 64'b0000000000000000000000000000000000000111111111111111111111111111 
	Parameter P[CLINT_SUPPORTED] bound to: 1'b0 
	Parameter P[CLINT_BASE] bound to: 64'b0000000000000000000000000000000000000010000000000000000000000000 
	Parameter P[CLINT_RANGE] bound to: 64'b0000000000000000000000000000000000000000000000001111111111111111 
	Parameter P[GPIO_SUPPORTED] bound to: 1'b0 
	Parameter P[GPIO_BASE] bound to: 64'b0000000000000000000000000000000000010000000001100000000000000000 
	Parameter P[GPIO_RANGE] bound to: 64'b0000000000000000000000000000000000000000000000000000000011111111 
	Parameter P[UART_SUPPORTED] bound to: 1'b1 
	Parameter P[UART_BASE] bound to: 64'b0000000000000000000000000000000000010000000000000000000000000000 
	Parameter P[UART_RANGE] bound to: 64'b0000000000000000000000000000000000000000000000000000000000000111 
	Parameter P[PLIC_SUPPORTED] bound to: 1'b0 
	Parameter P[PLIC_BASE] bound to: 64'b0000000000000000000000000000000000001100000000000000000000000000 
	Parameter P[PLIC_RANGE] bound to: 64'b0000000000000000000000000000000000000011111111111111111111111111 
	Parameter P[SDC_SUPPORTED] bound to: 1'b0 
	Parameter P[SDC_BASE] bound to: 64'b0000000000000000000000000000000000000000000000010011000000000000 
	Parameter P[SDC_RANGE] bound to: 64'b0000000000000000000000000000000000000000000000000000000001111111 
	Parameter P[SPI_SUPPORTED] bound to: 1'b0 
	Parameter P[SPI_BASE] bound to: 64'b0000000000000000000000000000000000010000000001000000000000000000 
	Parameter P[SPI_RANGE] bound to: 64'b0000000000000000000000000000000000000000000000000000111111111111 
	Parameter P[GPIO_LOOPBACK_TEST] bound to: 1'b0 
	Parameter P[SPI_LOOPBACK_TEST] bound to: 1'b1 
	Parameter P[UART_PRESCALE] bound to: 32'sb00000000000000000000000000000001 
	Parameter P[PLIC_NUM_SRC] bound to: 32'sb00000000000000000000000000001010 
	Parameter P[PLIC_NUM_SRC_LT_32] bound to: 1'b1 
	Parameter P[PLIC_GPIO_ID] bound to: 32'sb00000000000000000000000000000011 
	Parameter P[PLIC_UART_ID] bound to: 32'sb00000000000000000000000000001010 
	Parameter P[PLIC_SPI_ID] bound to: 32'sb00000000000000000000000000000110 
	Parameter P[PLIC_SDC_ID] bound to: 32'sb00000000000000000000000000001001 
	Parameter P[BPRED_SUPPORTED] bound to: 1'b1 
	Parameter P[BPRED_TYPE] bound to: 32'b00000000000000000000000000000100 
	Parameter P[BPRED_NUM_LHR] bound to: 32'sb00000000000000000000000000000110 
	Parameter P[BPRED_SIZE] bound to: 32'sb00000000000000000000000000001010 
	Parameter P[BTB_SIZE] bound to: 32'sb00000000000000000000000000001010 
	Parameter P[RAS_SIZE] bound to: 32'sb00000000000000000000000000010000 
	Parameter P[INSTR_CLASS_PRED] bound to: 1'b1 
	Parameter P[RADIX] bound to: 32'sb00000000000000000000000000000100 
	Parameter P[DIVCOPIES] bound to: 32'sb00000000000000000000000000000100 
	Parameter P[ZBA_SUPPORTED] bound to: 1'b0 
	Parameter P[ZBB_SUPPORTED] bound to: 1'b1 
	Parameter P[ZBC_SUPPORTED] bound to: 1'b0 
	Parameter P[ZBS_SUPPORTED] bound to: 1'b0 
	Parameter P[ZCA_SUPPORTED] bound to: 1'b1 
	Parameter P[ZCB_SUPPORTED] bound to: 1'b0 
	Parameter P[ZCD_SUPPORTED] bound to: 1'b0 
	Parameter P[ZCF_SUPPORTED] bound to: 1'b1 
	Parameter P[ZBKB_SUPPORTED] bound to: 1'b0 
	Parameter P[ZBKC_SUPPORTED] bound to: 1'b0 
	Parameter P[ZBKX_SUPPORTED] bound to: 1'b0 
	Parameter P[ZKND_SUPPORTED] bound to: 1'b0 
	Parameter P[ZKNE_SUPPORTED] bound to: 1'b0 
	Parameter P[ZKNH_SUPPORTED] bound to: 1'b0 
	Parameter P[ZKN_SUPPORTED] bound to: 1'b0 
	Parameter P[USE_SRAM] bound to: 1'b1 
	Parameter P[M_MODE] bound to: 2'b00 
	Parameter P[S_MODE] bound to: 2'b01 
	Parameter P[U_MODE] bound to: 2'b10 
	Parameter P[VPN_SEGMENT_BITS] bound to: 32'sb00000000000000000000000000000011 
	Parameter P[VPN_BITS] bound to: 32'sb00000000000000000000000000000100 
	Parameter P[PPN_BITS] bound to: 32'sb00000000000000000000000000100000 
	Parameter P[PA_BITS] bound to: 32'sb00000000000000000000000001000000 
	Parameter P[SVMODE_BITS] bound to: 32'sb00000000000000000000000000000011 
	Parameter P[ASID_BASE] bound to: 32'sb00000000000000000000000000000100 
	Parameter P[ASID_BITS] bound to: 32'sb00000000000000000000000000000100 
	Parameter P[NO_TRANSLATE] bound to: 4'b0011 
	Parameter P[SV32] bound to: 4'b0000 
	Parameter P[SV39] bound to: 4'b0001 
	Parameter P[SV48] bound to: 4'b0010 
	Parameter P[A_SUPPORTED] bound to: 1'b0 
	Parameter P[B_SUPPORTED] bound to: 1'b0 
	Parameter P[C_SUPPORTED] bound to: 1'b0 
	Parameter P[D_SUPPORTED] bound to: 1'b0 
	Parameter P[E_SUPPORTED] bound to: 1'b0 
	Parameter P[F_SUPPORTED] bound to: 1'b0 
	Parameter P[I_SUPPORTED] bound to: 1'b0 
	Parameter P[M_SUPPORTED] bound to: 1'b1 
	Parameter P[Q_SUPPORTED] bound to: 1'b0 
	Parameter P[S_SUPPORTED] bound to: 1'b1 
	Parameter P[U_SUPPORTED] bound to: 1'b1 
	Parameter P[LOG_XLEN] bound to: 32'sb00000000000000000000000000000110 
	Parameter P[FLEN] bound to: 32'sb00000000000000000000000001000000 
	Parameter P[LLEN] bound to: 32'sb00000000000000000000000001000000 
INFO: [Synth 8-6157] synthesizing module 'divstep' [/home/ishfisav/wally_1/wally_1.srcs/sources_1/imports/cvw/src/mdu/divstep.sv:32]
	Parameter XLEN bound to: 64 - type: integer 
INFO: [Synth 8-6157] synthesizing module 'adder' [/home/ishfisav/wally_1/wally_1.srcs/sources_1/imports/cvw/src/generic/adder.sv:28]
	Parameter WIDTH bound to: 65 - type: integer 
INFO: [Synth 8-6155] done synthesizing module 'adder' (0#1) [/home/ishfisav/wally_1/wally_1.srcs/sources_1/imports/cvw/src/generic/adder.sv:28]
INFO: [Synth 8-6155] done synthesizing module 'divstep' (0#1) [/home/ishfisav/wally_1/wally_1.srcs/sources_1/imports/cvw/src/mdu/divstep.sv:32]
INFO: [Synth 8-6157] synthesizing module 'neg' [/home/ishfisav/wally_1/wally_1.srcs/sources_1/imports/cvw/src/generic/neg.sv:28]
	Parameter WIDTH bound to: 64 - type: integer 
INFO: [Synth 8-6155] done synthesizing module 'neg' (0#1) [/home/ishfisav/wally_1/wally_1.srcs/sources_1/imports/cvw/src/generic/neg.sv:28]
INFO: [Synth 8-6157] synthesizing module 'mux3' [/home/ishfisav/wally_1/wally_1.srcs/sources_1/imports/cvw/src/generic/mux.sv:38]
	Parameter WIDTH bound to: 64 - type: integer 
INFO: [Synth 8-6155] done synthesizing module 'mux3' (0#1) [/home/ishfisav/wally_1/wally_1.srcs/sources_1/imports/cvw/src/generic/mux.sv:38]
INFO: [Synth 8-6157] synthesizing module 'flopen__parameterized1' [/home/ishfisav/wally_1/wally_1.srcs/sources_1/imports/cvw/src/generic/flop/flopen.sv:28]
	Parameter WIDTH bound to: 64 - type: integer 
INFO: [Synth 8-6155] done synthesizing module 'flopen__parameterized1' (0#1) [/home/ishfisav/wally_1/wally_1.srcs/sources_1/imports/cvw/src/generic/flop/flopen.sv:28]
INFO: [Synth 8-6157] synthesizing module 'flopen__parameterized2' [/home/ishfisav/wally_1/wally_1.srcs/sources_1/imports/cvw/src/generic/flop/flopen.sv:28]
	Parameter WIDTH bound to: 3 - type: integer 
INFO: [Synth 8-6155] done synthesizing module 'flopen__parameterized2' (0#1) [/home/ishfisav/wally_1/wally_1.srcs/sources_1/imports/cvw/src/generic/flop/flopen.sv:28]
INFO: [Synth 8-6155] done synthesizing module 'div' (0#1) [/home/ishfisav/wally_1/wally_1.srcs/sources_1/imports/cvw/src/mdu/div.sv:30]
INFO: [Synth 8-6157] synthesizing module 'mul' [/home/ishfisav/wally_1/wally_1.srcs/sources_1/imports/cvw/src/mdu/mul.sv:30]
	Parameter XLEN bound to: 64 - type: integer 
INFO: [Synth 8-6157] synthesizing module 'flopenrc__parameterized3' [/home/ishfisav/wally_1/wally_1.srcs/sources_1/imports/cvw/src/generic/flop/flopenrc.sv:28]
	Parameter WIDTH bound to: 128 - type: integer 
INFO: [Synth 8-6155] done synthesizing module 'flopenrc__parameterized3' (0#1) [/home/ishfisav/wally_1/wally_1.srcs/sources_1/imports/cvw/src/generic/flop/flopenrc.sv:28]
INFO: [Synth 8-6155] done synthesizing module 'mul' (0#1) [/home/ishfisav/wally_1/wally_1.srcs/sources_1/imports/cvw/src/mdu/mul.sv:30]
INFO: [Synth 8-6155] done synthesizing module 'mdu' (0#1) [/home/ishfisav/wally_1/wally_1.srcs/sources_1/imports/cvw/src/mdu/mdu.sv:30]
INFO: [Synth 8-6157] synthesizing module 'ifu' [/home/ishfisav/wally_1/wally_1.srcs/sources_1/imports/cvw/src/ifu/ifu.sv:29]
	Parameter P[XLEN] bound to: 32'sb00000000000000000000000001000000 
	Parameter P[IEEE754] bound to: 1'b0 
	Parameter P[MISA] bound to: 32'sb00000000000000000000000000000000 
	Parameter P[AHBW] bound to: 32'sb00000000000000000000000001000000 
	Parameter P[RAM_LATENCY] bound to: 32'sb00000000000000000000000000000000 
	Parameter P[BURST_EN] bound to: 1'b1 
	Parameter P[ZICSR_SUPPORTED] bound to: 1'b1 
	Parameter P[ZIFENCEI_SUPPORTED] bound to: 1'b1 
	Parameter P[COUNTERS] bound to: 12'b000000100000 
	Parameter P[ZICNTR_SUPPORTED] bound to: 1'b1 
	Parameter P[ZIHPM_SUPPORTED] bound to: 1'b1 
	Parameter P[ZFH_SUPPORTED] bound to: 1'b1 
	Parameter P[ZFA_SUPPORTED] bound to: 1'b1 
	Parameter P[SSTC_SUPPORTED] bound to: 1'b1 
	Parameter P[VIRTMEM_SUPPORTED] bound to: 1'b1 
	Parameter P[VECTORED_INTERRUPTS_SUPPORTED] bound to: 1'b1 
	Parameter P[BIGENDIAN_SUPPORTED] bound to: 1'b1 
	Parameter P[SVADU_SUPPORTED] bound to: 1'b1 
	Parameter P[ZMMUL_SUPPORTED] bound to: 1'b1 
	Parameter P[ZICBOM_SUPPORTED] bound to: 1'b1 
	Parameter P[ZICBOZ_SUPPORTED] bound to: 1'b1 
	Parameter P[ZICBOP_SUPPORTED] bound to: 1'b1 
	Parameter P[ZICCLSM_SUPPORTED] bound to: 1'b1 
	Parameter P[ZICOND_SUPPORTED] bound to: 1'b1 
	Parameter P[SVPBMT_SUPPORTED] bound to: 1'b1 
	Parameter P[SVNAPOT_SUPPORTED] bound to: 1'b1 
	Parameter P[SVINVAL_SUPPORTED] bound to: 1'b1 
	Parameter P[ZAAMO_SUPPORTED] bound to: 1'b1 
	Parameter P[ZALRSC_SUPPORTED] bound to: 1'b1 
	Parameter P[BUS_SUPPORTED] bound to: 1'b1 
	Parameter P[DCACHE_SUPPORTED] bound to: 1'b1 
	Parameter P[ICACHE_SUPPORTED] bound to: 1'b1 
	Parameter P[ITLB_ENTRIES] bound to: 32'sb00000000000000000000000000100000 
	Parameter P[DTLB_ENTRIES] bound to: 32'sb00000000000000000000000000100000 
	Parameter P[DCACHE_NUMWAYS] bound to: 32'sb00000000000000000000000000000100 
	Parameter P[DCACHE_WAYSIZEINBYTES] bound to: 32'sb00000000000000000001000000000000 
	Parameter P[DCACHE_LINELENINBITS] bound to: 32'sb00000000000000000000001000000000 
	Parameter P[ICACHE_NUMWAYS] bound to: 32'sb00000000000000000000000000000100 
	Parameter P[ICACHE_WAYSIZEINBYTES] bound to: 32'sb00000000000000000001000000000000 
	Parameter P[ICACHE_LINELENINBITS] bound to: 32'sb00000000000000000000001000000000 
	Parameter P[CACHE_SRAMLEN] bound to: 32'sb00000000000000000000000010000000 
	Parameter P[IDIV_BITSPERCYCLE] bound to: 32'sb00000000000000000000000000000100 
	Parameter P[IDIV_ON_FPU] bound to: 1'b1 
	Parameter P[PMP_ENTRIES] bound to: 32'sb00000000000000000000000000010000 
	Parameter P[RESET_VECTOR] bound to: 64'b0000000000000000000000000000000010000000000000000000000000000000 
	Parameter P[WFI_TIMEOUT_BIT] bound to: 32'sb00000000000000000000000000010000 
	Parameter P[DTIM_SUPPORTED] bound to: 1'b0 
	Parameter P[DTIM_BASE] bound to: 64'b0000000000000000000000000000000010000000000000000000000000000000 
	Parameter P[DTIM_RANGE] bound to: 64'b0000000000000000000000000000000000000000011111111111111111111111 
	Parameter P[IROM_SUPPORTED] bound to: 1'b0 
	Parameter P[IROM_BASE] bound to: 64'b0000000000000000000000000000000010000000000000000000000000000000 
	Parameter P[IROM_RANGE] bound to: 64'b0000000000000000000000000000000000000000011111111111111111111111 
	Parameter P[BOOTROM_SUPPORTED] bound to: 1'b0 
	Parameter P[BOOTROM_BASE] bound to: 64'b0000000000000000000000000000000000000000000000000001000000000000 
	Parameter P[BOOTROM_RANGE] bound to: 64'b0000000000000000000000000000000000000000000000000000111111111111 
	Parameter P[BOOTROM_PRELOAD] bound to: 1'b0 
	Parameter P[UNCORE_RAM_SUPPORTED] bound to: 1'b1 
	Parameter P[UNCORE_RAM_BASE] bound to: 64'b0000000000000000000000000000000010000000000000000000000000000000 
	Parameter P[UNCORE_RAM_RANGE] bound to: 64'b0000000000000000000000000000000000000000000000001001000000000000 
	Parameter P[UNCORE_RAM_PRELOAD] bound to: 1'b0 
	Parameter P[EXT_MEM_SUPPORTED] bound to: 1'b0 
	Parameter P[EXT_MEM_BASE] bound to: 64'b0000000000000000000000000000000010000000000000000000000000000000 
	Parameter P[EXT_MEM_RANGE] bound to: 64'b0000000000000000000000000000000000000111111111111111111111111111 
	Parameter P[CLINT_SUPPORTED] bound to: 1'b0 
	Parameter P[CLINT_BASE] bound to: 64'b0000000000000000000000000000000000000010000000000000000000000000 
	Parameter P[CLINT_RANGE] bound to: 64'b0000000000000000000000000000000000000000000000001111111111111111 
	Parameter P[GPIO_SUPPORTED] bound to: 1'b0 
	Parameter P[GPIO_BASE] bound to: 64'b0000000000000000000000000000000000010000000001100000000000000000 
	Parameter P[GPIO_RANGE] bound to: 64'b0000000000000000000000000000000000000000000000000000000011111111 
	Parameter P[UART_SUPPORTED] bound to: 1'b1 
	Parameter P[UART_BASE] bound to: 64'b0000000000000000000000000000000000010000000000000000000000000000 
	Parameter P[UART_RANGE] bound to: 64'b0000000000000000000000000000000000000000000000000000000000000111 
	Parameter P[PLIC_SUPPORTED] bound to: 1'b0 
	Parameter P[PLIC_BASE] bound to: 64'b0000000000000000000000000000000000001100000000000000000000000000 
	Parameter P[PLIC_RANGE] bound to: 64'b0000000000000000000000000000000000000011111111111111111111111111 
	Parameter P[SDC_SUPPORTED] bound to: 1'b0 
	Parameter P[SDC_BASE] bound to: 64'b0000000000000000000000000000000000000000000000010011000000000000 
	Parameter P[SDC_RANGE] bound to: 64'b0000000000000000000000000000000000000000000000000000000001111111 
	Parameter P[SPI_SUPPORTED] bound to: 1'b0 
	Parameter P[SPI_BASE] bound to: 64'b0000000000000000000000000000000000010000000001000000000000000000 
	Parameter P[SPI_RANGE] bound to: 64'b0000000000000000000000000000000000000000000000000000111111111111 
	Parameter P[GPIO_LOOPBACK_TEST] bound to: 1'b0 
	Parameter P[SPI_LOOPBACK_TEST] bound to: 1'b1 
	Parameter P[UART_PRESCALE] bound to: 32'sb00000000000000000000000000000001 
	Parameter P[PLIC_NUM_SRC] bound to: 32'sb00000000000000000000000000001010 
	Parameter P[PLIC_NUM_SRC_LT_32] bound to: 1'b1 
	Parameter P[PLIC_GPIO_ID] bound to: 32'sb00000000000000000000000000000011 
	Parameter P[PLIC_UART_ID] bound to: 32'sb00000000000000000000000000001010 
	Parameter P[PLIC_SPI_ID] bound to: 32'sb00000000000000000000000000000110 
	Parameter P[PLIC_SDC_ID] bound to: 32'sb00000000000000000000000000001001 
	Parameter P[BPRED_SUPPORTED] bound to: 1'b1 
	Parameter P[BPRED_TYPE] bound to: 32'b00000000000000000000000000000100 
	Parameter P[BPRED_NUM_LHR] bound to: 32'sb00000000000000000000000000000110 
	Parameter P[BPRED_SIZE] bound to: 32'sb00000000000000000000000000001010 
	Parameter P[BTB_SIZE] bound to: 32'sb00000000000000000000000000001010 
	Parameter P[RAS_SIZE] bound to: 32'sb00000000000000000000000000010000 
	Parameter P[INSTR_CLASS_PRED] bound to: 1'b1 
	Parameter P[RADIX] bound to: 32'sb00000000000000000000000000000100 
	Parameter P[DIVCOPIES] bound to: 32'sb00000000000000000000000000000100 
	Parameter P[ZBA_SUPPORTED] bound to: 1'b0 
	Parameter P[ZBB_SUPPORTED] bound to: 1'b1 
	Parameter P[ZBC_SUPPORTED] bound to: 1'b0 
	Parameter P[ZBS_SUPPORTED] bound to: 1'b0 
	Parameter P[ZCA_SUPPORTED] bound to: 1'b1 
	Parameter P[ZCB_SUPPORTED] bound to: 1'b0 
	Parameter P[ZCD_SUPPORTED] bound to: 1'b0 
	Parameter P[ZCF_SUPPORTED] bound to: 1'b1 
	Parameter P[ZBKB_SUPPORTED] bound to: 1'b0 
	Parameter P[ZBKC_SUPPORTED] bound to: 1'b0 
	Parameter P[ZBKX_SUPPORTED] bound to: 1'b0 
	Parameter P[ZKND_SUPPORTED] bound to: 1'b0 
	Parameter P[ZKNE_SUPPORTED] bound to: 1'b0 
	Parameter P[ZKNH_SUPPORTED] bound to: 1'b0 
	Parameter P[ZKN_SUPPORTED] bound to: 1'b0 
	Parameter P[USE_SRAM] bound to: 1'b1 
	Parameter P[M_MODE] bound to: 2'b00 
	Parameter P[S_MODE] bound to: 2'b01 
	Parameter P[U_MODE] bound to: 2'b10 
	Parameter P[VPN_SEGMENT_BITS] bound to: 32'sb00000000000000000000000000000011 
	Parameter P[VPN_BITS] bound to: 32'sb00000000000000000000000000000100 
	Parameter P[PPN_BITS] bound to: 32'sb00000000000000000000000000100000 
	Parameter P[PA_BITS] bound to: 32'sb00000000000000000000000001000000 
	Parameter P[SVMODE_BITS] bound to: 32'sb00000000000000000000000000000011 
	Parameter P[ASID_BASE] bound to: 32'sb00000000000000000000000000000100 
	Parameter P[ASID_BITS] bound to: 32'sb00000000000000000000000000000100 
	Parameter P[NO_TRANSLATE] bound to: 4'b0011 
	Parameter P[SV32] bound to: 4'b0000 
	Parameter P[SV39] bound to: 4'b0001 
	Parameter P[SV48] bound to: 4'b0010 
	Parameter P[A_SUPPORTED] bound to: 1'b0 
	Parameter P[B_SUPPORTED] bound to: 1'b0 
	Parameter P[C_SUPPORTED] bound to: 1'b0 
	Parameter P[D_SUPPORTED] bound to: 1'b0 
	Parameter P[E_SUPPORTED] bound to: 1'b0 
	Parameter P[F_SUPPORTED] bound to: 1'b0 
	Parameter P[I_SUPPORTED] bound to: 1'b0 
	Parameter P[M_SUPPORTED] bound to: 1'b1 
	Parameter P[Q_SUPPORTED] bound to: 1'b0 
	Parameter P[S_SUPPORTED] bound to: 1'b1 
	Parameter P[U_SUPPORTED] bound to: 1'b1 
	Parameter P[LOG_XLEN] bound to: 32'sb00000000000000000000000000000110 
	Parameter P[FLEN] bound to: 32'sb00000000000000000000000001000000 
	Parameter P[LLEN] bound to: 32'sb00000000000000000000000001000000 
INFO: [Synth 8-6157] synthesizing module 'spill' [/home/ishfisav/wally_1/wally_1.srcs/sources_1/imports/cvw/src/ifu/spill.sv:33]
	Parameter P[XLEN] bound to: 32'sb00000000000000000000000001000000 
	Parameter P[IEEE754] bound to: 1'b0 
	Parameter P[MISA] bound to: 32'sb00000000000000000000000000000000 
	Parameter P[AHBW] bound to: 32'sb00000000000000000000000001000000 
	Parameter P[RAM_LATENCY] bound to: 32'sb00000000000000000000000000000000 
	Parameter P[BURST_EN] bound to: 1'b1 
	Parameter P[ZICSR_SUPPORTED] bound to: 1'b1 
	Parameter P[ZIFENCEI_SUPPORTED] bound to: 1'b1 
	Parameter P[COUNTERS] bound to: 12'b000000100000 
	Parameter P[ZICNTR_SUPPORTED] bound to: 1'b1 
	Parameter P[ZIHPM_SUPPORTED] bound to: 1'b1 
	Parameter P[ZFH_SUPPORTED] bound to: 1'b1 
	Parameter P[ZFA_SUPPORTED] bound to: 1'b1 
	Parameter P[SSTC_SUPPORTED] bound to: 1'b1 
	Parameter P[VIRTMEM_SUPPORTED] bound to: 1'b1 
	Parameter P[VECTORED_INTERRUPTS_SUPPORTED] bound to: 1'b1 
	Parameter P[BIGENDIAN_SUPPORTED] bound to: 1'b1 
	Parameter P[SVADU_SUPPORTED] bound to: 1'b1 
	Parameter P[ZMMUL_SUPPORTED] bound to: 1'b1 
	Parameter P[ZICBOM_SUPPORTED] bound to: 1'b1 
	Parameter P[ZICBOZ_SUPPORTED] bound to: 1'b1 
	Parameter P[ZICBOP_SUPPORTED] bound to: 1'b1 
	Parameter P[ZICCLSM_SUPPORTED] bound to: 1'b1 
	Parameter P[ZICOND_SUPPORTED] bound to: 1'b1 
	Parameter P[SVPBMT_SUPPORTED] bound to: 1'b1 
	Parameter P[SVNAPOT_SUPPORTED] bound to: 1'b1 
	Parameter P[SVINVAL_SUPPORTED] bound to: 1'b1 
	Parameter P[ZAAMO_SUPPORTED] bound to: 1'b1 
	Parameter P[ZALRSC_SUPPORTED] bound to: 1'b1 
	Parameter P[BUS_SUPPORTED] bound to: 1'b1 
	Parameter P[DCACHE_SUPPORTED] bound to: 1'b1 
	Parameter P[ICACHE_SUPPORTED] bound to: 1'b1 
	Parameter P[ITLB_ENTRIES] bound to: 32'sb00000000000000000000000000100000 
	Parameter P[DTLB_ENTRIES] bound to: 32'sb00000000000000000000000000100000 
	Parameter P[DCACHE_NUMWAYS] bound to: 32'sb00000000000000000000000000000100 
	Parameter P[DCACHE_WAYSIZEINBYTES] bound to: 32'sb00000000000000000001000000000000 
	Parameter P[DCACHE_LINELENINBITS] bound to: 32'sb00000000000000000000001000000000 
	Parameter P[ICACHE_NUMWAYS] bound to: 32'sb00000000000000000000000000000100 
	Parameter P[ICACHE_WAYSIZEINBYTES] bound to: 32'sb00000000000000000001000000000000 
	Parameter P[ICACHE_LINELENINBITS] bound to: 32'sb00000000000000000000001000000000 
	Parameter P[CACHE_SRAMLEN] bound to: 32'sb00000000000000000000000010000000 
	Parameter P[IDIV_BITSPERCYCLE] bound to: 32'sb00000000000000000000000000000100 
	Parameter P[IDIV_ON_FPU] bound to: 1'b1 
	Parameter P[PMP_ENTRIES] bound to: 32'sb00000000000000000000000000010000 
	Parameter P[RESET_VECTOR] bound to: 64'b0000000000000000000000000000000010000000000000000000000000000000 
	Parameter P[WFI_TIMEOUT_BIT] bound to: 32'sb00000000000000000000000000010000 
	Parameter P[DTIM_SUPPORTED] bound to: 1'b0 
	Parameter P[DTIM_BASE] bound to: 64'b0000000000000000000000000000000010000000000000000000000000000000 
	Parameter P[DTIM_RANGE] bound to: 64'b0000000000000000000000000000000000000000011111111111111111111111 
	Parameter P[IROM_SUPPORTED] bound to: 1'b0 
	Parameter P[IROM_BASE] bound to: 64'b0000000000000000000000000000000010000000000000000000000000000000 
	Parameter P[IROM_RANGE] bound to: 64'b0000000000000000000000000000000000000000011111111111111111111111 
	Parameter P[BOOTROM_SUPPORTED] bound to: 1'b0 
	Parameter P[BOOTROM_BASE] bound to: 64'b0000000000000000000000000000000000000000000000000001000000000000 
	Parameter P[BOOTROM_RANGE] bound to: 64'b0000000000000000000000000000000000000000000000000000111111111111 
	Parameter P[BOOTROM_PRELOAD] bound to: 1'b0 
	Parameter P[UNCORE_RAM_SUPPORTED] bound to: 1'b1 
	Parameter P[UNCORE_RAM_BASE] bound to: 64'b0000000000000000000000000000000010000000000000000000000000000000 
	Parameter P[UNCORE_RAM_RANGE] bound to: 64'b0000000000000000000000000000000000000000000000001001000000000000 
	Parameter P[UNCORE_RAM_PRELOAD] bound to: 1'b0 
	Parameter P[EXT_MEM_SUPPORTED] bound to: 1'b0 
	Parameter P[EXT_MEM_BASE] bound to: 64'b0000000000000000000000000000000010000000000000000000000000000000 
	Parameter P[EXT_MEM_RANGE] bound to: 64'b0000000000000000000000000000000000000111111111111111111111111111 
	Parameter P[CLINT_SUPPORTED] bound to: 1'b0 
	Parameter P[CLINT_BASE] bound to: 64'b0000000000000000000000000000000000000010000000000000000000000000 
	Parameter P[CLINT_RANGE] bound to: 64'b0000000000000000000000000000000000000000000000001111111111111111 
	Parameter P[GPIO_SUPPORTED] bound to: 1'b0 
	Parameter P[GPIO_BASE] bound to: 64'b0000000000000000000000000000000000010000000001100000000000000000 
	Parameter P[GPIO_RANGE] bound to: 64'b0000000000000000000000000000000000000000000000000000000011111111 
	Parameter P[UART_SUPPORTED] bound to: 1'b1 
	Parameter P[UART_BASE] bound to: 64'b0000000000000000000000000000000000010000000000000000000000000000 
	Parameter P[UART_RANGE] bound to: 64'b0000000000000000000000000000000000000000000000000000000000000111 
	Parameter P[PLIC_SUPPORTED] bound to: 1'b0 
	Parameter P[PLIC_BASE] bound to: 64'b0000000000000000000000000000000000001100000000000000000000000000 
	Parameter P[PLIC_RANGE] bound to: 64'b0000000000000000000000000000000000000011111111111111111111111111 
	Parameter P[SDC_SUPPORTED] bound to: 1'b0 
	Parameter P[SDC_BASE] bound to: 64'b0000000000000000000000000000000000000000000000010011000000000000 
	Parameter P[SDC_RANGE] bound to: 64'b0000000000000000000000000000000000000000000000000000000001111111 
	Parameter P[SPI_SUPPORTED] bound to: 1'b0 
	Parameter P[SPI_BASE] bound to: 64'b0000000000000000000000000000000000010000000001000000000000000000 
	Parameter P[SPI_RANGE] bound to: 64'b0000000000000000000000000000000000000000000000000000111111111111 
	Parameter P[GPIO_LOOPBACK_TEST] bound to: 1'b0 
	Parameter P[SPI_LOOPBACK_TEST] bound to: 1'b1 
	Parameter P[UART_PRESCALE] bound to: 32'sb00000000000000000000000000000001 
	Parameter P[PLIC_NUM_SRC] bound to: 32'sb00000000000000000000000000001010 
	Parameter P[PLIC_NUM_SRC_LT_32] bound to: 1'b1 
	Parameter P[PLIC_GPIO_ID] bound to: 32'sb00000000000000000000000000000011 
	Parameter P[PLIC_UART_ID] bound to: 32'sb00000000000000000000000000001010 
	Parameter P[PLIC_SPI_ID] bound to: 32'sb00000000000000000000000000000110 
	Parameter P[PLIC_SDC_ID] bound to: 32'sb00000000000000000000000000001001 
	Parameter P[BPRED_SUPPORTED] bound to: 1'b1 
	Parameter P[BPRED_TYPE] bound to: 32'b00000000000000000000000000000100 
	Parameter P[BPRED_NUM_LHR] bound to: 32'sb00000000000000000000000000000110 
	Parameter P[BPRED_SIZE] bound to: 32'sb00000000000000000000000000001010 
	Parameter P[BTB_SIZE] bound to: 32'sb00000000000000000000000000001010 
	Parameter P[RAS_SIZE] bound to: 32'sb00000000000000000000000000010000 
	Parameter P[INSTR_CLASS_PRED] bound to: 1'b1 
	Parameter P[RADIX] bound to: 32'sb00000000000000000000000000000100 
	Parameter P[DIVCOPIES] bound to: 32'sb00000000000000000000000000000100 
	Parameter P[ZBA_SUPPORTED] bound to: 1'b0 
	Parameter P[ZBB_SUPPORTED] bound to: 1'b1 
	Parameter P[ZBC_SUPPORTED] bound to: 1'b0 
	Parameter P[ZBS_SUPPORTED] bound to: 1'b0 
	Parameter P[ZCA_SUPPORTED] bound to: 1'b1 
	Parameter P[ZCB_SUPPORTED] bound to: 1'b0 
	Parameter P[ZCD_SUPPORTED] bound to: 1'b0 
	Parameter P[ZCF_SUPPORTED] bound to: 1'b1 
	Parameter P[ZBKB_SUPPORTED] bound to: 1'b0 
	Parameter P[ZBKC_SUPPORTED] bound to: 1'b0 
	Parameter P[ZBKX_SUPPORTED] bound to: 1'b0 
	Parameter P[ZKND_SUPPORTED] bound to: 1'b0 
	Parameter P[ZKNE_SUPPORTED] bound to: 1'b0 
	Parameter P[ZKNH_SUPPORTED] bound to: 1'b0 
	Parameter P[ZKN_SUPPORTED] bound to: 1'b0 
	Parameter P[USE_SRAM] bound to: 1'b1 
	Parameter P[M_MODE] bound to: 2'b00 
	Parameter P[S_MODE] bound to: 2'b01 
	Parameter P[U_MODE] bound to: 2'b10 
	Parameter P[VPN_SEGMENT_BITS] bound to: 32'sb00000000000000000000000000000011 
	Parameter P[VPN_BITS] bound to: 32'sb00000000000000000000000000000100 
	Parameter P[PPN_BITS] bound to: 32'sb00000000000000000000000000100000 
	Parameter P[PA_BITS] bound to: 32'sb00000000000000000000000001000000 
	Parameter P[SVMODE_BITS] bound to: 32'sb00000000000000000000000000000011 
	Parameter P[ASID_BASE] bound to: 32'sb00000000000000000000000000000100 
	Parameter P[ASID_BITS] bound to: 32'sb00000000000000000000000000000100 
	Parameter P[NO_TRANSLATE] bound to: 4'b0011 
	Parameter P[SV32] bound to: 4'b0000 
	Parameter P[SV39] bound to: 4'b0001 
	Parameter P[SV48] bound to: 4'b0010 
	Parameter P[A_SUPPORTED] bound to: 1'b0 
	Parameter P[B_SUPPORTED] bound to: 1'b0 
	Parameter P[C_SUPPORTED] bound to: 1'b0 
	Parameter P[D_SUPPORTED] bound to: 1'b0 
	Parameter P[E_SUPPORTED] bound to: 1'b0 
	Parameter P[F_SUPPORTED] bound to: 1'b0 
	Parameter P[I_SUPPORTED] bound to: 1'b0 
	Parameter P[M_SUPPORTED] bound to: 1'b1 
	Parameter P[Q_SUPPORTED] bound to: 1'b0 
	Parameter P[S_SUPPORTED] bound to: 1'b1 
	Parameter P[U_SUPPORTED] bound to: 1'b1 
	Parameter P[LOG_XLEN] bound to: 32'sb00000000000000000000000000000110 
	Parameter P[FLEN] bound to: 32'sb00000000000000000000000001000000 
	Parameter P[LLEN] bound to: 32'sb00000000000000000000000001000000 
INFO: [Synth 8-6157] synthesizing module 'flopr__parameterized1' [/home/ishfisav/wally_1/wally_1.srcs/sources_1/imports/cvw/src/generic/flop/flopr.sv:28]
	Parameter WIDTH bound to: 64 - type: integer 
INFO: [Synth 8-6155] done synthesizing module 'flopr__parameterized1' (0#1) [/home/ishfisav/wally_1/wally_1.srcs/sources_1/imports/cvw/src/generic/flop/flopr.sv:28]
INFO: [Synth 8-6157] synthesizing module 'mux2__parameterized1' [/home/ishfisav/wally_1/wally_1.srcs/sources_1/imports/cvw/src/generic/mux.sv:30]
	Parameter WIDTH bound to: 32 - type: integer 
INFO: [Synth 8-6155] done synthesizing module 'mux2__parameterized1' (0#1) [/home/ishfisav/wally_1/wally_1.srcs/sources_1/imports/cvw/src/generic/mux.sv:30]
INFO: [Synth 8-6155] done synthesizing module 'spill' (0#1) [/home/ishfisav/wally_1/wally_1.srcs/sources_1/imports/cvw/src/ifu/spill.sv:33]
INFO: [Synth 8-6157] synthesizing module 'mmu' [/home/ishfisav/wally_1/wally_1.srcs/sources_1/imports/cvw/src/mmu/mmu.sv:30]
	Parameter P[XLEN] bound to: 32'sb00000000000000000000000001000000 
	Parameter P[IEEE754] bound to: 1'b0 
	Parameter P[MISA] bound to: 32'sb00000000000000000000000000000000 
	Parameter P[AHBW] bound to: 32'sb00000000000000000000000001000000 
	Parameter P[RAM_LATENCY] bound to: 32'sb00000000000000000000000000000000 
	Parameter P[BURST_EN] bound to: 1'b1 
	Parameter P[ZICSR_SUPPORTED] bound to: 1'b1 
	Parameter P[ZIFENCEI_SUPPORTED] bound to: 1'b1 
	Parameter P[COUNTERS] bound to: 12'b000000100000 
	Parameter P[ZICNTR_SUPPORTED] bound to: 1'b1 
	Parameter P[ZIHPM_SUPPORTED] bound to: 1'b1 
	Parameter P[ZFH_SUPPORTED] bound to: 1'b1 
	Parameter P[ZFA_SUPPORTED] bound to: 1'b1 
	Parameter P[SSTC_SUPPORTED] bound to: 1'b1 
	Parameter P[VIRTMEM_SUPPORTED] bound to: 1'b1 
	Parameter P[VECTORED_INTERRUPTS_SUPPORTED] bound to: 1'b1 
	Parameter P[BIGENDIAN_SUPPORTED] bound to: 1'b1 
	Parameter P[SVADU_SUPPORTED] bound to: 1'b1 
	Parameter P[ZMMUL_SUPPORTED] bound to: 1'b1 
	Parameter P[ZICBOM_SUPPORTED] bound to: 1'b1 
	Parameter P[ZICBOZ_SUPPORTED] bound to: 1'b1 
	Parameter P[ZICBOP_SUPPORTED] bound to: 1'b1 
	Parameter P[ZICCLSM_SUPPORTED] bound to: 1'b1 
	Parameter P[ZICOND_SUPPORTED] bound to: 1'b1 
	Parameter P[SVPBMT_SUPPORTED] bound to: 1'b1 
	Parameter P[SVNAPOT_SUPPORTED] bound to: 1'b1 
	Parameter P[SVINVAL_SUPPORTED] bound to: 1'b1 
	Parameter P[ZAAMO_SUPPORTED] bound to: 1'b1 
	Parameter P[ZALRSC_SUPPORTED] bound to: 1'b1 
	Parameter P[BUS_SUPPORTED] bound to: 1'b1 
	Parameter P[DCACHE_SUPPORTED] bound to: 1'b1 
	Parameter P[ICACHE_SUPPORTED] bound to: 1'b1 
	Parameter P[ITLB_ENTRIES] bound to: 32'sb00000000000000000000000000100000 
	Parameter P[DTLB_ENTRIES] bound to: 32'sb00000000000000000000000000100000 
	Parameter P[DCACHE_NUMWAYS] bound to: 32'sb00000000000000000000000000000100 
	Parameter P[DCACHE_WAYSIZEINBYTES] bound to: 32'sb00000000000000000001000000000000 
	Parameter P[DCACHE_LINELENINBITS] bound to: 32'sb00000000000000000000001000000000 
	Parameter P[ICACHE_NUMWAYS] bound to: 32'sb00000000000000000000000000000100 
	Parameter P[ICACHE_WAYSIZEINBYTES] bound to: 32'sb00000000000000000001000000000000 
	Parameter P[ICACHE_LINELENINBITS] bound to: 32'sb00000000000000000000001000000000 
	Parameter P[CACHE_SRAMLEN] bound to: 32'sb00000000000000000000000010000000 
	Parameter P[IDIV_BITSPERCYCLE] bound to: 32'sb00000000000000000000000000000100 
	Parameter P[IDIV_ON_FPU] bound to: 1'b1 
	Parameter P[PMP_ENTRIES] bound to: 32'sb00000000000000000000000000010000 
	Parameter P[RESET_VECTOR] bound to: 64'b0000000000000000000000000000000010000000000000000000000000000000 
	Parameter P[WFI_TIMEOUT_BIT] bound to: 32'sb00000000000000000000000000010000 
	Parameter P[DTIM_SUPPORTED] bound to: 1'b0 
	Parameter P[DTIM_BASE] bound to: 64'b0000000000000000000000000000000010000000000000000000000000000000 
	Parameter P[DTIM_RANGE] bound to: 64'b0000000000000000000000000000000000000000011111111111111111111111 
	Parameter P[IROM_SUPPORTED] bound to: 1'b0 
	Parameter P[IROM_BASE] bound to: 64'b0000000000000000000000000000000010000000000000000000000000000000 
	Parameter P[IROM_RANGE] bound to: 64'b0000000000000000000000000000000000000000011111111111111111111111 
	Parameter P[BOOTROM_SUPPORTED] bound to: 1'b0 
	Parameter P[BOOTROM_BASE] bound to: 64'b0000000000000000000000000000000000000000000000000001000000000000 
	Parameter P[BOOTROM_RANGE] bound to: 64'b0000000000000000000000000000000000000000000000000000111111111111 
	Parameter P[BOOTROM_PRELOAD] bound to: 1'b0 
	Parameter P[UNCORE_RAM_SUPPORTED] bound to: 1'b1 
	Parameter P[UNCORE_RAM_BASE] bound to: 64'b0000000000000000000000000000000010000000000000000000000000000000 
	Parameter P[UNCORE_RAM_RANGE] bound to: 64'b0000000000000000000000000000000000000000000000001001000000000000 
	Parameter P[UNCORE_RAM_PRELOAD] bound to: 1'b0 
	Parameter P[EXT_MEM_SUPPORTED] bound to: 1'b0 
	Parameter P[EXT_MEM_BASE] bound to: 64'b0000000000000000000000000000000010000000000000000000000000000000 
	Parameter P[EXT_MEM_RANGE] bound to: 64'b0000000000000000000000000000000000000111111111111111111111111111 
	Parameter P[CLINT_SUPPORTED] bound to: 1'b0 
	Parameter P[CLINT_BASE] bound to: 64'b0000000000000000000000000000000000000010000000000000000000000000 
	Parameter P[CLINT_RANGE] bound to: 64'b0000000000000000000000000000000000000000000000001111111111111111 
	Parameter P[GPIO_SUPPORTED] bound to: 1'b0 
	Parameter P[GPIO_BASE] bound to: 64'b0000000000000000000000000000000000010000000001100000000000000000 
	Parameter P[GPIO_RANGE] bound to: 64'b0000000000000000000000000000000000000000000000000000000011111111 
	Parameter P[UART_SUPPORTED] bound to: 1'b1 
	Parameter P[UART_BASE] bound to: 64'b0000000000000000000000000000000000010000000000000000000000000000 
	Parameter P[UART_RANGE] bound to: 64'b0000000000000000000000000000000000000000000000000000000000000111 
	Parameter P[PLIC_SUPPORTED] bound to: 1'b0 
	Parameter P[PLIC_BASE] bound to: 64'b0000000000000000000000000000000000001100000000000000000000000000 
	Parameter P[PLIC_RANGE] bound to: 64'b0000000000000000000000000000000000000011111111111111111111111111 
	Parameter P[SDC_SUPPORTED] bound to: 1'b0 
	Parameter P[SDC_BASE] bound to: 64'b0000000000000000000000000000000000000000000000010011000000000000 
	Parameter P[SDC_RANGE] bound to: 64'b0000000000000000000000000000000000000000000000000000000001111111 
	Parameter P[SPI_SUPPORTED] bound to: 1'b0 
	Parameter P[SPI_BASE] bound to: 64'b0000000000000000000000000000000000010000000001000000000000000000 
	Parameter P[SPI_RANGE] bound to: 64'b0000000000000000000000000000000000000000000000000000111111111111 
	Parameter P[GPIO_LOOPBACK_TEST] bound to: 1'b0 
	Parameter P[SPI_LOOPBACK_TEST] bound to: 1'b1 
	Parameter P[UART_PRESCALE] bound to: 32'sb00000000000000000000000000000001 
	Parameter P[PLIC_NUM_SRC] bound to: 32'sb00000000000000000000000000001010 
	Parameter P[PLIC_NUM_SRC_LT_32] bound to: 1'b1 
	Parameter P[PLIC_GPIO_ID] bound to: 32'sb00000000000000000000000000000011 
	Parameter P[PLIC_UART_ID] bound to: 32'sb00000000000000000000000000001010 
	Parameter P[PLIC_SPI_ID] bound to: 32'sb00000000000000000000000000000110 
	Parameter P[PLIC_SDC_ID] bound to: 32'sb00000000000000000000000000001001 
	Parameter P[BPRED_SUPPORTED] bound to: 1'b1 
	Parameter P[BPRED_TYPE] bound to: 32'b00000000000000000000000000000100 
	Parameter P[BPRED_NUM_LHR] bound to: 32'sb00000000000000000000000000000110 
	Parameter P[BPRED_SIZE] bound to: 32'sb00000000000000000000000000001010 
	Parameter P[BTB_SIZE] bound to: 32'sb00000000000000000000000000001010 
	Parameter P[RAS_SIZE] bound to: 32'sb00000000000000000000000000010000 
	Parameter P[INSTR_CLASS_PRED] bound to: 1'b1 
	Parameter P[RADIX] bound to: 32'sb00000000000000000000000000000100 
	Parameter P[DIVCOPIES] bound to: 32'sb00000000000000000000000000000100 
	Parameter P[ZBA_SUPPORTED] bound to: 1'b0 
	Parameter P[ZBB_SUPPORTED] bound to: 1'b1 
	Parameter P[ZBC_SUPPORTED] bound to: 1'b0 
	Parameter P[ZBS_SUPPORTED] bound to: 1'b0 
	Parameter P[ZCA_SUPPORTED] bound to: 1'b1 
	Parameter P[ZCB_SUPPORTED] bound to: 1'b0 
	Parameter P[ZCD_SUPPORTED] bound to: 1'b0 
	Parameter P[ZCF_SUPPORTED] bound to: 1'b1 
	Parameter P[ZBKB_SUPPORTED] bound to: 1'b0 
	Parameter P[ZBKC_SUPPORTED] bound to: 1'b0 
	Parameter P[ZBKX_SUPPORTED] bound to: 1'b0 
	Parameter P[ZKND_SUPPORTED] bound to: 1'b0 
	Parameter P[ZKNE_SUPPORTED] bound to: 1'b0 
	Parameter P[ZKNH_SUPPORTED] bound to: 1'b0 
	Parameter P[ZKN_SUPPORTED] bound to: 1'b0 
	Parameter P[USE_SRAM] bound to: 1'b1 
	Parameter P[M_MODE] bound to: 2'b00 
	Parameter P[S_MODE] bound to: 2'b01 
	Parameter P[U_MODE] bound to: 2'b10 
	Parameter P[VPN_SEGMENT_BITS] bound to: 32'sb00000000000000000000000000000011 
	Parameter P[VPN_BITS] bound to: 32'sb00000000000000000000000000000100 
	Parameter P[PPN_BITS] bound to: 32'sb00000000000000000000000000100000 
	Parameter P[PA_BITS] bound to: 32'sb00000000000000000000000001000000 
	Parameter P[SVMODE_BITS] bound to: 32'sb00000000000000000000000000000011 
	Parameter P[ASID_BASE] bound to: 32'sb00000000000000000000000000000100 
	Parameter P[ASID_BITS] bound to: 32'sb00000000000000000000000000000100 
	Parameter P[NO_TRANSLATE] bound to: 4'b0011 
	Parameter P[SV32] bound to: 4'b0000 
	Parameter P[SV39] bound to: 4'b0001 
	Parameter P[SV48] bound to: 4'b0010 
	Parameter P[A_SUPPORTED] bound to: 1'b0 
	Parameter P[B_SUPPORTED] bound to: 1'b0 
	Parameter P[C_SUPPORTED] bound to: 1'b0 
	Parameter P[D_SUPPORTED] bound to: 1'b0 
	Parameter P[E_SUPPORTED] bound to: 1'b0 
	Parameter P[F_SUPPORTED] bound to: 1'b0 
	Parameter P[I_SUPPORTED] bound to: 1'b0 
	Parameter P[M_SUPPORTED] bound to: 1'b1 
	Parameter P[Q_SUPPORTED] bound to: 1'b0 
	Parameter P[S_SUPPORTED] bound to: 1'b1 
	Parameter P[U_SUPPORTED] bound to: 1'b1 
	Parameter P[LOG_XLEN] bound to: 32'sb00000000000000000000000000000110 
	Parameter P[FLEN] bound to: 32'sb00000000000000000000000001000000 
	Parameter P[LLEN] bound to: 32'sb00000000000000000000000001000000 
	Parameter TLB_ENTRIES bound to: 32 - type: integer 
	Parameter IMMU bound to: 1 - type: integer 
INFO: [Synth 8-6157] synthesizing module 'tlb' [/home/ishfisav/wally_1/wally_1.srcs/sources_1/imports/cvw/src/mmu/tlb/tlb.sv:54]
	Parameter P[XLEN] bound to: 32'sb00000000000000000000000001000000 
	Parameter P[IEEE754] bound to: 1'b0 
	Parameter P[MISA] bound to: 32'sb00000000000000000000000000000000 
	Parameter P[AHBW] bound to: 32'sb00000000000000000000000001000000 
	Parameter P[RAM_LATENCY] bound to: 32'sb00000000000000000000000000000000 
	Parameter P[BURST_EN] bound to: 1'b1 
	Parameter P[ZICSR_SUPPORTED] bound to: 1'b1 
	Parameter P[ZIFENCEI_SUPPORTED] bound to: 1'b1 
	Parameter P[COUNTERS] bound to: 12'b000000100000 
	Parameter P[ZICNTR_SUPPORTED] bound to: 1'b1 
	Parameter P[ZIHPM_SUPPORTED] bound to: 1'b1 
	Parameter P[ZFH_SUPPORTED] bound to: 1'b1 
	Parameter P[ZFA_SUPPORTED] bound to: 1'b1 
	Parameter P[SSTC_SUPPORTED] bound to: 1'b1 
	Parameter P[VIRTMEM_SUPPORTED] bound to: 1'b1 
	Parameter P[VECTORED_INTERRUPTS_SUPPORTED] bound to: 1'b1 
	Parameter P[BIGENDIAN_SUPPORTED] bound to: 1'b1 
	Parameter P[SVADU_SUPPORTED] bound to: 1'b1 
	Parameter P[ZMMUL_SUPPORTED] bound to: 1'b1 
	Parameter P[ZICBOM_SUPPORTED] bound to: 1'b1 
	Parameter P[ZICBOZ_SUPPORTED] bound to: 1'b1 
	Parameter P[ZICBOP_SUPPORTED] bound to: 1'b1 
	Parameter P[ZICCLSM_SUPPORTED] bound to: 1'b1 
	Parameter P[ZICOND_SUPPORTED] bound to: 1'b1 
	Parameter P[SVPBMT_SUPPORTED] bound to: 1'b1 
	Parameter P[SVNAPOT_SUPPORTED] bound to: 1'b1 
	Parameter P[SVINVAL_SUPPORTED] bound to: 1'b1 
	Parameter P[ZAAMO_SUPPORTED] bound to: 1'b1 
	Parameter P[ZALRSC_SUPPORTED] bound to: 1'b1 
	Parameter P[BUS_SUPPORTED] bound to: 1'b1 
	Parameter P[DCACHE_SUPPORTED] bound to: 1'b1 
	Parameter P[ICACHE_SUPPORTED] bound to: 1'b1 
	Parameter P[ITLB_ENTRIES] bound to: 32'sb00000000000000000000000000100000 
	Parameter P[DTLB_ENTRIES] bound to: 32'sb00000000000000000000000000100000 
	Parameter P[DCACHE_NUMWAYS] bound to: 32'sb00000000000000000000000000000100 
	Parameter P[DCACHE_WAYSIZEINBYTES] bound to: 32'sb00000000000000000001000000000000 
	Parameter P[DCACHE_LINELENINBITS] bound to: 32'sb00000000000000000000001000000000 
	Parameter P[ICACHE_NUMWAYS] bound to: 32'sb00000000000000000000000000000100 
	Parameter P[ICACHE_WAYSIZEINBYTES] bound to: 32'sb00000000000000000001000000000000 
	Parameter P[ICACHE_LINELENINBITS] bound to: 32'sb00000000000000000000001000000000 
	Parameter P[CACHE_SRAMLEN] bound to: 32'sb00000000000000000000000010000000 
	Parameter P[IDIV_BITSPERCYCLE] bound to: 32'sb00000000000000000000000000000100 
	Parameter P[IDIV_ON_FPU] bound to: 1'b1 
	Parameter P[PMP_ENTRIES] bound to: 32'sb00000000000000000000000000010000 
	Parameter P[RESET_VECTOR] bound to: 64'b0000000000000000000000000000000010000000000000000000000000000000 
	Parameter P[WFI_TIMEOUT_BIT] bound to: 32'sb00000000000000000000000000010000 
	Parameter P[DTIM_SUPPORTED] bound to: 1'b0 
	Parameter P[DTIM_BASE] bound to: 64'b0000000000000000000000000000000010000000000000000000000000000000 
	Parameter P[DTIM_RANGE] bound to: 64'b0000000000000000000000000000000000000000011111111111111111111111 
	Parameter P[IROM_SUPPORTED] bound to: 1'b0 
	Parameter P[IROM_BASE] bound to: 64'b0000000000000000000000000000000010000000000000000000000000000000 
	Parameter P[IROM_RANGE] bound to: 64'b0000000000000000000000000000000000000000011111111111111111111111 
	Parameter P[BOOTROM_SUPPORTED] bound to: 1'b0 
	Parameter P[BOOTROM_BASE] bound to: 64'b0000000000000000000000000000000000000000000000000001000000000000 
	Parameter P[BOOTROM_RANGE] bound to: 64'b0000000000000000000000000000000000000000000000000000111111111111 
	Parameter P[BOOTROM_PRELOAD] bound to: 1'b0 
	Parameter P[UNCORE_RAM_SUPPORTED] bound to: 1'b1 
	Parameter P[UNCORE_RAM_BASE] bound to: 64'b0000000000000000000000000000000010000000000000000000000000000000 
	Parameter P[UNCORE_RAM_RANGE] bound to: 64'b0000000000000000000000000000000000000000000000001001000000000000 
	Parameter P[UNCORE_RAM_PRELOAD] bound to: 1'b0 
	Parameter P[EXT_MEM_SUPPORTED] bound to: 1'b0 
	Parameter P[EXT_MEM_BASE] bound to: 64'b0000000000000000000000000000000010000000000000000000000000000000 
	Parameter P[EXT_MEM_RANGE] bound to: 64'b0000000000000000000000000000000000000111111111111111111111111111 
	Parameter P[CLINT_SUPPORTED] bound to: 1'b0 
	Parameter P[CLINT_BASE] bound to: 64'b0000000000000000000000000000000000000010000000000000000000000000 
	Parameter P[CLINT_RANGE] bound to: 64'b0000000000000000000000000000000000000000000000001111111111111111 
	Parameter P[GPIO_SUPPORTED] bound to: 1'b0 
	Parameter P[GPIO_BASE] bound to: 64'b0000000000000000000000000000000000010000000001100000000000000000 
	Parameter P[GPIO_RANGE] bound to: 64'b0000000000000000000000000000000000000000000000000000000011111111 
	Parameter P[UART_SUPPORTED] bound to: 1'b1 
	Parameter P[UART_BASE] bound to: 64'b0000000000000000000000000000000000010000000000000000000000000000 
	Parameter P[UART_RANGE] bound to: 64'b0000000000000000000000000000000000000000000000000000000000000111 
	Parameter P[PLIC_SUPPORTED] bound to: 1'b0 
	Parameter P[PLIC_BASE] bound to: 64'b0000000000000000000000000000000000001100000000000000000000000000 
	Parameter P[PLIC_RANGE] bound to: 64'b0000000000000000000000000000000000000011111111111111111111111111 
	Parameter P[SDC_SUPPORTED] bound to: 1'b0 
	Parameter P[SDC_BASE] bound to: 64'b0000000000000000000000000000000000000000000000010011000000000000 
	Parameter P[SDC_RANGE] bound to: 64'b0000000000000000000000000000000000000000000000000000000001111111 
	Parameter P[SPI_SUPPORTED] bound to: 1'b0 
	Parameter P[SPI_BASE] bound to: 64'b0000000000000000000000000000000000010000000001000000000000000000 
	Parameter P[SPI_RANGE] bound to: 64'b0000000000000000000000000000000000000000000000000000111111111111 
	Parameter P[GPIO_LOOPBACK_TEST] bound to: 1'b0 
	Parameter P[SPI_LOOPBACK_TEST] bound to: 1'b1 
	Parameter P[UART_PRESCALE] bound to: 32'sb00000000000000000000000000000001 
	Parameter P[PLIC_NUM_SRC] bound to: 32'sb00000000000000000000000000001010 
	Parameter P[PLIC_NUM_SRC_LT_32] bound to: 1'b1 
	Parameter P[PLIC_GPIO_ID] bound to: 32'sb00000000000000000000000000000011 
	Parameter P[PLIC_UART_ID] bound to: 32'sb00000000000000000000000000001010 
	Parameter P[PLIC_SPI_ID] bound to: 32'sb00000000000000000000000000000110 
	Parameter P[PLIC_SDC_ID] bound to: 32'sb00000000000000000000000000001001 
	Parameter P[BPRED_SUPPORTED] bound to: 1'b1 
	Parameter P[BPRED_TYPE] bound to: 32'b00000000000000000000000000000100 
	Parameter P[BPRED_NUM_LHR] bound to: 32'sb00000000000000000000000000000110 
	Parameter P[BPRED_SIZE] bound to: 32'sb00000000000000000000000000001010 
	Parameter P[BTB_SIZE] bound to: 32'sb00000000000000000000000000001010 
	Parameter P[RAS_SIZE] bound to: 32'sb00000000000000000000000000010000 
	Parameter P[INSTR_CLASS_PRED] bound to: 1'b1 
	Parameter P[RADIX] bound to: 32'sb00000000000000000000000000000100 
	Parameter P[DIVCOPIES] bound to: 32'sb00000000000000000000000000000100 
	Parameter P[ZBA_SUPPORTED] bound to: 1'b0 
	Parameter P[ZBB_SUPPORTED] bound to: 1'b1 
	Parameter P[ZBC_SUPPORTED] bound to: 1'b0 
	Parameter P[ZBS_SUPPORTED] bound to: 1'b0 
	Parameter P[ZCA_SUPPORTED] bound to: 1'b1 
	Parameter P[ZCB_SUPPORTED] bound to: 1'b0 
	Parameter P[ZCD_SUPPORTED] bound to: 1'b0 
	Parameter P[ZCF_SUPPORTED] bound to: 1'b1 
	Parameter P[ZBKB_SUPPORTED] bound to: 1'b0 
	Parameter P[ZBKC_SUPPORTED] bound to: 1'b0 
	Parameter P[ZBKX_SUPPORTED] bound to: 1'b0 
	Parameter P[ZKND_SUPPORTED] bound to: 1'b0 
	Parameter P[ZKNE_SUPPORTED] bound to: 1'b0 
	Parameter P[ZKNH_SUPPORTED] bound to: 1'b0 
	Parameter P[ZKN_SUPPORTED] bound to: 1'b0 
	Parameter P[USE_SRAM] bound to: 1'b1 
	Parameter P[M_MODE] bound to: 2'b00 
	Parameter P[S_MODE] bound to: 2'b01 
	Parameter P[U_MODE] bound to: 2'b10 
	Parameter P[VPN_SEGMENT_BITS] bound to: 32'sb00000000000000000000000000000011 
	Parameter P[VPN_BITS] bound to: 32'sb00000000000000000000000000000100 
	Parameter P[PPN_BITS] bound to: 32'sb00000000000000000000000000100000 
	Parameter P[PA_BITS] bound to: 32'sb00000000000000000000000001000000 
	Parameter P[SVMODE_BITS] bound to: 32'sb00000000000000000000000000000011 
	Parameter P[ASID_BASE] bound to: 32'sb00000000000000000000000000000100 
	Parameter P[ASID_BITS] bound to: 32'sb00000000000000000000000000000100 
	Parameter P[NO_TRANSLATE] bound to: 4'b0011 
	Parameter P[SV32] bound to: 4'b0000 
	Parameter P[SV39] bound to: 4'b0001 
	Parameter P[SV48] bound to: 4'b0010 
	Parameter P[A_SUPPORTED] bound to: 1'b0 
	Parameter P[B_SUPPORTED] bound to: 1'b0 
	Parameter P[C_SUPPORTED] bound to: 1'b0 
	Parameter P[D_SUPPORTED] bound to: 1'b0 
	Parameter P[E_SUPPORTED] bound to: 1'b0 
	Parameter P[F_SUPPORTED] bound to: 1'b0 
	Parameter P[I_SUPPORTED] bound to: 1'b0 
	Parameter P[M_SUPPORTED] bound to: 1'b1 
	Parameter P[Q_SUPPORTED] bound to: 1'b0 
	Parameter P[S_SUPPORTED] bound to: 1'b1 
	Parameter P[U_SUPPORTED] bound to: 1'b1 
	Parameter P[LOG_XLEN] bound to: 32'sb00000000000000000000000000000110 
	Parameter P[FLEN] bound to: 32'sb00000000000000000000000001000000 
	Parameter P[LLEN] bound to: 32'sb00000000000000000000000001000000 
	Parameter TLB_ENTRIES bound to: 32 - type: integer 
	Parameter ITLB bound to: 1 - type: integer 
INFO: [Synth 8-6157] synthesizing module 'tlbcontrol' [/home/ishfisav/wally_1/wally_1.srcs/sources_1/imports/cvw/src/mmu/tlb/tlbcontrol.sv:30]
	Parameter P[XLEN] bound to: 32'sb00000000000000000000000001000000 
	Parameter P[IEEE754] bound to: 1'b0 
	Parameter P[MISA] bound to: 32'sb00000000000000000000000000000000 
	Parameter P[AHBW] bound to: 32'sb00000000000000000000000001000000 
	Parameter P[RAM_LATENCY] bound to: 32'sb00000000000000000000000000000000 
	Parameter P[BURST_EN] bound to: 1'b1 
	Parameter P[ZICSR_SUPPORTED] bound to: 1'b1 
	Parameter P[ZIFENCEI_SUPPORTED] bound to: 1'b1 
	Parameter P[COUNTERS] bound to: 12'b000000100000 
	Parameter P[ZICNTR_SUPPORTED] bound to: 1'b1 
	Parameter P[ZIHPM_SUPPORTED] bound to: 1'b1 
	Parameter P[ZFH_SUPPORTED] bound to: 1'b1 
	Parameter P[ZFA_SUPPORTED] bound to: 1'b1 
	Parameter P[SSTC_SUPPORTED] bound to: 1'b1 
	Parameter P[VIRTMEM_SUPPORTED] bound to: 1'b1 
	Parameter P[VECTORED_INTERRUPTS_SUPPORTED] bound to: 1'b1 
	Parameter P[BIGENDIAN_SUPPORTED] bound to: 1'b1 
	Parameter P[SVADU_SUPPORTED] bound to: 1'b1 
	Parameter P[ZMMUL_SUPPORTED] bound to: 1'b1 
	Parameter P[ZICBOM_SUPPORTED] bound to: 1'b1 
	Parameter P[ZICBOZ_SUPPORTED] bound to: 1'b1 
	Parameter P[ZICBOP_SUPPORTED] bound to: 1'b1 
	Parameter P[ZICCLSM_SUPPORTED] bound to: 1'b1 
	Parameter P[ZICOND_SUPPORTED] bound to: 1'b1 
	Parameter P[SVPBMT_SUPPORTED] bound to: 1'b1 
	Parameter P[SVNAPOT_SUPPORTED] bound to: 1'b1 
	Parameter P[SVINVAL_SUPPORTED] bound to: 1'b1 
	Parameter P[ZAAMO_SUPPORTED] bound to: 1'b1 
	Parameter P[ZALRSC_SUPPORTED] bound to: 1'b1 
	Parameter P[BUS_SUPPORTED] bound to: 1'b1 
	Parameter P[DCACHE_SUPPORTED] bound to: 1'b1 
	Parameter P[ICACHE_SUPPORTED] bound to: 1'b1 
	Parameter P[ITLB_ENTRIES] bound to: 32'sb00000000000000000000000000100000 
	Parameter P[DTLB_ENTRIES] bound to: 32'sb00000000000000000000000000100000 
	Parameter P[DCACHE_NUMWAYS] bound to: 32'sb00000000000000000000000000000100 
	Parameter P[DCACHE_WAYSIZEINBYTES] bound to: 32'sb00000000000000000001000000000000 
	Parameter P[DCACHE_LINELENINBITS] bound to: 32'sb00000000000000000000001000000000 
	Parameter P[ICACHE_NUMWAYS] bound to: 32'sb00000000000000000000000000000100 
	Parameter P[ICACHE_WAYSIZEINBYTES] bound to: 32'sb00000000000000000001000000000000 
	Parameter P[ICACHE_LINELENINBITS] bound to: 32'sb00000000000000000000001000000000 
	Parameter P[CACHE_SRAMLEN] bound to: 32'sb00000000000000000000000010000000 
	Parameter P[IDIV_BITSPERCYCLE] bound to: 32'sb00000000000000000000000000000100 
	Parameter P[IDIV_ON_FPU] bound to: 1'b1 
	Parameter P[PMP_ENTRIES] bound to: 32'sb00000000000000000000000000010000 
	Parameter P[RESET_VECTOR] bound to: 64'b0000000000000000000000000000000010000000000000000000000000000000 
	Parameter P[WFI_TIMEOUT_BIT] bound to: 32'sb00000000000000000000000000010000 
	Parameter P[DTIM_SUPPORTED] bound to: 1'b0 
	Parameter P[DTIM_BASE] bound to: 64'b0000000000000000000000000000000010000000000000000000000000000000 
	Parameter P[DTIM_RANGE] bound to: 64'b0000000000000000000000000000000000000000011111111111111111111111 
	Parameter P[IROM_SUPPORTED] bound to: 1'b0 
	Parameter P[IROM_BASE] bound to: 64'b0000000000000000000000000000000010000000000000000000000000000000 
	Parameter P[IROM_RANGE] bound to: 64'b0000000000000000000000000000000000000000011111111111111111111111 
	Parameter P[BOOTROM_SUPPORTED] bound to: 1'b0 
	Parameter P[BOOTROM_BASE] bound to: 64'b0000000000000000000000000000000000000000000000000001000000000000 
	Parameter P[BOOTROM_RANGE] bound to: 64'b0000000000000000000000000000000000000000000000000000111111111111 
	Parameter P[BOOTROM_PRELOAD] bound to: 1'b0 
	Parameter P[UNCORE_RAM_SUPPORTED] bound to: 1'b1 
	Parameter P[UNCORE_RAM_BASE] bound to: 64'b0000000000000000000000000000000010000000000000000000000000000000 
	Parameter P[UNCORE_RAM_RANGE] bound to: 64'b0000000000000000000000000000000000000000000000001001000000000000 
	Parameter P[UNCORE_RAM_PRELOAD] bound to: 1'b0 
	Parameter P[EXT_MEM_SUPPORTED] bound to: 1'b0 
	Parameter P[EXT_MEM_BASE] bound to: 64'b0000000000000000000000000000000010000000000000000000000000000000 
	Parameter P[EXT_MEM_RANGE] bound to: 64'b0000000000000000000000000000000000000111111111111111111111111111 
	Parameter P[CLINT_SUPPORTED] bound to: 1'b0 
	Parameter P[CLINT_BASE] bound to: 64'b0000000000000000000000000000000000000010000000000000000000000000 
	Parameter P[CLINT_RANGE] bound to: 64'b0000000000000000000000000000000000000000000000001111111111111111 
	Parameter P[GPIO_SUPPORTED] bound to: 1'b0 
	Parameter P[GPIO_BASE] bound to: 64'b0000000000000000000000000000000000010000000001100000000000000000 
	Parameter P[GPIO_RANGE] bound to: 64'b0000000000000000000000000000000000000000000000000000000011111111 
	Parameter P[UART_SUPPORTED] bound to: 1'b1 
	Parameter P[UART_BASE] bound to: 64'b0000000000000000000000000000000000010000000000000000000000000000 
	Parameter P[UART_RANGE] bound to: 64'b0000000000000000000000000000000000000000000000000000000000000111 
	Parameter P[PLIC_SUPPORTED] bound to: 1'b0 
	Parameter P[PLIC_BASE] bound to: 64'b0000000000000000000000000000000000001100000000000000000000000000 
	Parameter P[PLIC_RANGE] bound to: 64'b0000000000000000000000000000000000000011111111111111111111111111 
	Parameter P[SDC_SUPPORTED] bound to: 1'b0 
	Parameter P[SDC_BASE] bound to: 64'b0000000000000000000000000000000000000000000000010011000000000000 
	Parameter P[SDC_RANGE] bound to: 64'b0000000000000000000000000000000000000000000000000000000001111111 
	Parameter P[SPI_SUPPORTED] bound to: 1'b0 
	Parameter P[SPI_BASE] bound to: 64'b0000000000000000000000000000000000010000000001000000000000000000 
	Parameter P[SPI_RANGE] bound to: 64'b0000000000000000000000000000000000000000000000000000111111111111 
	Parameter P[GPIO_LOOPBACK_TEST] bound to: 1'b0 
	Parameter P[SPI_LOOPBACK_TEST] bound to: 1'b1 
	Parameter P[UART_PRESCALE] bound to: 32'sb00000000000000000000000000000001 
	Parameter P[PLIC_NUM_SRC] bound to: 32'sb00000000000000000000000000001010 
	Parameter P[PLIC_NUM_SRC_LT_32] bound to: 1'b1 
	Parameter P[PLIC_GPIO_ID] bound to: 32'sb00000000000000000000000000000011 
	Parameter P[PLIC_UART_ID] bound to: 32'sb00000000000000000000000000001010 
	Parameter P[PLIC_SPI_ID] bound to: 32'sb00000000000000000000000000000110 
	Parameter P[PLIC_SDC_ID] bound to: 32'sb00000000000000000000000000001001 
	Parameter P[BPRED_SUPPORTED] bound to: 1'b1 
	Parameter P[BPRED_TYPE] bound to: 32'b00000000000000000000000000000100 
	Parameter P[BPRED_NUM_LHR] bound to: 32'sb00000000000000000000000000000110 
	Parameter P[BPRED_SIZE] bound to: 32'sb00000000000000000000000000001010 
	Parameter P[BTB_SIZE] bound to: 32'sb00000000000000000000000000001010 
	Parameter P[RAS_SIZE] bound to: 32'sb00000000000000000000000000010000 
	Parameter P[INSTR_CLASS_PRED] bound to: 1'b1 
	Parameter P[RADIX] bound to: 32'sb00000000000000000000000000000100 
	Parameter P[DIVCOPIES] bound to: 32'sb00000000000000000000000000000100 
	Parameter P[ZBA_SUPPORTED] bound to: 1'b0 
	Parameter P[ZBB_SUPPORTED] bound to: 1'b1 
	Parameter P[ZBC_SUPPORTED] bound to: 1'b0 
	Parameter P[ZBS_SUPPORTED] bound to: 1'b0 
	Parameter P[ZCA_SUPPORTED] bound to: 1'b1 
	Parameter P[ZCB_SUPPORTED] bound to: 1'b0 
	Parameter P[ZCD_SUPPORTED] bound to: 1'b0 
	Parameter P[ZCF_SUPPORTED] bound to: 1'b1 
	Parameter P[ZBKB_SUPPORTED] bound to: 1'b0 
	Parameter P[ZBKC_SUPPORTED] bound to: 1'b0 
	Parameter P[ZBKX_SUPPORTED] bound to: 1'b0 
	Parameter P[ZKND_SUPPORTED] bound to: 1'b0 
	Parameter P[ZKNE_SUPPORTED] bound to: 1'b0 
	Parameter P[ZKNH_SUPPORTED] bound to: 1'b0 
	Parameter P[ZKN_SUPPORTED] bound to: 1'b0 
	Parameter P[USE_SRAM] bound to: 1'b1 
	Parameter P[M_MODE] bound to: 2'b00 
	Parameter P[S_MODE] bound to: 2'b01 
	Parameter P[U_MODE] bound to: 2'b10 
	Parameter P[VPN_SEGMENT_BITS] bound to: 32'sb00000000000000000000000000000011 
	Parameter P[VPN_BITS] bound to: 32'sb00000000000000000000000000000100 
	Parameter P[PPN_BITS] bound to: 32'sb00000000000000000000000000100000 
	Parameter P[PA_BITS] bound to: 32'sb00000000000000000000000001000000 
	Parameter P[SVMODE_BITS] bound to: 32'sb00000000000000000000000000000011 
	Parameter P[ASID_BASE] bound to: 32'sb00000000000000000000000000000100 
	Parameter P[ASID_BITS] bound to: 32'sb00000000000000000000000000000100 
	Parameter P[NO_TRANSLATE] bound to: 4'b0011 
	Parameter P[SV32] bound to: 4'b0000 
	Parameter P[SV39] bound to: 4'b0001 
	Parameter P[SV48] bound to: 4'b0010 
	Parameter P[A_SUPPORTED] bound to: 1'b0 
	Parameter P[B_SUPPORTED] bound to: 1'b0 
	Parameter P[C_SUPPORTED] bound to: 1'b0 
	Parameter P[D_SUPPORTED] bound to: 1'b0 
	Parameter P[E_SUPPORTED] bound to: 1'b0 
	Parameter P[F_SUPPORTED] bound to: 1'b0 
	Parameter P[I_SUPPORTED] bound to: 1'b0 
	Parameter P[M_SUPPORTED] bound to: 1'b1 
	Parameter P[Q_SUPPORTED] bound to: 1'b0 
	Parameter P[S_SUPPORTED] bound to: 1'b1 
	Parameter P[U_SUPPORTED] bound to: 1'b1 
	Parameter P[LOG_XLEN] bound to: 32'sb00000000000000000000000000000110 
	Parameter P[FLEN] bound to: 32'sb00000000000000000000000001000000 
	Parameter P[LLEN] bound to: 32'sb00000000000000000000000001000000 
	Parameter ITLB[XLEN] bound to: 32'sb00000000000000000000000000000000 
	Parameter ITLB[IEEE754] bound to: 1'b0 
	Parameter ITLB[MISA] bound to: 32'sb00000000000000000000000000000000 
	Parameter ITLB[AHBW] bound to: 32'sb00000000000000000000000000000000 
	Parameter ITLB[RAM_LATENCY] bound to: 32'sb00000000000000000000000000000000 
	Parameter ITLB[BURST_EN] bound to: 1'b0 
	Parameter ITLB[ZICSR_SUPPORTED] bound to: 1'b0 
	Parameter ITLB[ZIFENCEI_SUPPORTED] bound to: 1'b0 
	Parameter ITLB[COUNTERS] bound to: 12'b000000000000 
	Parameter ITLB[ZICNTR_SUPPORTED] bound to: 1'b0 
	Parameter ITLB[ZIHPM_SUPPORTED] bound to: 1'b0 
	Parameter ITLB[ZFH_SUPPORTED] bound to: 1'b0 
	Parameter ITLB[ZFA_SUPPORTED] bound to: 1'b0 
	Parameter ITLB[SSTC_SUPPORTED] bound to: 1'b0 
	Parameter ITLB[VIRTMEM_SUPPORTED] bound to: 1'b0 
	Parameter ITLB[VECTORED_INTERRUPTS_SUPPORTED] bound to: 1'b0 
	Parameter ITLB[BIGENDIAN_SUPPORTED] bound to: 1'b0 
	Parameter ITLB[SVADU_SUPPORTED] bound to: 1'b0 
	Parameter ITLB[ZMMUL_SUPPORTED] bound to: 1'b0 
	Parameter ITLB[ZICBOM_SUPPORTED] bound to: 1'b0 
	Parameter ITLB[ZICBOZ_SUPPORTED] bound to: 1'b0 
	Parameter ITLB[ZICBOP_SUPPORTED] bound to: 1'b0 
	Parameter ITLB[ZICCLSM_SUPPORTED] bound to: 1'b0 
	Parameter ITLB[ZICOND_SUPPORTED] bound to: 1'b0 
	Parameter ITLB[SVPBMT_SUPPORTED] bound to: 1'b0 
	Parameter ITLB[SVNAPOT_SUPPORTED] bound to: 1'b0 
	Parameter ITLB[SVINVAL_SUPPORTED] bound to: 1'b0 
	Parameter ITLB[ZAAMO_SUPPORTED] bound to: 1'b0 
	Parameter ITLB[ZALRSC_SUPPORTED] bound to: 1'b0 
	Parameter ITLB[BUS_SUPPORTED] bound to: 1'b0 
	Parameter ITLB[DCACHE_SUPPORTED] bound to: 1'b0 
	Parameter ITLB[ICACHE_SUPPORTED] bound to: 1'b0 
	Parameter ITLB[ITLB_ENTRIES] bound to: 32'sb00000000000000000000000000000000 
	Parameter ITLB[DTLB_ENTRIES] bound to: 32'sb00000000000000000000000000000000 
	Parameter ITLB[DCACHE_NUMWAYS] bound to: 32'sb00000000000000000000000000000000 
	Parameter ITLB[DCACHE_WAYSIZEINBYTES] bound to: 32'sb00000000000000000000000000000000 
	Parameter ITLB[DCACHE_LINELENINBITS] bound to: 32'sb00000000000000000000000000000000 
	Parameter ITLB[ICACHE_NUMWAYS] bound to: 32'sb00000000000000000000000000000000 
	Parameter ITLB[ICACHE_WAYSIZEINBYTES] bound to: 32'sb00000000000000000000000000000000 
	Parameter ITLB[ICACHE_LINELENINBITS] bound to: 32'sb00000000000000000000000000000000 
	Parameter ITLB[CACHE_SRAMLEN] bound to: 32'sb00000000000000000000000000000000 
	Parameter ITLB[IDIV_BITSPERCYCLE] bound to: 32'sb00000000000000000000000000000000 
	Parameter ITLB[IDIV_ON_FPU] bound to: 1'b0 
	Parameter ITLB[PMP_ENTRIES] bound to: 32'sb00000000000000000000000000000000 
	Parameter ITLB[RESET_VECTOR] bound to: 64'b0000000000000000000000000000000000000000000000000000000000000000 
	Parameter ITLB[WFI_TIMEOUT_BIT] bound to: 32'sb00000000000000000000000000000000 
	Parameter ITLB[DTIM_SUPPORTED] bound to: 1'b0 
	Parameter ITLB[DTIM_BASE] bound to: 64'b0000000000000000000000000000000000000000000000000000000000000000 
	Parameter ITLB[DTIM_RANGE] bound to: 64'b0000000000000000000000000000000000000000000000000000000000000000 
	Parameter ITLB[IROM_SUPPORTED] bound to: 1'b0 
	Parameter ITLB[IROM_BASE] bound to: 64'b0000000000000000000000000000000000000000000000000000000000000000 
	Parameter ITLB[IROM_RANGE] bound to: 64'b0000000000000000000000000000000000000000000000000000000000000000 
	Parameter ITLB[BOOTROM_SUPPORTED] bound to: 1'b0 
	Parameter ITLB[BOOTROM_BASE] bound to: 64'b0000000000000000000000000000000000000000000000000000000000000000 
	Parameter ITLB[BOOTROM_RANGE] bound to: 64'b0000000000000000000000000000000000000000000000000000000000000000 
	Parameter ITLB[BOOTROM_PRELOAD] bound to: 1'b0 
	Parameter ITLB[UNCORE_RAM_SUPPORTED] bound to: 1'b0 
	Parameter ITLB[UNCORE_RAM_BASE] bound to: 64'b0000000000000000000000000000000000000000000000000000000000000000 
	Parameter ITLB[UNCORE_RAM_RANGE] bound to: 64'b0000000000000000000000000000000000000000000000000000000000000000 
	Parameter ITLB[UNCORE_RAM_PRELOAD] bound to: 1'b0 
	Parameter ITLB[EXT_MEM_SUPPORTED] bound to: 1'b0 
	Parameter ITLB[EXT_MEM_BASE] bound to: 64'b0000000000000000000000000000000000000000000000000000000000000000 
	Parameter ITLB[EXT_MEM_RANGE] bound to: 64'b0000000000000000000000000000000000000000000000000000000000000000 
	Parameter ITLB[CLINT_SUPPORTED] bound to: 1'b0 
	Parameter ITLB[CLINT_BASE] bound to: 64'b0000000000000000000000000000000000000000000000000000000000000000 
	Parameter ITLB[CLINT_RANGE] bound to: 64'b0000000000000000000000000000000000000000000000000000000000000000 
	Parameter ITLB[GPIO_SUPPORTED] bound to: 1'b0 
	Parameter ITLB[GPIO_BASE] bound to: 64'b0000000000000000000000000000000000000000000000000000000000000000 
	Parameter ITLB[GPIO_RANGE] bound to: 64'b0000000000000000000000000000000000000000000000000000000000000000 
	Parameter ITLB[UART_SUPPORTED] bound to: 1'b0 
	Parameter ITLB[UART_BASE] bound to: 64'b0000000000000000000000000000000000000000000000000000000000000000 
	Parameter ITLB[UART_RANGE] bound to: 64'b0000000000000000000000000000000000000000000000000000000000000000 
	Parameter ITLB[PLIC_SUPPORTED] bound to: 1'b0 
	Parameter ITLB[PLIC_BASE] bound to: 64'b0000000000000000000000000000000000000000000000000000000000000000 
	Parameter ITLB[PLIC_RANGE] bound to: 64'b0000000000000000000000000000000000000000000000000000000000000000 
	Parameter ITLB[SDC_SUPPORTED] bound to: 1'b0 
	Parameter ITLB[SDC_BASE] bound to: 64'b0000000000000000000000000000000000000000000000000000000000000000 
	Parameter ITLB[SDC_RANGE] bound to: 64'b0000000000000000000000000000000000000000000000000000000000000000 
	Parameter ITLB[SPI_SUPPORTED] bound to: 1'b0 
	Parameter ITLB[SPI_BASE] bound to: 64'b0000000000000000000000000000000000000000000000000000000000000000 
	Parameter ITLB[SPI_RANGE] bound to: 64'b0000000000000000000000000000000000000000000000000000000000000000 
	Parameter ITLB[GPIO_LOOPBACK_TEST] bound to: 1'b0 
	Parameter ITLB[SPI_LOOPBACK_TEST] bound to: 1'b0 
	Parameter ITLB[UART_PRESCALE] bound to: 32'sb00000000000000000000000000000000 
	Parameter ITLB[PLIC_NUM_SRC] bound to: 32'sb00000000000000000000000000000000 
	Parameter ITLB[PLIC_NUM_SRC_LT_32] bound to: 1'b0 
	Parameter ITLB[PLIC_GPIO_ID] bound to: 32'sb00000000000000000000000000000000 
	Parameter ITLB[PLIC_UART_ID] bound to: 32'sb00000000000000000000000000000000 
	Parameter ITLB[PLIC_SPI_ID] bound to: 32'sb00000000000000000000000000000000 
	Parameter ITLB[PLIC_SDC_ID] bound to: 32'sb00000000000000000000000000000000 
	Parameter ITLB[BPRED_SUPPORTED] bound to: 1'b0 
	Parameter ITLB[BPRED_TYPE] bound to: 32'b00000000000000000000000000000000 
	Parameter ITLB[BPRED_NUM_LHR] bound to: 32'sb00000000000000000000000000000000 
	Parameter ITLB[BPRED_SIZE] bound to: 32'sb00000000000000000000000000000000 
	Parameter ITLB[BTB_SIZE] bound to: 32'sb00000000000000000000000000000000 
	Parameter ITLB[RAS_SIZE] bound to: 32'sb00000000000000000000000000000000 
	Parameter ITLB[INSTR_CLASS_PRED] bound to: 1'b0 
	Parameter ITLB[RADIX] bound to: 32'sb00000000000000000000000000000000 
	Parameter ITLB[DIVCOPIES] bound to: 32'sb00000000000000000000000000000000 
	Parameter ITLB[ZBA_SUPPORTED] bound to: 1'b0 
	Parameter ITLB[ZBB_SUPPORTED] bound to: 1'b0 
	Parameter ITLB[ZBC_SUPPORTED] bound to: 1'b0 
	Parameter ITLB[ZBS_SUPPORTED] bound to: 1'b0 
	Parameter ITLB[ZCA_SUPPORTED] bound to: 1'b0 
	Parameter ITLB[ZCB_SUPPORTED] bound to: 1'b0 
	Parameter ITLB[ZCD_SUPPORTED] bound to: 1'b0 
	Parameter ITLB[ZCF_SUPPORTED] bound to: 1'b0 
	Parameter ITLB[ZBKB_SUPPORTED] bound to: 1'b0 
	Parameter ITLB[ZBKC_SUPPORTED] bound to: 1'b0 
	Parameter ITLB[ZBKX_SUPPORTED] bound to: 1'b0 
	Parameter ITLB[ZKND_SUPPORTED] bound to: 1'b0 
	Parameter ITLB[ZKNE_SUPPORTED] bound to: 1'b0 
	Parameter ITLB[ZKNH_SUPPORTED] bound to: 1'b0 
	Parameter ITLB[ZKN_SUPPORTED] bound to: 1'b0 
	Parameter ITLB[USE_SRAM] bound to: 1'b0 
	Parameter ITLB[M_MODE] bound to: 2'b00 
	Parameter ITLB[S_MODE] bound to: 2'b00 
	Parameter ITLB[U_MODE] bound to: 2'b00 
	Parameter ITLB[VPN_SEGMENT_BITS] bound to: 32'sb00000000000000000000000000000000 
	Parameter ITLB[VPN_BITS] bound to: 32'sb00000000000000000000000000000000 
	Parameter ITLB[PPN_BITS] bound to: 32'sb00000000000000000000000000000000 
	Parameter ITLB[PA_BITS] bound to: 32'sb00000000000000000000000000000000 
	Parameter ITLB[SVMODE_BITS] bound to: 32'sb00000000000000000000000000000000 
	Parameter ITLB[ASID_BASE] bound to: 32'sb00000000000000000000000000000000 
	Parameter ITLB[ASID_BITS] bound to: 32'sb00000000000000000000000000000000 
	Parameter ITLB[NO_TRANSLATE] bound to: 4'b0000 
	Parameter ITLB[SV32] bound to: 4'b0000 
	Parameter ITLB[SV39] bound to: 4'b0000 
	Parameter ITLB[SV48] bound to: 4'b0000 
	Parameter ITLB[A_SUPPORTED] bound to: 1'b0 
	Parameter ITLB[B_SUPPORTED] bound to: 1'b0 
	Parameter ITLB[C_SUPPORTED] bound to: 1'b0 
	Parameter ITLB[D_SUPPORTED] bound to: 1'b0 
	Parameter ITLB[E_SUPPORTED] bound to: 1'b0 
	Parameter ITLB[F_SUPPORTED] bound to: 1'b0 
	Parameter ITLB[I_SUPPORTED] bound to: 1'b0 
	Parameter ITLB[M_SUPPORTED] bound to: 1'b0 
	Parameter ITLB[Q_SUPPORTED] bound to: 1'b0 
	Parameter ITLB[S_SUPPORTED] bound to: 1'b0 
	Parameter ITLB[U_SUPPORTED] bound to: 1'b0 
	Parameter ITLB[LOG_XLEN] bound to: 32'sb00000000000000000000000000000000 
	Parameter ITLB[FLEN] bound to: 32'sb00000000000000000000000000000000 
	Parameter ITLB[LLEN] bound to: 32'sb00000000000000000000000000000001 
INFO: [Synth 8-6157] synthesizing module 'vm64check' [/home/ishfisav/wally_1/wally_1.srcs/sources_1/imports/cvw/src/mmu/tlb/vm64check.sv:30]
	Parameter P[XLEN] bound to: 32'sb00000000000000000000000001000000 
	Parameter P[IEEE754] bound to: 1'b0 
	Parameter P[MISA] bound to: 32'sb00000000000000000000000000000000 
	Parameter P[AHBW] bound to: 32'sb00000000000000000000000001000000 
	Parameter P[RAM_LATENCY] bound to: 32'sb00000000000000000000000000000000 
	Parameter P[BURST_EN] bound to: 1'b1 
	Parameter P[ZICSR_SUPPORTED] bound to: 1'b1 
	Parameter P[ZIFENCEI_SUPPORTED] bound to: 1'b1 
	Parameter P[COUNTERS] bound to: 12'b000000100000 
	Parameter P[ZICNTR_SUPPORTED] bound to: 1'b1 
	Parameter P[ZIHPM_SUPPORTED] bound to: 1'b1 
	Parameter P[ZFH_SUPPORTED] bound to: 1'b1 
	Parameter P[ZFA_SUPPORTED] bound to: 1'b1 
	Parameter P[SSTC_SUPPORTED] bound to: 1'b1 
	Parameter P[VIRTMEM_SUPPORTED] bound to: 1'b1 
	Parameter P[VECTORED_INTERRUPTS_SUPPORTED] bound to: 1'b1 
	Parameter P[BIGENDIAN_SUPPORTED] bound to: 1'b1 
	Parameter P[SVADU_SUPPORTED] bound to: 1'b1 
	Parameter P[ZMMUL_SUPPORTED] bound to: 1'b1 
	Parameter P[ZICBOM_SUPPORTED] bound to: 1'b1 
	Parameter P[ZICBOZ_SUPPORTED] bound to: 1'b1 
	Parameter P[ZICBOP_SUPPORTED] bound to: 1'b1 
	Parameter P[ZICCLSM_SUPPORTED] bound to: 1'b1 
	Parameter P[ZICOND_SUPPORTED] bound to: 1'b1 
	Parameter P[SVPBMT_SUPPORTED] bound to: 1'b1 
	Parameter P[SVNAPOT_SUPPORTED] bound to: 1'b1 
	Parameter P[SVINVAL_SUPPORTED] bound to: 1'b1 
	Parameter P[ZAAMO_SUPPORTED] bound to: 1'b1 
	Parameter P[ZALRSC_SUPPORTED] bound to: 1'b1 
	Parameter P[BUS_SUPPORTED] bound to: 1'b1 
	Parameter P[DCACHE_SUPPORTED] bound to: 1'b1 
	Parameter P[ICACHE_SUPPORTED] bound to: 1'b1 
	Parameter P[ITLB_ENTRIES] bound to: 32'sb00000000000000000000000000100000 
	Parameter P[DTLB_ENTRIES] bound to: 32'sb00000000000000000000000000100000 
	Parameter P[DCACHE_NUMWAYS] bound to: 32'sb00000000000000000000000000000100 
	Parameter P[DCACHE_WAYSIZEINBYTES] bound to: 32'sb00000000000000000001000000000000 
	Parameter P[DCACHE_LINELENINBITS] bound to: 32'sb00000000000000000000001000000000 
	Parameter P[ICACHE_NUMWAYS] bound to: 32'sb00000000000000000000000000000100 
	Parameter P[ICACHE_WAYSIZEINBYTES] bound to: 32'sb00000000000000000001000000000000 
	Parameter P[ICACHE_LINELENINBITS] bound to: 32'sb00000000000000000000001000000000 
	Parameter P[CACHE_SRAMLEN] bound to: 32'sb00000000000000000000000010000000 
	Parameter P[IDIV_BITSPERCYCLE] bound to: 32'sb00000000000000000000000000000100 
	Parameter P[IDIV_ON_FPU] bound to: 1'b1 
	Parameter P[PMP_ENTRIES] bound to: 32'sb00000000000000000000000000010000 
	Parameter P[RESET_VECTOR] bound to: 64'b0000000000000000000000000000000010000000000000000000000000000000 
	Parameter P[WFI_TIMEOUT_BIT] bound to: 32'sb00000000000000000000000000010000 
	Parameter P[DTIM_SUPPORTED] bound to: 1'b0 
	Parameter P[DTIM_BASE] bound to: 64'b0000000000000000000000000000000010000000000000000000000000000000 
	Parameter P[DTIM_RANGE] bound to: 64'b0000000000000000000000000000000000000000011111111111111111111111 
	Parameter P[IROM_SUPPORTED] bound to: 1'b0 
	Parameter P[IROM_BASE] bound to: 64'b0000000000000000000000000000000010000000000000000000000000000000 
	Parameter P[IROM_RANGE] bound to: 64'b0000000000000000000000000000000000000000011111111111111111111111 
	Parameter P[BOOTROM_SUPPORTED] bound to: 1'b0 
	Parameter P[BOOTROM_BASE] bound to: 64'b0000000000000000000000000000000000000000000000000001000000000000 
	Parameter P[BOOTROM_RANGE] bound to: 64'b0000000000000000000000000000000000000000000000000000111111111111 
	Parameter P[BOOTROM_PRELOAD] bound to: 1'b0 
	Parameter P[UNCORE_RAM_SUPPORTED] bound to: 1'b1 
	Parameter P[UNCORE_RAM_BASE] bound to: 64'b0000000000000000000000000000000010000000000000000000000000000000 
	Parameter P[UNCORE_RAM_RANGE] bound to: 64'b0000000000000000000000000000000000000000000000001001000000000000 
	Parameter P[UNCORE_RAM_PRELOAD] bound to: 1'b0 
	Parameter P[EXT_MEM_SUPPORTED] bound to: 1'b0 
	Parameter P[EXT_MEM_BASE] bound to: 64'b0000000000000000000000000000000010000000000000000000000000000000 
	Parameter P[EXT_MEM_RANGE] bound to: 64'b0000000000000000000000000000000000000111111111111111111111111111 
	Parameter P[CLINT_SUPPORTED] bound to: 1'b0 
	Parameter P[CLINT_BASE] bound to: 64'b0000000000000000000000000000000000000010000000000000000000000000 
	Parameter P[CLINT_RANGE] bound to: 64'b0000000000000000000000000000000000000000000000001111111111111111 
	Parameter P[GPIO_SUPPORTED] bound to: 1'b0 
	Parameter P[GPIO_BASE] bound to: 64'b0000000000000000000000000000000000010000000001100000000000000000 
	Parameter P[GPIO_RANGE] bound to: 64'b0000000000000000000000000000000000000000000000000000000011111111 
	Parameter P[UART_SUPPORTED] bound to: 1'b1 
	Parameter P[UART_BASE] bound to: 64'b0000000000000000000000000000000000010000000000000000000000000000 
	Parameter P[UART_RANGE] bound to: 64'b0000000000000000000000000000000000000000000000000000000000000111 
	Parameter P[PLIC_SUPPORTED] bound to: 1'b0 
	Parameter P[PLIC_BASE] bound to: 64'b0000000000000000000000000000000000001100000000000000000000000000 
	Parameter P[PLIC_RANGE] bound to: 64'b0000000000000000000000000000000000000011111111111111111111111111 
	Parameter P[SDC_SUPPORTED] bound to: 1'b0 
	Parameter P[SDC_BASE] bound to: 64'b0000000000000000000000000000000000000000000000010011000000000000 
	Parameter P[SDC_RANGE] bound to: 64'b0000000000000000000000000000000000000000000000000000000001111111 
	Parameter P[SPI_SUPPORTED] bound to: 1'b0 
	Parameter P[SPI_BASE] bound to: 64'b0000000000000000000000000000000000010000000001000000000000000000 
	Parameter P[SPI_RANGE] bound to: 64'b0000000000000000000000000000000000000000000000000000111111111111 
	Parameter P[GPIO_LOOPBACK_TEST] bound to: 1'b0 
	Parameter P[SPI_LOOPBACK_TEST] bound to: 1'b1 
	Parameter P[UART_PRESCALE] bound to: 32'sb00000000000000000000000000000001 
	Parameter P[PLIC_NUM_SRC] bound to: 32'sb00000000000000000000000000001010 
	Parameter P[PLIC_NUM_SRC_LT_32] bound to: 1'b1 
	Parameter P[PLIC_GPIO_ID] bound to: 32'sb00000000000000000000000000000011 
	Parameter P[PLIC_UART_ID] bound to: 32'sb00000000000000000000000000001010 
	Parameter P[PLIC_SPI_ID] bound to: 32'sb00000000000000000000000000000110 
	Parameter P[PLIC_SDC_ID] bound to: 32'sb00000000000000000000000000001001 
	Parameter P[BPRED_SUPPORTED] bound to: 1'b1 
	Parameter P[BPRED_TYPE] bound to: 32'b00000000000000000000000000000100 
	Parameter P[BPRED_NUM_LHR] bound to: 32'sb00000000000000000000000000000110 
	Parameter P[BPRED_SIZE] bound to: 32'sb00000000000000000000000000001010 
	Parameter P[BTB_SIZE] bound to: 32'sb00000000000000000000000000001010 
	Parameter P[RAS_SIZE] bound to: 32'sb00000000000000000000000000010000 
	Parameter P[INSTR_CLASS_PRED] bound to: 1'b1 
	Parameter P[RADIX] bound to: 32'sb00000000000000000000000000000100 
	Parameter P[DIVCOPIES] bound to: 32'sb00000000000000000000000000000100 
	Parameter P[ZBA_SUPPORTED] bound to: 1'b0 
	Parameter P[ZBB_SUPPORTED] bound to: 1'b1 
	Parameter P[ZBC_SUPPORTED] bound to: 1'b0 
	Parameter P[ZBS_SUPPORTED] bound to: 1'b0 
	Parameter P[ZCA_SUPPORTED] bound to: 1'b1 
	Parameter P[ZCB_SUPPORTED] bound to: 1'b0 
	Parameter P[ZCD_SUPPORTED] bound to: 1'b0 
	Parameter P[ZCF_SUPPORTED] bound to: 1'b1 
	Parameter P[ZBKB_SUPPORTED] bound to: 1'b0 
	Parameter P[ZBKC_SUPPORTED] bound to: 1'b0 
	Parameter P[ZBKX_SUPPORTED] bound to: 1'b0 
	Parameter P[ZKND_SUPPORTED] bound to: 1'b0 
	Parameter P[ZKNE_SUPPORTED] bound to: 1'b0 
	Parameter P[ZKNH_SUPPORTED] bound to: 1'b0 
	Parameter P[ZKN_SUPPORTED] bound to: 1'b0 
	Parameter P[USE_SRAM] bound to: 1'b1 
	Parameter P[M_MODE] bound to: 2'b00 
	Parameter P[S_MODE] bound to: 2'b01 
	Parameter P[U_MODE] bound to: 2'b10 
	Parameter P[VPN_SEGMENT_BITS] bound to: 32'sb00000000000000000000000000000011 
	Parameter P[VPN_BITS] bound to: 32'sb00000000000000000000000000000100 
	Parameter P[PPN_BITS] bound to: 32'sb00000000000000000000000000100000 
	Parameter P[PA_BITS] bound to: 32'sb00000000000000000000000001000000 
	Parameter P[SVMODE_BITS] bound to: 32'sb00000000000000000000000000000011 
	Parameter P[ASID_BASE] bound to: 32'sb00000000000000000000000000000100 
	Parameter P[ASID_BITS] bound to: 32'sb00000000000000000000000000000100 
	Parameter P[NO_TRANSLATE] bound to: 4'b0011 
	Parameter P[SV32] bound to: 4'b0000 
	Parameter P[SV39] bound to: 4'b0001 
	Parameter P[SV48] bound to: 4'b0010 
	Parameter P[A_SUPPORTED] bound to: 1'b0 
	Parameter P[B_SUPPORTED] bound to: 1'b0 
	Parameter P[C_SUPPORTED] bound to: 1'b0 
	Parameter P[D_SUPPORTED] bound to: 1'b0 
	Parameter P[E_SUPPORTED] bound to: 1'b0 
	Parameter P[F_SUPPORTED] bound to: 1'b0 
	Parameter P[I_SUPPORTED] bound to: 1'b0 
	Parameter P[M_SUPPORTED] bound to: 1'b1 
	Parameter P[Q_SUPPORTED] bound to: 1'b0 
	Parameter P[S_SUPPORTED] bound to: 1'b1 
	Parameter P[U_SUPPORTED] bound to: 1'b1 
	Parameter P[LOG_XLEN] bound to: 32'sb00000000000000000000000000000110 
	Parameter P[FLEN] bound to: 32'sb00000000000000000000000001000000 
	Parameter P[LLEN] bound to: 32'sb00000000000000000000000001000000 
INFO: [Synth 8-6155] done synthesizing module 'vm64check' (0#1) [/home/ishfisav/wally_1/wally_1.srcs/sources_1/imports/cvw/src/mmu/tlb/vm64check.sv:30]
INFO: [Synth 8-6155] done synthesizing module 'tlbcontrol' (0#1) [/home/ishfisav/wally_1/wally_1.srcs/sources_1/imports/cvw/src/mmu/tlb/tlbcontrol.sv:30]
INFO: [Synth 8-6157] synthesizing module 'tlblru' [/home/ishfisav/wally_1/wally_1.srcs/sources_1/imports/cvw/src/mmu/tlb/tlblru.sv:31]
	Parameter TLB_ENTRIES bound to: 32 - type: integer 
INFO: [Synth 8-6157] synthesizing module 'priorityonehot' [/home/ishfisav/wally_1/wally_1.srcs/sources_1/imports/cvw/src/generic/priorityonehot.sv:37]
	Parameter N bound to: 32 - type: integer 
INFO: [Synth 8-6155] done synthesizing module 'priorityonehot' (0#1) [/home/ishfisav/wally_1/wally_1.srcs/sources_1/imports/cvw/src/generic/priorityonehot.sv:37]
INFO: [Synth 8-6155] done synthesizing module 'tlblru' (0#1) [/home/ishfisav/wally_1/wally_1.srcs/sources_1/imports/cvw/src/mmu/tlb/tlblru.sv:31]
INFO: [Synth 8-6157] synthesizing module 'tlbcam' [/home/ishfisav/wally_1/wally_1.srcs/sources_1/imports/cvw/src/mmu/tlb/tlbcam.sv:33]
	Parameter P[XLEN] bound to: 32'sb00000000000000000000000001000000 
	Parameter P[IEEE754] bound to: 1'b0 
	Parameter P[MISA] bound to: 32'sb00000000000000000000000000000000 
	Parameter P[AHBW] bound to: 32'sb00000000000000000000000001000000 
	Parameter P[RAM_LATENCY] bound to: 32'sb00000000000000000000000000000000 
	Parameter P[BURST_EN] bound to: 1'b1 
	Parameter P[ZICSR_SUPPORTED] bound to: 1'b1 
	Parameter P[ZIFENCEI_SUPPORTED] bound to: 1'b1 
	Parameter P[COUNTERS] bound to: 12'b000000100000 
	Parameter P[ZICNTR_SUPPORTED] bound to: 1'b1 
	Parameter P[ZIHPM_SUPPORTED] bound to: 1'b1 
	Parameter P[ZFH_SUPPORTED] bound to: 1'b1 
	Parameter P[ZFA_SUPPORTED] bound to: 1'b1 
	Parameter P[SSTC_SUPPORTED] bound to: 1'b1 
	Parameter P[VIRTMEM_SUPPORTED] bound to: 1'b1 
	Parameter P[VECTORED_INTERRUPTS_SUPPORTED] bound to: 1'b1 
	Parameter P[BIGENDIAN_SUPPORTED] bound to: 1'b1 
	Parameter P[SVADU_SUPPORTED] bound to: 1'b1 
	Parameter P[ZMMUL_SUPPORTED] bound to: 1'b1 
	Parameter P[ZICBOM_SUPPORTED] bound to: 1'b1 
	Parameter P[ZICBOZ_SUPPORTED] bound to: 1'b1 
	Parameter P[ZICBOP_SUPPORTED] bound to: 1'b1 
	Parameter P[ZICCLSM_SUPPORTED] bound to: 1'b1 
	Parameter P[ZICOND_SUPPORTED] bound to: 1'b1 
	Parameter P[SVPBMT_SUPPORTED] bound to: 1'b1 
	Parameter P[SVNAPOT_SUPPORTED] bound to: 1'b1 
	Parameter P[SVINVAL_SUPPORTED] bound to: 1'b1 
	Parameter P[ZAAMO_SUPPORTED] bound to: 1'b1 
	Parameter P[ZALRSC_SUPPORTED] bound to: 1'b1 
	Parameter P[BUS_SUPPORTED] bound to: 1'b1 
	Parameter P[DCACHE_SUPPORTED] bound to: 1'b1 
	Parameter P[ICACHE_SUPPORTED] bound to: 1'b1 
	Parameter P[ITLB_ENTRIES] bound to: 32'sb00000000000000000000000000100000 
	Parameter P[DTLB_ENTRIES] bound to: 32'sb00000000000000000000000000100000 
	Parameter P[DCACHE_NUMWAYS] bound to: 32'sb00000000000000000000000000000100 
	Parameter P[DCACHE_WAYSIZEINBYTES] bound to: 32'sb00000000000000000001000000000000 
	Parameter P[DCACHE_LINELENINBITS] bound to: 32'sb00000000000000000000001000000000 
	Parameter P[ICACHE_NUMWAYS] bound to: 32'sb00000000000000000000000000000100 
	Parameter P[ICACHE_WAYSIZEINBYTES] bound to: 32'sb00000000000000000001000000000000 
	Parameter P[ICACHE_LINELENINBITS] bound to: 32'sb00000000000000000000001000000000 
	Parameter P[CACHE_SRAMLEN] bound to: 32'sb00000000000000000000000010000000 
	Parameter P[IDIV_BITSPERCYCLE] bound to: 32'sb00000000000000000000000000000100 
	Parameter P[IDIV_ON_FPU] bound to: 1'b1 
	Parameter P[PMP_ENTRIES] bound to: 32'sb00000000000000000000000000010000 
	Parameter P[RESET_VECTOR] bound to: 64'b0000000000000000000000000000000010000000000000000000000000000000 
	Parameter P[WFI_TIMEOUT_BIT] bound to: 32'sb00000000000000000000000000010000 
	Parameter P[DTIM_SUPPORTED] bound to: 1'b0 
	Parameter P[DTIM_BASE] bound to: 64'b0000000000000000000000000000000010000000000000000000000000000000 
	Parameter P[DTIM_RANGE] bound to: 64'b0000000000000000000000000000000000000000011111111111111111111111 
	Parameter P[IROM_SUPPORTED] bound to: 1'b0 
	Parameter P[IROM_BASE] bound to: 64'b0000000000000000000000000000000010000000000000000000000000000000 
	Parameter P[IROM_RANGE] bound to: 64'b0000000000000000000000000000000000000000011111111111111111111111 
	Parameter P[BOOTROM_SUPPORTED] bound to: 1'b0 
	Parameter P[BOOTROM_BASE] bound to: 64'b0000000000000000000000000000000000000000000000000001000000000000 
	Parameter P[BOOTROM_RANGE] bound to: 64'b0000000000000000000000000000000000000000000000000000111111111111 
	Parameter P[BOOTROM_PRELOAD] bound to: 1'b0 
	Parameter P[UNCORE_RAM_SUPPORTED] bound to: 1'b1 
	Parameter P[UNCORE_RAM_BASE] bound to: 64'b0000000000000000000000000000000010000000000000000000000000000000 
	Parameter P[UNCORE_RAM_RANGE] bound to: 64'b0000000000000000000000000000000000000000000000001001000000000000 
	Parameter P[UNCORE_RAM_PRELOAD] bound to: 1'b0 
	Parameter P[EXT_MEM_SUPPORTED] bound to: 1'b0 
	Parameter P[EXT_MEM_BASE] bound to: 64'b0000000000000000000000000000000010000000000000000000000000000000 
	Parameter P[EXT_MEM_RANGE] bound to: 64'b0000000000000000000000000000000000000111111111111111111111111111 
	Parameter P[CLINT_SUPPORTED] bound to: 1'b0 
	Parameter P[CLINT_BASE] bound to: 64'b0000000000000000000000000000000000000010000000000000000000000000 
	Parameter P[CLINT_RANGE] bound to: 64'b0000000000000000000000000000000000000000000000001111111111111111 
	Parameter P[GPIO_SUPPORTED] bound to: 1'b0 
	Parameter P[GPIO_BASE] bound to: 64'b0000000000000000000000000000000000010000000001100000000000000000 
	Parameter P[GPIO_RANGE] bound to: 64'b0000000000000000000000000000000000000000000000000000000011111111 
	Parameter P[UART_SUPPORTED] bound to: 1'b1 
	Parameter P[UART_BASE] bound to: 64'b0000000000000000000000000000000000010000000000000000000000000000 
	Parameter P[UART_RANGE] bound to: 64'b0000000000000000000000000000000000000000000000000000000000000111 
	Parameter P[PLIC_SUPPORTED] bound to: 1'b0 
	Parameter P[PLIC_BASE] bound to: 64'b0000000000000000000000000000000000001100000000000000000000000000 
	Parameter P[PLIC_RANGE] bound to: 64'b0000000000000000000000000000000000000011111111111111111111111111 
	Parameter P[SDC_SUPPORTED] bound to: 1'b0 
	Parameter P[SDC_BASE] bound to: 64'b0000000000000000000000000000000000000000000000010011000000000000 
	Parameter P[SDC_RANGE] bound to: 64'b0000000000000000000000000000000000000000000000000000000001111111 
	Parameter P[SPI_SUPPORTED] bound to: 1'b0 
	Parameter P[SPI_BASE] bound to: 64'b0000000000000000000000000000000000010000000001000000000000000000 
	Parameter P[SPI_RANGE] bound to: 64'b0000000000000000000000000000000000000000000000000000111111111111 
	Parameter P[GPIO_LOOPBACK_TEST] bound to: 1'b0 
	Parameter P[SPI_LOOPBACK_TEST] bound to: 1'b1 
	Parameter P[UART_PRESCALE] bound to: 32'sb00000000000000000000000000000001 
	Parameter P[PLIC_NUM_SRC] bound to: 32'sb00000000000000000000000000001010 
	Parameter P[PLIC_NUM_SRC_LT_32] bound to: 1'b1 
	Parameter P[PLIC_GPIO_ID] bound to: 32'sb00000000000000000000000000000011 
	Parameter P[PLIC_UART_ID] bound to: 32'sb00000000000000000000000000001010 
	Parameter P[PLIC_SPI_ID] bound to: 32'sb00000000000000000000000000000110 
	Parameter P[PLIC_SDC_ID] bound to: 32'sb00000000000000000000000000001001 
	Parameter P[BPRED_SUPPORTED] bound to: 1'b1 
	Parameter P[BPRED_TYPE] bound to: 32'b00000000000000000000000000000100 
	Parameter P[BPRED_NUM_LHR] bound to: 32'sb00000000000000000000000000000110 
	Parameter P[BPRED_SIZE] bound to: 32'sb00000000000000000000000000001010 
	Parameter P[BTB_SIZE] bound to: 32'sb00000000000000000000000000001010 
	Parameter P[RAS_SIZE] bound to: 32'sb00000000000000000000000000010000 
	Parameter P[INSTR_CLASS_PRED] bound to: 1'b1 
	Parameter P[RADIX] bound to: 32'sb00000000000000000000000000000100 
	Parameter P[DIVCOPIES] bound to: 32'sb00000000000000000000000000000100 
	Parameter P[ZBA_SUPPORTED] bound to: 1'b0 
	Parameter P[ZBB_SUPPORTED] bound to: 1'b1 
	Parameter P[ZBC_SUPPORTED] bound to: 1'b0 
	Parameter P[ZBS_SUPPORTED] bound to: 1'b0 
	Parameter P[ZCA_SUPPORTED] bound to: 1'b1 
	Parameter P[ZCB_SUPPORTED] bound to: 1'b0 
	Parameter P[ZCD_SUPPORTED] bound to: 1'b0 
	Parameter P[ZCF_SUPPORTED] bound to: 1'b1 
	Parameter P[ZBKB_SUPPORTED] bound to: 1'b0 
	Parameter P[ZBKC_SUPPORTED] bound to: 1'b0 
	Parameter P[ZBKX_SUPPORTED] bound to: 1'b0 
	Parameter P[ZKND_SUPPORTED] bound to: 1'b0 
	Parameter P[ZKNE_SUPPORTED] bound to: 1'b0 
	Parameter P[ZKNH_SUPPORTED] bound to: 1'b0 
	Parameter P[ZKN_SUPPORTED] bound to: 1'b0 
	Parameter P[USE_SRAM] bound to: 1'b1 
	Parameter P[M_MODE] bound to: 2'b00 
	Parameter P[S_MODE] bound to: 2'b01 
	Parameter P[U_MODE] bound to: 2'b10 
	Parameter P[VPN_SEGMENT_BITS] bound to: 32'sb00000000000000000000000000000011 
	Parameter P[VPN_BITS] bound to: 32'sb00000000000000000000000000000100 
	Parameter P[PPN_BITS] bound to: 32'sb00000000000000000000000000100000 
	Parameter P[PA_BITS] bound to: 32'sb00000000000000000000000001000000 
	Parameter P[SVMODE_BITS] bound to: 32'sb00000000000000000000000000000011 
	Parameter P[ASID_BASE] bound to: 32'sb00000000000000000000000000000100 
	Parameter P[ASID_BITS] bound to: 32'sb00000000000000000000000000000100 
	Parameter P[NO_TRANSLATE] bound to: 4'b0011 
	Parameter P[SV32] bound to: 4'b0000 
	Parameter P[SV39] bound to: 4'b0001 
	Parameter P[SV48] bound to: 4'b0010 
	Parameter P[A_SUPPORTED] bound to: 1'b0 
	Parameter P[B_SUPPORTED] bound to: 1'b0 
	Parameter P[C_SUPPORTED] bound to: 1'b0 
	Parameter P[D_SUPPORTED] bound to: 1'b0 
	Parameter P[E_SUPPORTED] bound to: 1'b0 
	Parameter P[F_SUPPORTED] bound to: 1'b0 
	Parameter P[I_SUPPORTED] bound to: 1'b0 
	Parameter P[M_SUPPORTED] bound to: 1'b1 
	Parameter P[Q_SUPPORTED] bound to: 1'b0 
	Parameter P[S_SUPPORTED] bound to: 1'b1 
	Parameter P[U_SUPPORTED] bound to: 1'b1 
	Parameter P[LOG_XLEN] bound to: 32'sb00000000000000000000000000000110 
	Parameter P[FLEN] bound to: 32'sb00000000000000000000000001000000 
	Parameter P[LLEN] bound to: 32'sb00000000000000000000000001000000 
	Parameter TLB_ENTRIES bound to: 32 - type: integer 
	Parameter KEY_BITS bound to: 8 - type: integer 
	Parameter SEGMENT_BITS bound to: 3 - type: integer 
INFO: [Synth 8-6157] synthesizing module 'tlbcamline' [/home/ishfisav/wally_1/wally_1.srcs/sources_1/imports/cvw/src/mmu/tlb/tlbcamline.sv:33]
	Parameter P[XLEN] bound to: 32'sb00000000000000000000000001000000 
	Parameter P[IEEE754] bound to: 1'b0 
	Parameter P[MISA] bound to: 32'sb00000000000000000000000000000000 
	Parameter P[AHBW] bound to: 32'sb00000000000000000000000001000000 
	Parameter P[RAM_LATENCY] bound to: 32'sb00000000000000000000000000000000 
	Parameter P[BURST_EN] bound to: 1'b1 
	Parameter P[ZICSR_SUPPORTED] bound to: 1'b1 
	Parameter P[ZIFENCEI_SUPPORTED] bound to: 1'b1 
	Parameter P[COUNTERS] bound to: 12'b000000100000 
	Parameter P[ZICNTR_SUPPORTED] bound to: 1'b1 
	Parameter P[ZIHPM_SUPPORTED] bound to: 1'b1 
	Parameter P[ZFH_SUPPORTED] bound to: 1'b1 
	Parameter P[ZFA_SUPPORTED] bound to: 1'b1 
	Parameter P[SSTC_SUPPORTED] bound to: 1'b1 
	Parameter P[VIRTMEM_SUPPORTED] bound to: 1'b1 
	Parameter P[VECTORED_INTERRUPTS_SUPPORTED] bound to: 1'b1 
	Parameter P[BIGENDIAN_SUPPORTED] bound to: 1'b1 
	Parameter P[SVADU_SUPPORTED] bound to: 1'b1 
	Parameter P[ZMMUL_SUPPORTED] bound to: 1'b1 
	Parameter P[ZICBOM_SUPPORTED] bound to: 1'b1 
	Parameter P[ZICBOZ_SUPPORTED] bound to: 1'b1 
	Parameter P[ZICBOP_SUPPORTED] bound to: 1'b1 
	Parameter P[ZICCLSM_SUPPORTED] bound to: 1'b1 
	Parameter P[ZICOND_SUPPORTED] bound to: 1'b1 
	Parameter P[SVPBMT_SUPPORTED] bound to: 1'b1 
	Parameter P[SVNAPOT_SUPPORTED] bound to: 1'b1 
	Parameter P[SVINVAL_SUPPORTED] bound to: 1'b1 
	Parameter P[ZAAMO_SUPPORTED] bound to: 1'b1 
	Parameter P[ZALRSC_SUPPORTED] bound to: 1'b1 
	Parameter P[BUS_SUPPORTED] bound to: 1'b1 
	Parameter P[DCACHE_SUPPORTED] bound to: 1'b1 
	Parameter P[ICACHE_SUPPORTED] bound to: 1'b1 
	Parameter P[ITLB_ENTRIES] bound to: 32'sb00000000000000000000000000100000 
	Parameter P[DTLB_ENTRIES] bound to: 32'sb00000000000000000000000000100000 
	Parameter P[DCACHE_NUMWAYS] bound to: 32'sb00000000000000000000000000000100 
	Parameter P[DCACHE_WAYSIZEINBYTES] bound to: 32'sb00000000000000000001000000000000 
	Parameter P[DCACHE_LINELENINBITS] bound to: 32'sb00000000000000000000001000000000 
	Parameter P[ICACHE_NUMWAYS] bound to: 32'sb00000000000000000000000000000100 
	Parameter P[ICACHE_WAYSIZEINBYTES] bound to: 32'sb00000000000000000001000000000000 
	Parameter P[ICACHE_LINELENINBITS] bound to: 32'sb00000000000000000000001000000000 
	Parameter P[CACHE_SRAMLEN] bound to: 32'sb00000000000000000000000010000000 
	Parameter P[IDIV_BITSPERCYCLE] bound to: 32'sb00000000000000000000000000000100 
	Parameter P[IDIV_ON_FPU] bound to: 1'b1 
	Parameter P[PMP_ENTRIES] bound to: 32'sb00000000000000000000000000010000 
	Parameter P[RESET_VECTOR] bound to: 64'b0000000000000000000000000000000010000000000000000000000000000000 
	Parameter P[WFI_TIMEOUT_BIT] bound to: 32'sb00000000000000000000000000010000 
	Parameter P[DTIM_SUPPORTED] bound to: 1'b0 
	Parameter P[DTIM_BASE] bound to: 64'b0000000000000000000000000000000010000000000000000000000000000000 
	Parameter P[DTIM_RANGE] bound to: 64'b0000000000000000000000000000000000000000011111111111111111111111 
	Parameter P[IROM_SUPPORTED] bound to: 1'b0 
	Parameter P[IROM_BASE] bound to: 64'b0000000000000000000000000000000010000000000000000000000000000000 
	Parameter P[IROM_RANGE] bound to: 64'b0000000000000000000000000000000000000000011111111111111111111111 
	Parameter P[BOOTROM_SUPPORTED] bound to: 1'b0 
	Parameter P[BOOTROM_BASE] bound to: 64'b0000000000000000000000000000000000000000000000000001000000000000 
	Parameter P[BOOTROM_RANGE] bound to: 64'b0000000000000000000000000000000000000000000000000000111111111111 
	Parameter P[BOOTROM_PRELOAD] bound to: 1'b0 
	Parameter P[UNCORE_RAM_SUPPORTED] bound to: 1'b1 
	Parameter P[UNCORE_RAM_BASE] bound to: 64'b0000000000000000000000000000000010000000000000000000000000000000 
	Parameter P[UNCORE_RAM_RANGE] bound to: 64'b0000000000000000000000000000000000000000000000001001000000000000 
	Parameter P[UNCORE_RAM_PRELOAD] bound to: 1'b0 
	Parameter P[EXT_MEM_SUPPORTED] bound to: 1'b0 
	Parameter P[EXT_MEM_BASE] bound to: 64'b0000000000000000000000000000000010000000000000000000000000000000 
	Parameter P[EXT_MEM_RANGE] bound to: 64'b0000000000000000000000000000000000000111111111111111111111111111 
	Parameter P[CLINT_SUPPORTED] bound to: 1'b0 
	Parameter P[CLINT_BASE] bound to: 64'b0000000000000000000000000000000000000010000000000000000000000000 
	Parameter P[CLINT_RANGE] bound to: 64'b0000000000000000000000000000000000000000000000001111111111111111 
	Parameter P[GPIO_SUPPORTED] bound to: 1'b0 
	Parameter P[GPIO_BASE] bound to: 64'b0000000000000000000000000000000000010000000001100000000000000000 
	Parameter P[GPIO_RANGE] bound to: 64'b0000000000000000000000000000000000000000000000000000000011111111 
	Parameter P[UART_SUPPORTED] bound to: 1'b1 
	Parameter P[UART_BASE] bound to: 64'b0000000000000000000000000000000000010000000000000000000000000000 
	Parameter P[UART_RANGE] bound to: 64'b0000000000000000000000000000000000000000000000000000000000000111 
	Parameter P[PLIC_SUPPORTED] bound to: 1'b0 
	Parameter P[PLIC_BASE] bound to: 64'b0000000000000000000000000000000000001100000000000000000000000000 
	Parameter P[PLIC_RANGE] bound to: 64'b0000000000000000000000000000000000000011111111111111111111111111 
	Parameter P[SDC_SUPPORTED] bound to: 1'b0 
	Parameter P[SDC_BASE] bound to: 64'b0000000000000000000000000000000000000000000000010011000000000000 
	Parameter P[SDC_RANGE] bound to: 64'b0000000000000000000000000000000000000000000000000000000001111111 
	Parameter P[SPI_SUPPORTED] bound to: 1'b0 
	Parameter P[SPI_BASE] bound to: 64'b0000000000000000000000000000000000010000000001000000000000000000 
	Parameter P[SPI_RANGE] bound to: 64'b0000000000000000000000000000000000000000000000000000111111111111 
	Parameter P[GPIO_LOOPBACK_TEST] bound to: 1'b0 
	Parameter P[SPI_LOOPBACK_TEST] bound to: 1'b1 
	Parameter P[UART_PRESCALE] bound to: 32'sb00000000000000000000000000000001 
	Parameter P[PLIC_NUM_SRC] bound to: 32'sb00000000000000000000000000001010 
	Parameter P[PLIC_NUM_SRC_LT_32] bound to: 1'b1 
	Parameter P[PLIC_GPIO_ID] bound to: 32'sb00000000000000000000000000000011 
	Parameter P[PLIC_UART_ID] bound to: 32'sb00000000000000000000000000001010 
	Parameter P[PLIC_SPI_ID] bound to: 32'sb00000000000000000000000000000110 
	Parameter P[PLIC_SDC_ID] bound to: 32'sb00000000000000000000000000001001 
	Parameter P[BPRED_SUPPORTED] bound to: 1'b1 
	Parameter P[BPRED_TYPE] bound to: 32'b00000000000000000000000000000100 
	Parameter P[BPRED_NUM_LHR] bound to: 32'sb00000000000000000000000000000110 
	Parameter P[BPRED_SIZE] bound to: 32'sb00000000000000000000000000001010 
	Parameter P[BTB_SIZE] bound to: 32'sb00000000000000000000000000001010 
	Parameter P[RAS_SIZE] bound to: 32'sb00000000000000000000000000010000 
	Parameter P[INSTR_CLASS_PRED] bound to: 1'b1 
	Parameter P[RADIX] bound to: 32'sb00000000000000000000000000000100 
	Parameter P[DIVCOPIES] bound to: 32'sb00000000000000000000000000000100 
	Parameter P[ZBA_SUPPORTED] bound to: 1'b0 
	Parameter P[ZBB_SUPPORTED] bound to: 1'b1 
	Parameter P[ZBC_SUPPORTED] bound to: 1'b0 
	Parameter P[ZBS_SUPPORTED] bound to: 1'b0 
	Parameter P[ZCA_SUPPORTED] bound to: 1'b1 
	Parameter P[ZCB_SUPPORTED] bound to: 1'b0 
	Parameter P[ZCD_SUPPORTED] bound to: 1'b0 
	Parameter P[ZCF_SUPPORTED] bound to: 1'b1 
	Parameter P[ZBKB_SUPPORTED] bound to: 1'b0 
	Parameter P[ZBKC_SUPPORTED] bound to: 1'b0 
	Parameter P[ZBKX_SUPPORTED] bound to: 1'b0 
	Parameter P[ZKND_SUPPORTED] bound to: 1'b0 
	Parameter P[ZKNE_SUPPORTED] bound to: 1'b0 
	Parameter P[ZKNH_SUPPORTED] bound to: 1'b0 
	Parameter P[ZKN_SUPPORTED] bound to: 1'b0 
	Parameter P[USE_SRAM] bound to: 1'b1 
	Parameter P[M_MODE] bound to: 2'b00 
	Parameter P[S_MODE] bound to: 2'b01 
	Parameter P[U_MODE] bound to: 2'b10 
	Parameter P[VPN_SEGMENT_BITS] bound to: 32'sb00000000000000000000000000000011 
	Parameter P[VPN_BITS] bound to: 32'sb00000000000000000000000000000100 
	Parameter P[PPN_BITS] bound to: 32'sb00000000000000000000000000100000 
	Parameter P[PA_BITS] bound to: 32'sb00000000000000000000000001000000 
	Parameter P[SVMODE_BITS] bound to: 32'sb00000000000000000000000000000011 
	Parameter P[ASID_BASE] bound to: 32'sb00000000000000000000000000000100 
	Parameter P[ASID_BITS] bound to: 32'sb00000000000000000000000000000100 
	Parameter P[NO_TRANSLATE] bound to: 4'b0011 
	Parameter P[SV32] bound to: 4'b0000 
	Parameter P[SV39] bound to: 4'b0001 
	Parameter P[SV48] bound to: 4'b0010 
	Parameter P[A_SUPPORTED] bound to: 1'b0 
	Parameter P[B_SUPPORTED] bound to: 1'b0 
	Parameter P[C_SUPPORTED] bound to: 1'b0 
	Parameter P[D_SUPPORTED] bound to: 1'b0 
	Parameter P[E_SUPPORTED] bound to: 1'b0 
	Parameter P[F_SUPPORTED] bound to: 1'b0 
	Parameter P[I_SUPPORTED] bound to: 1'b0 
	Parameter P[M_SUPPORTED] bound to: 1'b1 
	Parameter P[Q_SUPPORTED] bound to: 1'b0 
	Parameter P[S_SUPPORTED] bound to: 1'b1 
	Parameter P[U_SUPPORTED] bound to: 1'b1 
	Parameter P[LOG_XLEN] bound to: 32'sb00000000000000000000000000000110 
	Parameter P[FLEN] bound to: 32'sb00000000000000000000000001000000 
	Parameter P[LLEN] bound to: 32'sb00000000000000000000000001000000 
	Parameter KEY_BITS bound to: 8 - type: integer 
	Parameter SEGMENT_BITS bound to: 3 - type: integer 
INFO: [Synth 8-6157] synthesizing module 'flopenr__parameterized9' [/home/ishfisav/wally_1/wally_1.srcs/sources_1/imports/cvw/src/generic/flop/flopenr.sv:28]
	Parameter WIDTH bound to: 2 - type: integer 
INFO: [Synth 8-6155] done synthesizing module 'flopenr__parameterized9' (0#1) [/home/ishfisav/wally_1/wally_1.srcs/sources_1/imports/cvw/src/generic/flop/flopenr.sv:28]
INFO: [Synth 8-6155] done synthesizing module 'tlbcamline' (0#1) [/home/ishfisav/wally_1/wally_1.srcs/sources_1/imports/cvw/src/mmu/tlb/tlbcamline.sv:33]
INFO: [Synth 8-6157] synthesizing module 'or_rows' [/home/ishfisav/wally_1/wally_1.srcs/sources_1/imports/cvw/src/generic/or_rows.sv:30]
	Parameter ROWS bound to: 32 - type: integer 
	Parameter COLS bound to: 2 - type: integer 
INFO: [Synth 8-6155] done synthesizing module 'or_rows' (0#1) [/home/ishfisav/wally_1/wally_1.srcs/sources_1/imports/cvw/src/generic/or_rows.sv:30]
INFO: [Synth 8-6155] done synthesizing module 'tlbcam' (0#1) [/home/ishfisav/wally_1/wally_1.srcs/sources_1/imports/cvw/src/mmu/tlb/tlbcam.sv:33]
INFO: [Synth 8-6157] synthesizing module 'tlbram' [/home/ishfisav/wally_1/wally_1.srcs/sources_1/imports/cvw/src/mmu/tlb/tlbram.sv:33]
	Parameter P[XLEN] bound to: 32'sb00000000000000000000000001000000 
	Parameter P[IEEE754] bound to: 1'b0 
	Parameter P[MISA] bound to: 32'sb00000000000000000000000000000000 
	Parameter P[AHBW] bound to: 32'sb00000000000000000000000001000000 
	Parameter P[RAM_LATENCY] bound to: 32'sb00000000000000000000000000000000 
	Parameter P[BURST_EN] bound to: 1'b1 
	Parameter P[ZICSR_SUPPORTED] bound to: 1'b1 
	Parameter P[ZIFENCEI_SUPPORTED] bound to: 1'b1 
	Parameter P[COUNTERS] bound to: 12'b000000100000 
	Parameter P[ZICNTR_SUPPORTED] bound to: 1'b1 
	Parameter P[ZIHPM_SUPPORTED] bound to: 1'b1 
	Parameter P[ZFH_SUPPORTED] bound to: 1'b1 
	Parameter P[ZFA_SUPPORTED] bound to: 1'b1 
	Parameter P[SSTC_SUPPORTED] bound to: 1'b1 
	Parameter P[VIRTMEM_SUPPORTED] bound to: 1'b1 
	Parameter P[VECTORED_INTERRUPTS_SUPPORTED] bound to: 1'b1 
	Parameter P[BIGENDIAN_SUPPORTED] bound to: 1'b1 
	Parameter P[SVADU_SUPPORTED] bound to: 1'b1 
	Parameter P[ZMMUL_SUPPORTED] bound to: 1'b1 
	Parameter P[ZICBOM_SUPPORTED] bound to: 1'b1 
	Parameter P[ZICBOZ_SUPPORTED] bound to: 1'b1 
	Parameter P[ZICBOP_SUPPORTED] bound to: 1'b1 
	Parameter P[ZICCLSM_SUPPORTED] bound to: 1'b1 
	Parameter P[ZICOND_SUPPORTED] bound to: 1'b1 
	Parameter P[SVPBMT_SUPPORTED] bound to: 1'b1 
	Parameter P[SVNAPOT_SUPPORTED] bound to: 1'b1 
	Parameter P[SVINVAL_SUPPORTED] bound to: 1'b1 
	Parameter P[ZAAMO_SUPPORTED] bound to: 1'b1 
	Parameter P[ZALRSC_SUPPORTED] bound to: 1'b1 
	Parameter P[BUS_SUPPORTED] bound to: 1'b1 
	Parameter P[DCACHE_SUPPORTED] bound to: 1'b1 
	Parameter P[ICACHE_SUPPORTED] bound to: 1'b1 
	Parameter P[ITLB_ENTRIES] bound to: 32'sb00000000000000000000000000100000 
	Parameter P[DTLB_ENTRIES] bound to: 32'sb00000000000000000000000000100000 
	Parameter P[DCACHE_NUMWAYS] bound to: 32'sb00000000000000000000000000000100 
	Parameter P[DCACHE_WAYSIZEINBYTES] bound to: 32'sb00000000000000000001000000000000 
	Parameter P[DCACHE_LINELENINBITS] bound to: 32'sb00000000000000000000001000000000 
	Parameter P[ICACHE_NUMWAYS] bound to: 32'sb00000000000000000000000000000100 
	Parameter P[ICACHE_WAYSIZEINBYTES] bound to: 32'sb00000000000000000001000000000000 
	Parameter P[ICACHE_LINELENINBITS] bound to: 32'sb00000000000000000000001000000000 
	Parameter P[CACHE_SRAMLEN] bound to: 32'sb00000000000000000000000010000000 
	Parameter P[IDIV_BITSPERCYCLE] bound to: 32'sb00000000000000000000000000000100 
	Parameter P[IDIV_ON_FPU] bound to: 1'b1 
	Parameter P[PMP_ENTRIES] bound to: 32'sb00000000000000000000000000010000 
	Parameter P[RESET_VECTOR] bound to: 64'b0000000000000000000000000000000010000000000000000000000000000000 
	Parameter P[WFI_TIMEOUT_BIT] bound to: 32'sb00000000000000000000000000010000 
	Parameter P[DTIM_SUPPORTED] bound to: 1'b0 
	Parameter P[DTIM_BASE] bound to: 64'b0000000000000000000000000000000010000000000000000000000000000000 
	Parameter P[DTIM_RANGE] bound to: 64'b0000000000000000000000000000000000000000011111111111111111111111 
	Parameter P[IROM_SUPPORTED] bound to: 1'b0 
	Parameter P[IROM_BASE] bound to: 64'b0000000000000000000000000000000010000000000000000000000000000000 
	Parameter P[IROM_RANGE] bound to: 64'b0000000000000000000000000000000000000000011111111111111111111111 
	Parameter P[BOOTROM_SUPPORTED] bound to: 1'b0 
	Parameter P[BOOTROM_BASE] bound to: 64'b0000000000000000000000000000000000000000000000000001000000000000 
	Parameter P[BOOTROM_RANGE] bound to: 64'b0000000000000000000000000000000000000000000000000000111111111111 
	Parameter P[BOOTROM_PRELOAD] bound to: 1'b0 
	Parameter P[UNCORE_RAM_SUPPORTED] bound to: 1'b1 
	Parameter P[UNCORE_RAM_BASE] bound to: 64'b0000000000000000000000000000000010000000000000000000000000000000 
	Parameter P[UNCORE_RAM_RANGE] bound to: 64'b0000000000000000000000000000000000000000000000001001000000000000 
	Parameter P[UNCORE_RAM_PRELOAD] bound to: 1'b0 
	Parameter P[EXT_MEM_SUPPORTED] bound to: 1'b0 
	Parameter P[EXT_MEM_BASE] bound to: 64'b0000000000000000000000000000000010000000000000000000000000000000 
	Parameter P[EXT_MEM_RANGE] bound to: 64'b0000000000000000000000000000000000000111111111111111111111111111 
	Parameter P[CLINT_SUPPORTED] bound to: 1'b0 
	Parameter P[CLINT_BASE] bound to: 64'b0000000000000000000000000000000000000010000000000000000000000000 
	Parameter P[CLINT_RANGE] bound to: 64'b0000000000000000000000000000000000000000000000001111111111111111 
	Parameter P[GPIO_SUPPORTED] bound to: 1'b0 
	Parameter P[GPIO_BASE] bound to: 64'b0000000000000000000000000000000000010000000001100000000000000000 
	Parameter P[GPIO_RANGE] bound to: 64'b0000000000000000000000000000000000000000000000000000000011111111 
	Parameter P[UART_SUPPORTED] bound to: 1'b1 
	Parameter P[UART_BASE] bound to: 64'b0000000000000000000000000000000000010000000000000000000000000000 
	Parameter P[UART_RANGE] bound to: 64'b0000000000000000000000000000000000000000000000000000000000000111 
	Parameter P[PLIC_SUPPORTED] bound to: 1'b0 
	Parameter P[PLIC_BASE] bound to: 64'b0000000000000000000000000000000000001100000000000000000000000000 
	Parameter P[PLIC_RANGE] bound to: 64'b0000000000000000000000000000000000000011111111111111111111111111 
	Parameter P[SDC_SUPPORTED] bound to: 1'b0 
	Parameter P[SDC_BASE] bound to: 64'b0000000000000000000000000000000000000000000000010011000000000000 
	Parameter P[SDC_RANGE] bound to: 64'b0000000000000000000000000000000000000000000000000000000001111111 
	Parameter P[SPI_SUPPORTED] bound to: 1'b0 
	Parameter P[SPI_BASE] bound to: 64'b0000000000000000000000000000000000010000000001000000000000000000 
	Parameter P[SPI_RANGE] bound to: 64'b0000000000000000000000000000000000000000000000000000111111111111 
	Parameter P[GPIO_LOOPBACK_TEST] bound to: 1'b0 
	Parameter P[SPI_LOOPBACK_TEST] bound to: 1'b1 
	Parameter P[UART_PRESCALE] bound to: 32'sb00000000000000000000000000000001 
	Parameter P[PLIC_NUM_SRC] bound to: 32'sb00000000000000000000000000001010 
	Parameter P[PLIC_NUM_SRC_LT_32] bound to: 1'b1 
	Parameter P[PLIC_GPIO_ID] bound to: 32'sb00000000000000000000000000000011 
	Parameter P[PLIC_UART_ID] bound to: 32'sb00000000000000000000000000001010 
	Parameter P[PLIC_SPI_ID] bound to: 32'sb00000000000000000000000000000110 
	Parameter P[PLIC_SDC_ID] bound to: 32'sb00000000000000000000000000001001 
	Parameter P[BPRED_SUPPORTED] bound to: 1'b1 
	Parameter P[BPRED_TYPE] bound to: 32'b00000000000000000000000000000100 
	Parameter P[BPRED_NUM_LHR] bound to: 32'sb00000000000000000000000000000110 
	Parameter P[BPRED_SIZE] bound to: 32'sb00000000000000000000000000001010 
	Parameter P[BTB_SIZE] bound to: 32'sb00000000000000000000000000001010 
	Parameter P[RAS_SIZE] bound to: 32'sb00000000000000000000000000010000 
	Parameter P[INSTR_CLASS_PRED] bound to: 1'b1 
	Parameter P[RADIX] bound to: 32'sb00000000000000000000000000000100 
	Parameter P[DIVCOPIES] bound to: 32'sb00000000000000000000000000000100 
	Parameter P[ZBA_SUPPORTED] bound to: 1'b0 
	Parameter P[ZBB_SUPPORTED] bound to: 1'b1 
	Parameter P[ZBC_SUPPORTED] bound to: 1'b0 
	Parameter P[ZBS_SUPPORTED] bound to: 1'b0 
	Parameter P[ZCA_SUPPORTED] bound to: 1'b1 
	Parameter P[ZCB_SUPPORTED] bound to: 1'b0 
	Parameter P[ZCD_SUPPORTED] bound to: 1'b0 
	Parameter P[ZCF_SUPPORTED] bound to: 1'b1 
	Parameter P[ZBKB_SUPPORTED] bound to: 1'b0 
	Parameter P[ZBKC_SUPPORTED] bound to: 1'b0 
	Parameter P[ZBKX_SUPPORTED] bound to: 1'b0 
	Parameter P[ZKND_SUPPORTED] bound to: 1'b0 
	Parameter P[ZKNE_SUPPORTED] bound to: 1'b0 
	Parameter P[ZKNH_SUPPORTED] bound to: 1'b0 
	Parameter P[ZKN_SUPPORTED] bound to: 1'b0 
	Parameter P[USE_SRAM] bound to: 1'b1 
	Parameter P[M_MODE] bound to: 2'b00 
	Parameter P[S_MODE] bound to: 2'b01 
	Parameter P[U_MODE] bound to: 2'b10 
	Parameter P[VPN_SEGMENT_BITS] bound to: 32'sb00000000000000000000000000000011 
	Parameter P[VPN_BITS] bound to: 32'sb00000000000000000000000000000100 
	Parameter P[PPN_BITS] bound to: 32'sb00000000000000000000000000100000 
	Parameter P[PA_BITS] bound to: 32'sb00000000000000000000000001000000 
	Parameter P[SVMODE_BITS] bound to: 32'sb00000000000000000000000000000011 
	Parameter P[ASID_BASE] bound to: 32'sb00000000000000000000000000000100 
	Parameter P[ASID_BITS] bound to: 32'sb00000000000000000000000000000100 
	Parameter P[NO_TRANSLATE] bound to: 4'b0011 
	Parameter P[SV32] bound to: 4'b0000 
	Parameter P[SV39] bound to: 4'b0001 
	Parameter P[SV48] bound to: 4'b0010 
	Parameter P[A_SUPPORTED] bound to: 1'b0 
	Parameter P[B_SUPPORTED] bound to: 1'b0 
	Parameter P[C_SUPPORTED] bound to: 1'b0 
	Parameter P[D_SUPPORTED] bound to: 1'b0 
	Parameter P[E_SUPPORTED] bound to: 1'b0 
	Parameter P[F_SUPPORTED] bound to: 1'b0 
	Parameter P[I_SUPPORTED] bound to: 1'b0 
	Parameter P[M_SUPPORTED] bound to: 1'b1 
	Parameter P[Q_SUPPORTED] bound to: 1'b0 
	Parameter P[S_SUPPORTED] bound to: 1'b1 
	Parameter P[U_SUPPORTED] bound to: 1'b1 
	Parameter P[LOG_XLEN] bound to: 32'sb00000000000000000000000000000110 
	Parameter P[FLEN] bound to: 32'sb00000000000000000000000001000000 
	Parameter P[LLEN] bound to: 32'sb00000000000000000000000001000000 
	Parameter TLB_ENTRIES bound to: 32 - type: integer 
INFO: [Synth 8-6157] synthesizing module 'tlbramline' [/home/ishfisav/wally_1/wally_1.srcs/sources_1/imports/cvw/src/mmu/tlb/tlbramline.sv:30]
	Parameter P[XLEN] bound to: 32'sb00000000000000000000000001000000 
	Parameter P[IEEE754] bound to: 1'b0 
	Parameter P[MISA] bound to: 32'sb00000000000000000000000000000000 
	Parameter P[AHBW] bound to: 32'sb00000000000000000000000001000000 
	Parameter P[RAM_LATENCY] bound to: 32'sb00000000000000000000000000000000 
	Parameter P[BURST_EN] bound to: 1'b1 
	Parameter P[ZICSR_SUPPORTED] bound to: 1'b1 
	Parameter P[ZIFENCEI_SUPPORTED] bound to: 1'b1 
	Parameter P[COUNTERS] bound to: 12'b000000100000 
	Parameter P[ZICNTR_SUPPORTED] bound to: 1'b1 
	Parameter P[ZIHPM_SUPPORTED] bound to: 1'b1 
	Parameter P[ZFH_SUPPORTED] bound to: 1'b1 
	Parameter P[ZFA_SUPPORTED] bound to: 1'b1 
	Parameter P[SSTC_SUPPORTED] bound to: 1'b1 
	Parameter P[VIRTMEM_SUPPORTED] bound to: 1'b1 
	Parameter P[VECTORED_INTERRUPTS_SUPPORTED] bound to: 1'b1 
	Parameter P[BIGENDIAN_SUPPORTED] bound to: 1'b1 
	Parameter P[SVADU_SUPPORTED] bound to: 1'b1 
	Parameter P[ZMMUL_SUPPORTED] bound to: 1'b1 
	Parameter P[ZICBOM_SUPPORTED] bound to: 1'b1 
	Parameter P[ZICBOZ_SUPPORTED] bound to: 1'b1 
	Parameter P[ZICBOP_SUPPORTED] bound to: 1'b1 
	Parameter P[ZICCLSM_SUPPORTED] bound to: 1'b1 
	Parameter P[ZICOND_SUPPORTED] bound to: 1'b1 
	Parameter P[SVPBMT_SUPPORTED] bound to: 1'b1 
	Parameter P[SVNAPOT_SUPPORTED] bound to: 1'b1 
	Parameter P[SVINVAL_SUPPORTED] bound to: 1'b1 
	Parameter P[ZAAMO_SUPPORTED] bound to: 1'b1 
	Parameter P[ZALRSC_SUPPORTED] bound to: 1'b1 
	Parameter P[BUS_SUPPORTED] bound to: 1'b1 
	Parameter P[DCACHE_SUPPORTED] bound to: 1'b1 
	Parameter P[ICACHE_SUPPORTED] bound to: 1'b1 
	Parameter P[ITLB_ENTRIES] bound to: 32'sb00000000000000000000000000100000 
	Parameter P[DTLB_ENTRIES] bound to: 32'sb00000000000000000000000000100000 
	Parameter P[DCACHE_NUMWAYS] bound to: 32'sb00000000000000000000000000000100 
	Parameter P[DCACHE_WAYSIZEINBYTES] bound to: 32'sb00000000000000000001000000000000 
	Parameter P[DCACHE_LINELENINBITS] bound to: 32'sb00000000000000000000001000000000 
	Parameter P[ICACHE_NUMWAYS] bound to: 32'sb00000000000000000000000000000100 
	Parameter P[ICACHE_WAYSIZEINBYTES] bound to: 32'sb00000000000000000001000000000000 
	Parameter P[ICACHE_LINELENINBITS] bound to: 32'sb00000000000000000000001000000000 
	Parameter P[CACHE_SRAMLEN] bound to: 32'sb00000000000000000000000010000000 
	Parameter P[IDIV_BITSPERCYCLE] bound to: 32'sb00000000000000000000000000000100 
	Parameter P[IDIV_ON_FPU] bound to: 1'b1 
	Parameter P[PMP_ENTRIES] bound to: 32'sb00000000000000000000000000010000 
	Parameter P[RESET_VECTOR] bound to: 64'b0000000000000000000000000000000010000000000000000000000000000000 
	Parameter P[WFI_TIMEOUT_BIT] bound to: 32'sb00000000000000000000000000010000 
	Parameter P[DTIM_SUPPORTED] bound to: 1'b0 
	Parameter P[DTIM_BASE] bound to: 64'b0000000000000000000000000000000010000000000000000000000000000000 
	Parameter P[DTIM_RANGE] bound to: 64'b0000000000000000000000000000000000000000011111111111111111111111 
	Parameter P[IROM_SUPPORTED] bound to: 1'b0 
	Parameter P[IROM_BASE] bound to: 64'b0000000000000000000000000000000010000000000000000000000000000000 
	Parameter P[IROM_RANGE] bound to: 64'b0000000000000000000000000000000000000000011111111111111111111111 
	Parameter P[BOOTROM_SUPPORTED] bound to: 1'b0 
	Parameter P[BOOTROM_BASE] bound to: 64'b0000000000000000000000000000000000000000000000000001000000000000 
	Parameter P[BOOTROM_RANGE] bound to: 64'b0000000000000000000000000000000000000000000000000000111111111111 
	Parameter P[BOOTROM_PRELOAD] bound to: 1'b0 
	Parameter P[UNCORE_RAM_SUPPORTED] bound to: 1'b1 
	Parameter P[UNCORE_RAM_BASE] bound to: 64'b0000000000000000000000000000000010000000000000000000000000000000 
	Parameter P[UNCORE_RAM_RANGE] bound to: 64'b0000000000000000000000000000000000000000000000001001000000000000 
	Parameter P[UNCORE_RAM_PRELOAD] bound to: 1'b0 
	Parameter P[EXT_MEM_SUPPORTED] bound to: 1'b0 
	Parameter P[EXT_MEM_BASE] bound to: 64'b0000000000000000000000000000000010000000000000000000000000000000 
	Parameter P[EXT_MEM_RANGE] bound to: 64'b0000000000000000000000000000000000000111111111111111111111111111 
	Parameter P[CLINT_SUPPORTED] bound to: 1'b0 
	Parameter P[CLINT_BASE] bound to: 64'b0000000000000000000000000000000000000010000000000000000000000000 
	Parameter P[CLINT_RANGE] bound to: 64'b0000000000000000000000000000000000000000000000001111111111111111 
	Parameter P[GPIO_SUPPORTED] bound to: 1'b0 
	Parameter P[GPIO_BASE] bound to: 64'b0000000000000000000000000000000000010000000001100000000000000000 
	Parameter P[GPIO_RANGE] bound to: 64'b0000000000000000000000000000000000000000000000000000000011111111 
	Parameter P[UART_SUPPORTED] bound to: 1'b1 
	Parameter P[UART_BASE] bound to: 64'b0000000000000000000000000000000000010000000000000000000000000000 
	Parameter P[UART_RANGE] bound to: 64'b0000000000000000000000000000000000000000000000000000000000000111 
	Parameter P[PLIC_SUPPORTED] bound to: 1'b0 
	Parameter P[PLIC_BASE] bound to: 64'b0000000000000000000000000000000000001100000000000000000000000000 
	Parameter P[PLIC_RANGE] bound to: 64'b0000000000000000000000000000000000000011111111111111111111111111 
	Parameter P[SDC_SUPPORTED] bound to: 1'b0 
	Parameter P[SDC_BASE] bound to: 64'b0000000000000000000000000000000000000000000000010011000000000000 
	Parameter P[SDC_RANGE] bound to: 64'b0000000000000000000000000000000000000000000000000000000001111111 
	Parameter P[SPI_SUPPORTED] bound to: 1'b0 
	Parameter P[SPI_BASE] bound to: 64'b0000000000000000000000000000000000010000000001000000000000000000 
	Parameter P[SPI_RANGE] bound to: 64'b0000000000000000000000000000000000000000000000000000111111111111 
	Parameter P[GPIO_LOOPBACK_TEST] bound to: 1'b0 
	Parameter P[SPI_LOOPBACK_TEST] bound to: 1'b1 
	Parameter P[UART_PRESCALE] bound to: 32'sb00000000000000000000000000000001 
	Parameter P[PLIC_NUM_SRC] bound to: 32'sb00000000000000000000000000001010 
	Parameter P[PLIC_NUM_SRC_LT_32] bound to: 1'b1 
	Parameter P[PLIC_GPIO_ID] bound to: 32'sb00000000000000000000000000000011 
	Parameter P[PLIC_UART_ID] bound to: 32'sb00000000000000000000000000001010 
	Parameter P[PLIC_SPI_ID] bound to: 32'sb00000000000000000000000000000110 
	Parameter P[PLIC_SDC_ID] bound to: 32'sb00000000000000000000000000001001 
	Parameter P[BPRED_SUPPORTED] bound to: 1'b1 
	Parameter P[BPRED_TYPE] bound to: 32'b00000000000000000000000000000100 
	Parameter P[BPRED_NUM_LHR] bound to: 32'sb00000000000000000000000000000110 
	Parameter P[BPRED_SIZE] bound to: 32'sb00000000000000000000000000001010 
	Parameter P[BTB_SIZE] bound to: 32'sb00000000000000000000000000001010 
	Parameter P[RAS_SIZE] bound to: 32'sb00000000000000000000000000010000 
	Parameter P[INSTR_CLASS_PRED] bound to: 1'b1 
	Parameter P[RADIX] bound to: 32'sb00000000000000000000000000000100 
	Parameter P[DIVCOPIES] bound to: 32'sb00000000000000000000000000000100 
	Parameter P[ZBA_SUPPORTED] bound to: 1'b0 
	Parameter P[ZBB_SUPPORTED] bound to: 1'b1 
	Parameter P[ZBC_SUPPORTED] bound to: 1'b0 
	Parameter P[ZBS_SUPPORTED] bound to: 1'b0 
	Parameter P[ZCA_SUPPORTED] bound to: 1'b1 
	Parameter P[ZCB_SUPPORTED] bound to: 1'b0 
	Parameter P[ZCD_SUPPORTED] bound to: 1'b0 
	Parameter P[ZCF_SUPPORTED] bound to: 1'b1 
	Parameter P[ZBKB_SUPPORTED] bound to: 1'b0 
	Parameter P[ZBKC_SUPPORTED] bound to: 1'b0 
	Parameter P[ZBKX_SUPPORTED] bound to: 1'b0 
	Parameter P[ZKND_SUPPORTED] bound to: 1'b0 
	Parameter P[ZKNE_SUPPORTED] bound to: 1'b0 
	Parameter P[ZKNH_SUPPORTED] bound to: 1'b0 
	Parameter P[ZKN_SUPPORTED] bound to: 1'b0 
	Parameter P[USE_SRAM] bound to: 1'b1 
	Parameter P[M_MODE] bound to: 2'b00 
	Parameter P[S_MODE] bound to: 2'b01 
	Parameter P[U_MODE] bound to: 2'b10 
	Parameter P[VPN_SEGMENT_BITS] bound to: 32'sb00000000000000000000000000000011 
	Parameter P[VPN_BITS] bound to: 32'sb00000000000000000000000000000100 
	Parameter P[PPN_BITS] bound to: 32'sb00000000000000000000000000100000 
	Parameter P[PA_BITS] bound to: 32'sb00000000000000000000000001000000 
	Parameter P[SVMODE_BITS] bound to: 32'sb00000000000000000000000000000011 
	Parameter P[ASID_BASE] bound to: 32'sb00000000000000000000000000000100 
	Parameter P[ASID_BITS] bound to: 32'sb00000000000000000000000000000100 
	Parameter P[NO_TRANSLATE] bound to: 4'b0011 
	Parameter P[SV32] bound to: 4'b0000 
	Parameter P[SV39] bound to: 4'b0001 
	Parameter P[SV48] bound to: 4'b0010 
	Parameter P[A_SUPPORTED] bound to: 1'b0 
	Parameter P[B_SUPPORTED] bound to: 1'b0 
	Parameter P[C_SUPPORTED] bound to: 1'b0 
	Parameter P[D_SUPPORTED] bound to: 1'b0 
	Parameter P[E_SUPPORTED] bound to: 1'b0 
	Parameter P[F_SUPPORTED] bound to: 1'b0 
	Parameter P[I_SUPPORTED] bound to: 1'b0 
	Parameter P[M_SUPPORTED] bound to: 1'b1 
	Parameter P[Q_SUPPORTED] bound to: 1'b0 
	Parameter P[S_SUPPORTED] bound to: 1'b1 
	Parameter P[U_SUPPORTED] bound to: 1'b1 
	Parameter P[LOG_XLEN] bound to: 32'sb00000000000000000000000000000110 
	Parameter P[FLEN] bound to: 32'sb00000000000000000000000001000000 
	Parameter P[LLEN] bound to: 32'sb00000000000000000000000001000000 
INFO: [Synth 8-6157] synthesizing module 'flopenr__parameterized10' [/home/ishfisav/wally_1/wally_1.srcs/sources_1/imports/cvw/src/generic/flop/flopenr.sv:28]
	Parameter WIDTH bound to: 58 - type: integer 
INFO: [Synth 8-6155] done synthesizing module 'flopenr__parameterized10' (0#1) [/home/ishfisav/wally_1/wally_1.srcs/sources_1/imports/cvw/src/generic/flop/flopenr.sv:28]
INFO: [Synth 8-6155] done synthesizing module 'tlbramline' (0#1) [/home/ishfisav/wally_1/wally_1.srcs/sources_1/imports/cvw/src/mmu/tlb/tlbramline.sv:30]
INFO: [Synth 8-6157] synthesizing module 'or_rows__parameterized0' [/home/ishfisav/wally_1/wally_1.srcs/sources_1/imports/cvw/src/generic/or_rows.sv:30]
	Parameter ROWS bound to: 32 - type: integer 
	Parameter COLS bound to: 64 - type: integer 
INFO: [Synth 8-6155] done synthesizing module 'or_rows__parameterized0' (0#1) [/home/ishfisav/wally_1/wally_1.srcs/sources_1/imports/cvw/src/generic/or_rows.sv:30]
INFO: [Synth 8-6155] done synthesizing module 'tlbram' (0#1) [/home/ishfisav/wally_1/wally_1.srcs/sources_1/imports/cvw/src/mmu/tlb/tlbram.sv:33]
INFO: [Synth 8-6157] synthesizing module 'tlbmixer' [/home/ishfisav/wally_1/wally_1.srcs/sources_1/imports/cvw/src/mmu/tlb/tlbmixer.sv:33]
	Parameter P[XLEN] bound to: 32'sb00000000000000000000000001000000 
	Parameter P[IEEE754] bound to: 1'b0 
	Parameter P[MISA] bound to: 32'sb00000000000000000000000000000000 
	Parameter P[AHBW] bound to: 32'sb00000000000000000000000001000000 
	Parameter P[RAM_LATENCY] bound to: 32'sb00000000000000000000000000000000 
	Parameter P[BURST_EN] bound to: 1'b1 
	Parameter P[ZICSR_SUPPORTED] bound to: 1'b1 
	Parameter P[ZIFENCEI_SUPPORTED] bound to: 1'b1 
	Parameter P[COUNTERS] bound to: 12'b000000100000 
	Parameter P[ZICNTR_SUPPORTED] bound to: 1'b1 
	Parameter P[ZIHPM_SUPPORTED] bound to: 1'b1 
	Parameter P[ZFH_SUPPORTED] bound to: 1'b1 
	Parameter P[ZFA_SUPPORTED] bound to: 1'b1 
	Parameter P[SSTC_SUPPORTED] bound to: 1'b1 
	Parameter P[VIRTMEM_SUPPORTED] bound to: 1'b1 
	Parameter P[VECTORED_INTERRUPTS_SUPPORTED] bound to: 1'b1 
	Parameter P[BIGENDIAN_SUPPORTED] bound to: 1'b1 
	Parameter P[SVADU_SUPPORTED] bound to: 1'b1 
	Parameter P[ZMMUL_SUPPORTED] bound to: 1'b1 
	Parameter P[ZICBOM_SUPPORTED] bound to: 1'b1 
	Parameter P[ZICBOZ_SUPPORTED] bound to: 1'b1 
	Parameter P[ZICBOP_SUPPORTED] bound to: 1'b1 
	Parameter P[ZICCLSM_SUPPORTED] bound to: 1'b1 
	Parameter P[ZICOND_SUPPORTED] bound to: 1'b1 
	Parameter P[SVPBMT_SUPPORTED] bound to: 1'b1 
	Parameter P[SVNAPOT_SUPPORTED] bound to: 1'b1 
	Parameter P[SVINVAL_SUPPORTED] bound to: 1'b1 
	Parameter P[ZAAMO_SUPPORTED] bound to: 1'b1 
	Parameter P[ZALRSC_SUPPORTED] bound to: 1'b1 
	Parameter P[BUS_SUPPORTED] bound to: 1'b1 
	Parameter P[DCACHE_SUPPORTED] bound to: 1'b1 
	Parameter P[ICACHE_SUPPORTED] bound to: 1'b1 
	Parameter P[ITLB_ENTRIES] bound to: 32'sb00000000000000000000000000100000 
	Parameter P[DTLB_ENTRIES] bound to: 32'sb00000000000000000000000000100000 
	Parameter P[DCACHE_NUMWAYS] bound to: 32'sb00000000000000000000000000000100 
	Parameter P[DCACHE_WAYSIZEINBYTES] bound to: 32'sb00000000000000000001000000000000 
	Parameter P[DCACHE_LINELENINBITS] bound to: 32'sb00000000000000000000001000000000 
	Parameter P[ICACHE_NUMWAYS] bound to: 32'sb00000000000000000000000000000100 
	Parameter P[ICACHE_WAYSIZEINBYTES] bound to: 32'sb00000000000000000001000000000000 
	Parameter P[ICACHE_LINELENINBITS] bound to: 32'sb00000000000000000000001000000000 
	Parameter P[CACHE_SRAMLEN] bound to: 32'sb00000000000000000000000010000000 
	Parameter P[IDIV_BITSPERCYCLE] bound to: 32'sb00000000000000000000000000000100 
	Parameter P[IDIV_ON_FPU] bound to: 1'b1 
	Parameter P[PMP_ENTRIES] bound to: 32'sb00000000000000000000000000010000 
	Parameter P[RESET_VECTOR] bound to: 64'b0000000000000000000000000000000010000000000000000000000000000000 
	Parameter P[WFI_TIMEOUT_BIT] bound to: 32'sb00000000000000000000000000010000 
	Parameter P[DTIM_SUPPORTED] bound to: 1'b0 
	Parameter P[DTIM_BASE] bound to: 64'b0000000000000000000000000000000010000000000000000000000000000000 
	Parameter P[DTIM_RANGE] bound to: 64'b0000000000000000000000000000000000000000011111111111111111111111 
	Parameter P[IROM_SUPPORTED] bound to: 1'b0 
	Parameter P[IROM_BASE] bound to: 64'b0000000000000000000000000000000010000000000000000000000000000000 
	Parameter P[IROM_RANGE] bound to: 64'b0000000000000000000000000000000000000000011111111111111111111111 
	Parameter P[BOOTROM_SUPPORTED] bound to: 1'b0 
	Parameter P[BOOTROM_BASE] bound to: 64'b0000000000000000000000000000000000000000000000000001000000000000 
	Parameter P[BOOTROM_RANGE] bound to: 64'b0000000000000000000000000000000000000000000000000000111111111111 
	Parameter P[BOOTROM_PRELOAD] bound to: 1'b0 
	Parameter P[UNCORE_RAM_SUPPORTED] bound to: 1'b1 
	Parameter P[UNCORE_RAM_BASE] bound to: 64'b0000000000000000000000000000000010000000000000000000000000000000 
	Parameter P[UNCORE_RAM_RANGE] bound to: 64'b0000000000000000000000000000000000000000000000001001000000000000 
	Parameter P[UNCORE_RAM_PRELOAD] bound to: 1'b0 
	Parameter P[EXT_MEM_SUPPORTED] bound to: 1'b0 
	Parameter P[EXT_MEM_BASE] bound to: 64'b0000000000000000000000000000000010000000000000000000000000000000 
	Parameter P[EXT_MEM_RANGE] bound to: 64'b0000000000000000000000000000000000000111111111111111111111111111 
	Parameter P[CLINT_SUPPORTED] bound to: 1'b0 
	Parameter P[CLINT_BASE] bound to: 64'b0000000000000000000000000000000000000010000000000000000000000000 
	Parameter P[CLINT_RANGE] bound to: 64'b0000000000000000000000000000000000000000000000001111111111111111 
	Parameter P[GPIO_SUPPORTED] bound to: 1'b0 
	Parameter P[GPIO_BASE] bound to: 64'b0000000000000000000000000000000000010000000001100000000000000000 
	Parameter P[GPIO_RANGE] bound to: 64'b0000000000000000000000000000000000000000000000000000000011111111 
	Parameter P[UART_SUPPORTED] bound to: 1'b1 
	Parameter P[UART_BASE] bound to: 64'b0000000000000000000000000000000000010000000000000000000000000000 
	Parameter P[UART_RANGE] bound to: 64'b0000000000000000000000000000000000000000000000000000000000000111 
	Parameter P[PLIC_SUPPORTED] bound to: 1'b0 
	Parameter P[PLIC_BASE] bound to: 64'b0000000000000000000000000000000000001100000000000000000000000000 
	Parameter P[PLIC_RANGE] bound to: 64'b0000000000000000000000000000000000000011111111111111111111111111 
	Parameter P[SDC_SUPPORTED] bound to: 1'b0 
	Parameter P[SDC_BASE] bound to: 64'b0000000000000000000000000000000000000000000000010011000000000000 
	Parameter P[SDC_RANGE] bound to: 64'b0000000000000000000000000000000000000000000000000000000001111111 
	Parameter P[SPI_SUPPORTED] bound to: 1'b0 
	Parameter P[SPI_BASE] bound to: 64'b0000000000000000000000000000000000010000000001000000000000000000 
	Parameter P[SPI_RANGE] bound to: 64'b0000000000000000000000000000000000000000000000000000111111111111 
	Parameter P[GPIO_LOOPBACK_TEST] bound to: 1'b0 
	Parameter P[SPI_LOOPBACK_TEST] bound to: 1'b1 
	Parameter P[UART_PRESCALE] bound to: 32'sb00000000000000000000000000000001 
	Parameter P[PLIC_NUM_SRC] bound to: 32'sb00000000000000000000000000001010 
	Parameter P[PLIC_NUM_SRC_LT_32] bound to: 1'b1 
	Parameter P[PLIC_GPIO_ID] bound to: 32'sb00000000000000000000000000000011 
	Parameter P[PLIC_UART_ID] bound to: 32'sb00000000000000000000000000001010 
	Parameter P[PLIC_SPI_ID] bound to: 32'sb00000000000000000000000000000110 
	Parameter P[PLIC_SDC_ID] bound to: 32'sb00000000000000000000000000001001 
	Parameter P[BPRED_SUPPORTED] bound to: 1'b1 
	Parameter P[BPRED_TYPE] bound to: 32'b00000000000000000000000000000100 
	Parameter P[BPRED_NUM_LHR] bound to: 32'sb00000000000000000000000000000110 
	Parameter P[BPRED_SIZE] bound to: 32'sb00000000000000000000000000001010 
	Parameter P[BTB_SIZE] bound to: 32'sb00000000000000000000000000001010 
	Parameter P[RAS_SIZE] bound to: 32'sb00000000000000000000000000010000 
	Parameter P[INSTR_CLASS_PRED] bound to: 1'b1 
	Parameter P[RADIX] bound to: 32'sb00000000000000000000000000000100 
	Parameter P[DIVCOPIES] bound to: 32'sb00000000000000000000000000000100 
	Parameter P[ZBA_SUPPORTED] bound to: 1'b0 
	Parameter P[ZBB_SUPPORTED] bound to: 1'b1 
	Parameter P[ZBC_SUPPORTED] bound to: 1'b0 
	Parameter P[ZBS_SUPPORTED] bound to: 1'b0 
	Parameter P[ZCA_SUPPORTED] bound to: 1'b1 
	Parameter P[ZCB_SUPPORTED] bound to: 1'b0 
	Parameter P[ZCD_SUPPORTED] bound to: 1'b0 
	Parameter P[ZCF_SUPPORTED] bound to: 1'b1 
	Parameter P[ZBKB_SUPPORTED] bound to: 1'b0 
	Parameter P[ZBKC_SUPPORTED] bound to: 1'b0 
	Parameter P[ZBKX_SUPPORTED] bound to: 1'b0 
	Parameter P[ZKND_SUPPORTED] bound to: 1'b0 
	Parameter P[ZKNE_SUPPORTED] bound to: 1'b0 
	Parameter P[ZKNH_SUPPORTED] bound to: 1'b0 
	Parameter P[ZKN_SUPPORTED] bound to: 1'b0 
	Parameter P[USE_SRAM] bound to: 1'b1 
	Parameter P[M_MODE] bound to: 2'b00 
	Parameter P[S_MODE] bound to: 2'b01 
	Parameter P[U_MODE] bound to: 2'b10 
	Parameter P[VPN_SEGMENT_BITS] bound to: 32'sb00000000000000000000000000000011 
	Parameter P[VPN_BITS] bound to: 32'sb00000000000000000000000000000100 
	Parameter P[PPN_BITS] bound to: 32'sb00000000000000000000000000100000 
	Parameter P[PA_BITS] bound to: 32'sb00000000000000000000000001000000 
	Parameter P[SVMODE_BITS] bound to: 32'sb00000000000000000000000000000011 
	Parameter P[ASID_BASE] bound to: 32'sb00000000000000000000000000000100 
	Parameter P[ASID_BITS] bound to: 32'sb00000000000000000000000000000100 
	Parameter P[NO_TRANSLATE] bound to: 4'b0011 
	Parameter P[SV32] bound to: 4'b0000 
	Parameter P[SV39] bound to: 4'b0001 
	Parameter P[SV48] bound to: 4'b0010 
	Parameter P[A_SUPPORTED] bound to: 1'b0 
	Parameter P[B_SUPPORTED] bound to: 1'b0 
	Parameter P[C_SUPPORTED] bound to: 1'b0 
	Parameter P[D_SUPPORTED] bound to: 1'b0 
	Parameter P[E_SUPPORTED] bound to: 1'b0 
	Parameter P[F_SUPPORTED] bound to: 1'b0 
	Parameter P[I_SUPPORTED] bound to: 1'b0 
	Parameter P[M_SUPPORTED] bound to: 1'b1 
	Parameter P[Q_SUPPORTED] bound to: 1'b0 
	Parameter P[S_SUPPORTED] bound to: 1'b1 
	Parameter P[U_SUPPORTED] bound to: 1'b1 
	Parameter P[LOG_XLEN] bound to: 32'sb00000000000000000000000000000110 
	Parameter P[FLEN] bound to: 32'sb00000000000000000000000001000000 
	Parameter P[LLEN] bound to: 32'sb00000000000000000000000001000000 
INFO: [Synth 8-6157] synthesizing module 'mux4' [/home/ishfisav/wally_1/wally_1.srcs/sources_1/imports/cvw/src/generic/mux.sv:46]
	Parameter WIDTH bound to: 44 - type: integer 
INFO: [Synth 8-6155] done synthesizing module 'mux4' (0#1) [/home/ishfisav/wally_1/wally_1.srcs/sources_1/imports/cvw/src/generic/mux.sv:46]
WARNING: [Synth 8-689] width (32) of port connection 'y' does not match port width (44) of module 'mux4' [/home/ishfisav/wally_1/wally_1.srcs/sources_1/imports/cvw/src/mmu/tlb/tlbmixer.sv:58]
INFO: [Synth 8-6157] synthesizing module 'mux2__parameterized2' [/home/ishfisav/wally_1/wally_1.srcs/sources_1/imports/cvw/src/generic/mux.sv:30]
	Parameter WIDTH bound to: 4 - type: integer 
INFO: [Synth 8-6155] done synthesizing module 'mux2__parameterized2' (0#1) [/home/ishfisav/wally_1/wally_1.srcs/sources_1/imports/cvw/src/generic/mux.sv:30]
INFO: [Synth 8-6155] done synthesizing module 'tlbmixer' (0#1) [/home/ishfisav/wally_1/wally_1.srcs/sources_1/imports/cvw/src/mmu/tlb/tlbmixer.sv:33]
INFO: [Synth 8-6155] done synthesizing module 'tlb' (0#1) [/home/ishfisav/wally_1/wally_1.srcs/sources_1/imports/cvw/src/mmu/tlb/tlb.sv:54]
INFO: [Synth 8-6157] synthesizing module 'pmpchecker' [/home/ishfisav/wally_1/wally_1.srcs/sources_1/imports/cvw/src/mmu/pmpchecker.sv:33]
	Parameter P[XLEN] bound to: 32'sb00000000000000000000000001000000 
	Parameter P[IEEE754] bound to: 1'b0 
	Parameter P[MISA] bound to: 32'sb00000000000000000000000000000000 
	Parameter P[AHBW] bound to: 32'sb00000000000000000000000001000000 
	Parameter P[RAM_LATENCY] bound to: 32'sb00000000000000000000000000000000 
	Parameter P[BURST_EN] bound to: 1'b1 
	Parameter P[ZICSR_SUPPORTED] bound to: 1'b1 
	Parameter P[ZIFENCEI_SUPPORTED] bound to: 1'b1 
	Parameter P[COUNTERS] bound to: 12'b000000100000 
	Parameter P[ZICNTR_SUPPORTED] bound to: 1'b1 
	Parameter P[ZIHPM_SUPPORTED] bound to: 1'b1 
	Parameter P[ZFH_SUPPORTED] bound to: 1'b1 
	Parameter P[ZFA_SUPPORTED] bound to: 1'b1 
	Parameter P[SSTC_SUPPORTED] bound to: 1'b1 
	Parameter P[VIRTMEM_SUPPORTED] bound to: 1'b1 
	Parameter P[VECTORED_INTERRUPTS_SUPPORTED] bound to: 1'b1 
	Parameter P[BIGENDIAN_SUPPORTED] bound to: 1'b1 
	Parameter P[SVADU_SUPPORTED] bound to: 1'b1 
	Parameter P[ZMMUL_SUPPORTED] bound to: 1'b1 
	Parameter P[ZICBOM_SUPPORTED] bound to: 1'b1 
	Parameter P[ZICBOZ_SUPPORTED] bound to: 1'b1 
	Parameter P[ZICBOP_SUPPORTED] bound to: 1'b1 
	Parameter P[ZICCLSM_SUPPORTED] bound to: 1'b1 
	Parameter P[ZICOND_SUPPORTED] bound to: 1'b1 
	Parameter P[SVPBMT_SUPPORTED] bound to: 1'b1 
	Parameter P[SVNAPOT_SUPPORTED] bound to: 1'b1 
	Parameter P[SVINVAL_SUPPORTED] bound to: 1'b1 
	Parameter P[ZAAMO_SUPPORTED] bound to: 1'b1 
	Parameter P[ZALRSC_SUPPORTED] bound to: 1'b1 
	Parameter P[BUS_SUPPORTED] bound to: 1'b1 
	Parameter P[DCACHE_SUPPORTED] bound to: 1'b1 
	Parameter P[ICACHE_SUPPORTED] bound to: 1'b1 
	Parameter P[ITLB_ENTRIES] bound to: 32'sb00000000000000000000000000100000 
	Parameter P[DTLB_ENTRIES] bound to: 32'sb00000000000000000000000000100000 
	Parameter P[DCACHE_NUMWAYS] bound to: 32'sb00000000000000000000000000000100 
	Parameter P[DCACHE_WAYSIZEINBYTES] bound to: 32'sb00000000000000000001000000000000 
	Parameter P[DCACHE_LINELENINBITS] bound to: 32'sb00000000000000000000001000000000 
	Parameter P[ICACHE_NUMWAYS] bound to: 32'sb00000000000000000000000000000100 
	Parameter P[ICACHE_WAYSIZEINBYTES] bound to: 32'sb00000000000000000001000000000000 
	Parameter P[ICACHE_LINELENINBITS] bound to: 32'sb00000000000000000000001000000000 
	Parameter P[CACHE_SRAMLEN] bound to: 32'sb00000000000000000000000010000000 
	Parameter P[IDIV_BITSPERCYCLE] bound to: 32'sb00000000000000000000000000000100 
	Parameter P[IDIV_ON_FPU] bound to: 1'b1 
	Parameter P[PMP_ENTRIES] bound to: 32'sb00000000000000000000000000010000 
	Parameter P[RESET_VECTOR] bound to: 64'b0000000000000000000000000000000010000000000000000000000000000000 
	Parameter P[WFI_TIMEOUT_BIT] bound to: 32'sb00000000000000000000000000010000 
	Parameter P[DTIM_SUPPORTED] bound to: 1'b0 
	Parameter P[DTIM_BASE] bound to: 64'b0000000000000000000000000000000010000000000000000000000000000000 
	Parameter P[DTIM_RANGE] bound to: 64'b0000000000000000000000000000000000000000011111111111111111111111 
	Parameter P[IROM_SUPPORTED] bound to: 1'b0 
	Parameter P[IROM_BASE] bound to: 64'b0000000000000000000000000000000010000000000000000000000000000000 
	Parameter P[IROM_RANGE] bound to: 64'b0000000000000000000000000000000000000000011111111111111111111111 
	Parameter P[BOOTROM_SUPPORTED] bound to: 1'b0 
	Parameter P[BOOTROM_BASE] bound to: 64'b0000000000000000000000000000000000000000000000000001000000000000 
	Parameter P[BOOTROM_RANGE] bound to: 64'b0000000000000000000000000000000000000000000000000000111111111111 
	Parameter P[BOOTROM_PRELOAD] bound to: 1'b0 
	Parameter P[UNCORE_RAM_SUPPORTED] bound to: 1'b1 
	Parameter P[UNCORE_RAM_BASE] bound to: 64'b0000000000000000000000000000000010000000000000000000000000000000 
	Parameter P[UNCORE_RAM_RANGE] bound to: 64'b0000000000000000000000000000000000000000000000001001000000000000 
	Parameter P[UNCORE_RAM_PRELOAD] bound to: 1'b0 
	Parameter P[EXT_MEM_SUPPORTED] bound to: 1'b0 
	Parameter P[EXT_MEM_BASE] bound to: 64'b0000000000000000000000000000000010000000000000000000000000000000 
	Parameter P[EXT_MEM_RANGE] bound to: 64'b0000000000000000000000000000000000000111111111111111111111111111 
	Parameter P[CLINT_SUPPORTED] bound to: 1'b0 
	Parameter P[CLINT_BASE] bound to: 64'b0000000000000000000000000000000000000010000000000000000000000000 
	Parameter P[CLINT_RANGE] bound to: 64'b0000000000000000000000000000000000000000000000001111111111111111 
	Parameter P[GPIO_SUPPORTED] bound to: 1'b0 
	Parameter P[GPIO_BASE] bound to: 64'b0000000000000000000000000000000000010000000001100000000000000000 
	Parameter P[GPIO_RANGE] bound to: 64'b0000000000000000000000000000000000000000000000000000000011111111 
	Parameter P[UART_SUPPORTED] bound to: 1'b1 
	Parameter P[UART_BASE] bound to: 64'b0000000000000000000000000000000000010000000000000000000000000000 
	Parameter P[UART_RANGE] bound to: 64'b0000000000000000000000000000000000000000000000000000000000000111 
	Parameter P[PLIC_SUPPORTED] bound to: 1'b0 
	Parameter P[PLIC_BASE] bound to: 64'b0000000000000000000000000000000000001100000000000000000000000000 
	Parameter P[PLIC_RANGE] bound to: 64'b0000000000000000000000000000000000000011111111111111111111111111 
	Parameter P[SDC_SUPPORTED] bound to: 1'b0 
	Parameter P[SDC_BASE] bound to: 64'b0000000000000000000000000000000000000000000000010011000000000000 
	Parameter P[SDC_RANGE] bound to: 64'b0000000000000000000000000000000000000000000000000000000001111111 
	Parameter P[SPI_SUPPORTED] bound to: 1'b0 
	Parameter P[SPI_BASE] bound to: 64'b0000000000000000000000000000000000010000000001000000000000000000 
	Parameter P[SPI_RANGE] bound to: 64'b0000000000000000000000000000000000000000000000000000111111111111 
	Parameter P[GPIO_LOOPBACK_TEST] bound to: 1'b0 
	Parameter P[SPI_LOOPBACK_TEST] bound to: 1'b1 
	Parameter P[UART_PRESCALE] bound to: 32'sb00000000000000000000000000000001 
	Parameter P[PLIC_NUM_SRC] bound to: 32'sb00000000000000000000000000001010 
	Parameter P[PLIC_NUM_SRC_LT_32] bound to: 1'b1 
	Parameter P[PLIC_GPIO_ID] bound to: 32'sb00000000000000000000000000000011 
	Parameter P[PLIC_UART_ID] bound to: 32'sb00000000000000000000000000001010 
	Parameter P[PLIC_SPI_ID] bound to: 32'sb00000000000000000000000000000110 
	Parameter P[PLIC_SDC_ID] bound to: 32'sb00000000000000000000000000001001 
	Parameter P[BPRED_SUPPORTED] bound to: 1'b1 
	Parameter P[BPRED_TYPE] bound to: 32'b00000000000000000000000000000100 
	Parameter P[BPRED_NUM_LHR] bound to: 32'sb00000000000000000000000000000110 
	Parameter P[BPRED_SIZE] bound to: 32'sb00000000000000000000000000001010 
	Parameter P[BTB_SIZE] bound to: 32'sb00000000000000000000000000001010 
	Parameter P[RAS_SIZE] bound to: 32'sb00000000000000000000000000010000 
	Parameter P[INSTR_CLASS_PRED] bound to: 1'b1 
	Parameter P[RADIX] bound to: 32'sb00000000000000000000000000000100 
	Parameter P[DIVCOPIES] bound to: 32'sb00000000000000000000000000000100 
	Parameter P[ZBA_SUPPORTED] bound to: 1'b0 
	Parameter P[ZBB_SUPPORTED] bound to: 1'b1 
	Parameter P[ZBC_SUPPORTED] bound to: 1'b0 
	Parameter P[ZBS_SUPPORTED] bound to: 1'b0 
	Parameter P[ZCA_SUPPORTED] bound to: 1'b1 
	Parameter P[ZCB_SUPPORTED] bound to: 1'b0 
	Parameter P[ZCD_SUPPORTED] bound to: 1'b0 
	Parameter P[ZCF_SUPPORTED] bound to: 1'b1 
	Parameter P[ZBKB_SUPPORTED] bound to: 1'b0 
	Parameter P[ZBKC_SUPPORTED] bound to: 1'b0 
	Parameter P[ZBKX_SUPPORTED] bound to: 1'b0 
	Parameter P[ZKND_SUPPORTED] bound to: 1'b0 
	Parameter P[ZKNE_SUPPORTED] bound to: 1'b0 
	Parameter P[ZKNH_SUPPORTED] bound to: 1'b0 
	Parameter P[ZKN_SUPPORTED] bound to: 1'b0 
	Parameter P[USE_SRAM] bound to: 1'b1 
	Parameter P[M_MODE] bound to: 2'b00 
	Parameter P[S_MODE] bound to: 2'b01 
	Parameter P[U_MODE] bound to: 2'b10 
	Parameter P[VPN_SEGMENT_BITS] bound to: 32'sb00000000000000000000000000000011 
	Parameter P[VPN_BITS] bound to: 32'sb00000000000000000000000000000100 
	Parameter P[PPN_BITS] bound to: 32'sb00000000000000000000000000100000 
	Parameter P[PA_BITS] bound to: 32'sb00000000000000000000000001000000 
	Parameter P[SVMODE_BITS] bound to: 32'sb00000000000000000000000000000011 
	Parameter P[ASID_BASE] bound to: 32'sb00000000000000000000000000000100 
	Parameter P[ASID_BITS] bound to: 32'sb00000000000000000000000000000100 
	Parameter P[NO_TRANSLATE] bound to: 4'b0011 
	Parameter P[SV32] bound to: 4'b0000 
	Parameter P[SV39] bound to: 4'b0001 
	Parameter P[SV48] bound to: 4'b0010 
	Parameter P[A_SUPPORTED] bound to: 1'b0 
	Parameter P[B_SUPPORTED] bound to: 1'b0 
	Parameter P[C_SUPPORTED] bound to: 1'b0 
	Parameter P[D_SUPPORTED] bound to: 1'b0 
	Parameter P[E_SUPPORTED] bound to: 1'b0 
	Parameter P[F_SUPPORTED] bound to: 1'b0 
	Parameter P[I_SUPPORTED] bound to: 1'b0 
	Parameter P[M_SUPPORTED] bound to: 1'b1 
	Parameter P[Q_SUPPORTED] bound to: 1'b0 
	Parameter P[S_SUPPORTED] bound to: 1'b1 
	Parameter P[U_SUPPORTED] bound to: 1'b1 
	Parameter P[LOG_XLEN] bound to: 32'sb00000000000000000000000000000110 
	Parameter P[FLEN] bound to: 32'sb00000000000000000000000001000000 
	Parameter P[LLEN] bound to: 32'sb00000000000000000000000001000000 
INFO: [Synth 8-6157] synthesizing module 'pmpadrdec' [/home/ishfisav/wally_1/wally_1.srcs/sources_1/imports/cvw/src/mmu/pmpadrdec.sv:34]
	Parameter P[XLEN] bound to: 32'sb00000000000000000000000001000000 
	Parameter P[IEEE754] bound to: 1'b0 
	Parameter P[MISA] bound to: 32'sb00000000000000000000000000000000 
	Parameter P[AHBW] bound to: 32'sb00000000000000000000000001000000 
	Parameter P[RAM_LATENCY] bound to: 32'sb00000000000000000000000000000000 
	Parameter P[BURST_EN] bound to: 1'b1 
	Parameter P[ZICSR_SUPPORTED] bound to: 1'b1 
	Parameter P[ZIFENCEI_SUPPORTED] bound to: 1'b1 
	Parameter P[COUNTERS] bound to: 12'b000000100000 
	Parameter P[ZICNTR_SUPPORTED] bound to: 1'b1 
	Parameter P[ZIHPM_SUPPORTED] bound to: 1'b1 
	Parameter P[ZFH_SUPPORTED] bound to: 1'b1 
	Parameter P[ZFA_SUPPORTED] bound to: 1'b1 
	Parameter P[SSTC_SUPPORTED] bound to: 1'b1 
	Parameter P[VIRTMEM_SUPPORTED] bound to: 1'b1 
	Parameter P[VECTORED_INTERRUPTS_SUPPORTED] bound to: 1'b1 
	Parameter P[BIGENDIAN_SUPPORTED] bound to: 1'b1 
	Parameter P[SVADU_SUPPORTED] bound to: 1'b1 
	Parameter P[ZMMUL_SUPPORTED] bound to: 1'b1 
	Parameter P[ZICBOM_SUPPORTED] bound to: 1'b1 
	Parameter P[ZICBOZ_SUPPORTED] bound to: 1'b1 
	Parameter P[ZICBOP_SUPPORTED] bound to: 1'b1 
	Parameter P[ZICCLSM_SUPPORTED] bound to: 1'b1 
	Parameter P[ZICOND_SUPPORTED] bound to: 1'b1 
	Parameter P[SVPBMT_SUPPORTED] bound to: 1'b1 
	Parameter P[SVNAPOT_SUPPORTED] bound to: 1'b1 
	Parameter P[SVINVAL_SUPPORTED] bound to: 1'b1 
	Parameter P[ZAAMO_SUPPORTED] bound to: 1'b1 
	Parameter P[ZALRSC_SUPPORTED] bound to: 1'b1 
	Parameter P[BUS_SUPPORTED] bound to: 1'b1 
	Parameter P[DCACHE_SUPPORTED] bound to: 1'b1 
	Parameter P[ICACHE_SUPPORTED] bound to: 1'b1 
	Parameter P[ITLB_ENTRIES] bound to: 32'sb00000000000000000000000000100000 
	Parameter P[DTLB_ENTRIES] bound to: 32'sb00000000000000000000000000100000 
	Parameter P[DCACHE_NUMWAYS] bound to: 32'sb00000000000000000000000000000100 
	Parameter P[DCACHE_WAYSIZEINBYTES] bound to: 32'sb00000000000000000001000000000000 
	Parameter P[DCACHE_LINELENINBITS] bound to: 32'sb00000000000000000000001000000000 
	Parameter P[ICACHE_NUMWAYS] bound to: 32'sb00000000000000000000000000000100 
	Parameter P[ICACHE_WAYSIZEINBYTES] bound to: 32'sb00000000000000000001000000000000 
	Parameter P[ICACHE_LINELENINBITS] bound to: 32'sb00000000000000000000001000000000 
	Parameter P[CACHE_SRAMLEN] bound to: 32'sb00000000000000000000000010000000 
	Parameter P[IDIV_BITSPERCYCLE] bound to: 32'sb00000000000000000000000000000100 
	Parameter P[IDIV_ON_FPU] bound to: 1'b1 
	Parameter P[PMP_ENTRIES] bound to: 32'sb00000000000000000000000000010000 
	Parameter P[RESET_VECTOR] bound to: 64'b0000000000000000000000000000000010000000000000000000000000000000 
	Parameter P[WFI_TIMEOUT_BIT] bound to: 32'sb00000000000000000000000000010000 
	Parameter P[DTIM_SUPPORTED] bound to: 1'b0 
	Parameter P[DTIM_BASE] bound to: 64'b0000000000000000000000000000000010000000000000000000000000000000 
	Parameter P[DTIM_RANGE] bound to: 64'b0000000000000000000000000000000000000000011111111111111111111111 
	Parameter P[IROM_SUPPORTED] bound to: 1'b0 
	Parameter P[IROM_BASE] bound to: 64'b0000000000000000000000000000000010000000000000000000000000000000 
	Parameter P[IROM_RANGE] bound to: 64'b0000000000000000000000000000000000000000011111111111111111111111 
	Parameter P[BOOTROM_SUPPORTED] bound to: 1'b0 
	Parameter P[BOOTROM_BASE] bound to: 64'b0000000000000000000000000000000000000000000000000001000000000000 
	Parameter P[BOOTROM_RANGE] bound to: 64'b0000000000000000000000000000000000000000000000000000111111111111 
	Parameter P[BOOTROM_PRELOAD] bound to: 1'b0 
	Parameter P[UNCORE_RAM_SUPPORTED] bound to: 1'b1 
	Parameter P[UNCORE_RAM_BASE] bound to: 64'b0000000000000000000000000000000010000000000000000000000000000000 
	Parameter P[UNCORE_RAM_RANGE] bound to: 64'b0000000000000000000000000000000000000000000000001001000000000000 
	Parameter P[UNCORE_RAM_PRELOAD] bound to: 1'b0 
	Parameter P[EXT_MEM_SUPPORTED] bound to: 1'b0 
	Parameter P[EXT_MEM_BASE] bound to: 64'b0000000000000000000000000000000010000000000000000000000000000000 
	Parameter P[EXT_MEM_RANGE] bound to: 64'b0000000000000000000000000000000000000111111111111111111111111111 
	Parameter P[CLINT_SUPPORTED] bound to: 1'b0 
	Parameter P[CLINT_BASE] bound to: 64'b0000000000000000000000000000000000000010000000000000000000000000 
	Parameter P[CLINT_RANGE] bound to: 64'b0000000000000000000000000000000000000000000000001111111111111111 
	Parameter P[GPIO_SUPPORTED] bound to: 1'b0 
	Parameter P[GPIO_BASE] bound to: 64'b0000000000000000000000000000000000010000000001100000000000000000 
	Parameter P[GPIO_RANGE] bound to: 64'b0000000000000000000000000000000000000000000000000000000011111111 
	Parameter P[UART_SUPPORTED] bound to: 1'b1 
	Parameter P[UART_BASE] bound to: 64'b0000000000000000000000000000000000010000000000000000000000000000 
	Parameter P[UART_RANGE] bound to: 64'b0000000000000000000000000000000000000000000000000000000000000111 
	Parameter P[PLIC_SUPPORTED] bound to: 1'b0 
	Parameter P[PLIC_BASE] bound to: 64'b0000000000000000000000000000000000001100000000000000000000000000 
	Parameter P[PLIC_RANGE] bound to: 64'b0000000000000000000000000000000000000011111111111111111111111111 
	Parameter P[SDC_SUPPORTED] bound to: 1'b0 
	Parameter P[SDC_BASE] bound to: 64'b0000000000000000000000000000000000000000000000010011000000000000 
	Parameter P[SDC_RANGE] bound to: 64'b0000000000000000000000000000000000000000000000000000000001111111 
	Parameter P[SPI_SUPPORTED] bound to: 1'b0 
	Parameter P[SPI_BASE] bound to: 64'b0000000000000000000000000000000000010000000001000000000000000000 
	Parameter P[SPI_RANGE] bound to: 64'b0000000000000000000000000000000000000000000000000000111111111111 
	Parameter P[GPIO_LOOPBACK_TEST] bound to: 1'b0 
	Parameter P[SPI_LOOPBACK_TEST] bound to: 1'b1 
	Parameter P[UART_PRESCALE] bound to: 32'sb00000000000000000000000000000001 
	Parameter P[PLIC_NUM_SRC] bound to: 32'sb00000000000000000000000000001010 
	Parameter P[PLIC_NUM_SRC_LT_32] bound to: 1'b1 
	Parameter P[PLIC_GPIO_ID] bound to: 32'sb00000000000000000000000000000011 
	Parameter P[PLIC_UART_ID] bound to: 32'sb00000000000000000000000000001010 
	Parameter P[PLIC_SPI_ID] bound to: 32'sb00000000000000000000000000000110 
	Parameter P[PLIC_SDC_ID] bound to: 32'sb00000000000000000000000000001001 
	Parameter P[BPRED_SUPPORTED] bound to: 1'b1 
	Parameter P[BPRED_TYPE] bound to: 32'b00000000000000000000000000000100 
	Parameter P[BPRED_NUM_LHR] bound to: 32'sb00000000000000000000000000000110 
	Parameter P[BPRED_SIZE] bound to: 32'sb00000000000000000000000000001010 
	Parameter P[BTB_SIZE] bound to: 32'sb00000000000000000000000000001010 
	Parameter P[RAS_SIZE] bound to: 32'sb00000000000000000000000000010000 
	Parameter P[INSTR_CLASS_PRED] bound to: 1'b1 
	Parameter P[RADIX] bound to: 32'sb00000000000000000000000000000100 
	Parameter P[DIVCOPIES] bound to: 32'sb00000000000000000000000000000100 
	Parameter P[ZBA_SUPPORTED] bound to: 1'b0 
	Parameter P[ZBB_SUPPORTED] bound to: 1'b1 
	Parameter P[ZBC_SUPPORTED] bound to: 1'b0 
	Parameter P[ZBS_SUPPORTED] bound to: 1'b0 
	Parameter P[ZCA_SUPPORTED] bound to: 1'b1 
	Parameter P[ZCB_SUPPORTED] bound to: 1'b0 
	Parameter P[ZCD_SUPPORTED] bound to: 1'b0 
	Parameter P[ZCF_SUPPORTED] bound to: 1'b1 
	Parameter P[ZBKB_SUPPORTED] bound to: 1'b0 
	Parameter P[ZBKC_SUPPORTED] bound to: 1'b0 
	Parameter P[ZBKX_SUPPORTED] bound to: 1'b0 
	Parameter P[ZKND_SUPPORTED] bound to: 1'b0 
	Parameter P[ZKNE_SUPPORTED] bound to: 1'b0 
	Parameter P[ZKNH_SUPPORTED] bound to: 1'b0 
	Parameter P[ZKN_SUPPORTED] bound to: 1'b0 
	Parameter P[USE_SRAM] bound to: 1'b1 
	Parameter P[M_MODE] bound to: 2'b00 
	Parameter P[S_MODE] bound to: 2'b01 
	Parameter P[U_MODE] bound to: 2'b10 
	Parameter P[VPN_SEGMENT_BITS] bound to: 32'sb00000000000000000000000000000011 
	Parameter P[VPN_BITS] bound to: 32'sb00000000000000000000000000000100 
	Parameter P[PPN_BITS] bound to: 32'sb00000000000000000000000000100000 
	Parameter P[PA_BITS] bound to: 32'sb00000000000000000000000001000000 
	Parameter P[SVMODE_BITS] bound to: 32'sb00000000000000000000000000000011 
	Parameter P[ASID_BASE] bound to: 32'sb00000000000000000000000000000100 
	Parameter P[ASID_BITS] bound to: 32'sb00000000000000000000000000000100 
	Parameter P[NO_TRANSLATE] bound to: 4'b0011 
	Parameter P[SV32] bound to: 4'b0000 
	Parameter P[SV39] bound to: 4'b0001 
	Parameter P[SV48] bound to: 4'b0010 
	Parameter P[A_SUPPORTED] bound to: 1'b0 
	Parameter P[B_SUPPORTED] bound to: 1'b0 
	Parameter P[C_SUPPORTED] bound to: 1'b0 
	Parameter P[D_SUPPORTED] bound to: 1'b0 
	Parameter P[E_SUPPORTED] bound to: 1'b0 
	Parameter P[F_SUPPORTED] bound to: 1'b0 
	Parameter P[I_SUPPORTED] bound to: 1'b0 
	Parameter P[M_SUPPORTED] bound to: 1'b1 
	Parameter P[Q_SUPPORTED] bound to: 1'b0 
	Parameter P[S_SUPPORTED] bound to: 1'b1 
	Parameter P[U_SUPPORTED] bound to: 1'b1 
	Parameter P[LOG_XLEN] bound to: 32'sb00000000000000000000000000000110 
	Parameter P[FLEN] bound to: 32'sb00000000000000000000000001000000 
	Parameter P[LLEN] bound to: 32'sb00000000000000000000000001000000 
INFO: [Synth 8-6155] done synthesizing module 'pmpadrdec' (0#1) [/home/ishfisav/wally_1/wally_1.srcs/sources_1/imports/cvw/src/mmu/pmpadrdec.sv:34]
INFO: [Synth 8-6157] synthesizing module 'priorityonehot__parameterized0' [/home/ishfisav/wally_1/wally_1.srcs/sources_1/imports/cvw/src/generic/priorityonehot.sv:37]
	Parameter N bound to: 16 - type: integer 
INFO: [Synth 8-6155] done synthesizing module 'priorityonehot__parameterized0' (0#1) [/home/ishfisav/wally_1/wally_1.srcs/sources_1/imports/cvw/src/generic/priorityonehot.sv:37]
INFO: [Synth 8-6155] done synthesizing module 'pmpchecker' (0#1) [/home/ishfisav/wally_1/wally_1.srcs/sources_1/imports/cvw/src/mmu/pmpchecker.sv:33]
INFO: [Synth 8-6157] synthesizing module 'mux2__parameterized3' [/home/ishfisav/wally_1/wally_1.srcs/sources_1/imports/cvw/src/generic/mux.sv:30]
	Parameter WIDTH bound to: 52 - type: integer 
INFO: [Synth 8-6155] done synthesizing module 'mux2__parameterized3' (0#1) [/home/ishfisav/wally_1/wally_1.srcs/sources_1/imports/cvw/src/generic/mux.sv:30]
INFO: [Synth 8-6157] synthesizing module 'pmachecker' [/home/ishfisav/wally_1/wally_1.srcs/sources_1/imports/cvw/src/mmu/pmachecker.sv:32]
	Parameter P[XLEN] bound to: 32'sb00000000000000000000000001000000 
	Parameter P[IEEE754] bound to: 1'b0 
	Parameter P[MISA] bound to: 32'sb00000000000000000000000000000000 
	Parameter P[AHBW] bound to: 32'sb00000000000000000000000001000000 
	Parameter P[RAM_LATENCY] bound to: 32'sb00000000000000000000000000000000 
	Parameter P[BURST_EN] bound to: 1'b1 
	Parameter P[ZICSR_SUPPORTED] bound to: 1'b1 
	Parameter P[ZIFENCEI_SUPPORTED] bound to: 1'b1 
	Parameter P[COUNTERS] bound to: 12'b000000100000 
	Parameter P[ZICNTR_SUPPORTED] bound to: 1'b1 
	Parameter P[ZIHPM_SUPPORTED] bound to: 1'b1 
	Parameter P[ZFH_SUPPORTED] bound to: 1'b1 
	Parameter P[ZFA_SUPPORTED] bound to: 1'b1 
	Parameter P[SSTC_SUPPORTED] bound to: 1'b1 
	Parameter P[VIRTMEM_SUPPORTED] bound to: 1'b1 
	Parameter P[VECTORED_INTERRUPTS_SUPPORTED] bound to: 1'b1 
	Parameter P[BIGENDIAN_SUPPORTED] bound to: 1'b1 
	Parameter P[SVADU_SUPPORTED] bound to: 1'b1 
	Parameter P[ZMMUL_SUPPORTED] bound to: 1'b1 
	Parameter P[ZICBOM_SUPPORTED] bound to: 1'b1 
	Parameter P[ZICBOZ_SUPPORTED] bound to: 1'b1 
	Parameter P[ZICBOP_SUPPORTED] bound to: 1'b1 
	Parameter P[ZICCLSM_SUPPORTED] bound to: 1'b1 
	Parameter P[ZICOND_SUPPORTED] bound to: 1'b1 
	Parameter P[SVPBMT_SUPPORTED] bound to: 1'b1 
	Parameter P[SVNAPOT_SUPPORTED] bound to: 1'b1 
	Parameter P[SVINVAL_SUPPORTED] bound to: 1'b1 
	Parameter P[ZAAMO_SUPPORTED] bound to: 1'b1 
	Parameter P[ZALRSC_SUPPORTED] bound to: 1'b1 
	Parameter P[BUS_SUPPORTED] bound to: 1'b1 
	Parameter P[DCACHE_SUPPORTED] bound to: 1'b1 
	Parameter P[ICACHE_SUPPORTED] bound to: 1'b1 
	Parameter P[ITLB_ENTRIES] bound to: 32'sb00000000000000000000000000100000 
	Parameter P[DTLB_ENTRIES] bound to: 32'sb00000000000000000000000000100000 
	Parameter P[DCACHE_NUMWAYS] bound to: 32'sb00000000000000000000000000000100 
	Parameter P[DCACHE_WAYSIZEINBYTES] bound to: 32'sb00000000000000000001000000000000 
	Parameter P[DCACHE_LINELENINBITS] bound to: 32'sb00000000000000000000001000000000 
	Parameter P[ICACHE_NUMWAYS] bound to: 32'sb00000000000000000000000000000100 
	Parameter P[ICACHE_WAYSIZEINBYTES] bound to: 32'sb00000000000000000001000000000000 
	Parameter P[ICACHE_LINELENINBITS] bound to: 32'sb00000000000000000000001000000000 
	Parameter P[CACHE_SRAMLEN] bound to: 32'sb00000000000000000000000010000000 
	Parameter P[IDIV_BITSPERCYCLE] bound to: 32'sb00000000000000000000000000000100 
	Parameter P[IDIV_ON_FPU] bound to: 1'b1 
	Parameter P[PMP_ENTRIES] bound to: 32'sb00000000000000000000000000010000 
	Parameter P[RESET_VECTOR] bound to: 64'b0000000000000000000000000000000010000000000000000000000000000000 
	Parameter P[WFI_TIMEOUT_BIT] bound to: 32'sb00000000000000000000000000010000 
	Parameter P[DTIM_SUPPORTED] bound to: 1'b0 
	Parameter P[DTIM_BASE] bound to: 64'b0000000000000000000000000000000010000000000000000000000000000000 
	Parameter P[DTIM_RANGE] bound to: 64'b0000000000000000000000000000000000000000011111111111111111111111 
	Parameter P[IROM_SUPPORTED] bound to: 1'b0 
	Parameter P[IROM_BASE] bound to: 64'b0000000000000000000000000000000010000000000000000000000000000000 
	Parameter P[IROM_RANGE] bound to: 64'b0000000000000000000000000000000000000000011111111111111111111111 
	Parameter P[BOOTROM_SUPPORTED] bound to: 1'b0 
	Parameter P[BOOTROM_BASE] bound to: 64'b0000000000000000000000000000000000000000000000000001000000000000 
	Parameter P[BOOTROM_RANGE] bound to: 64'b0000000000000000000000000000000000000000000000000000111111111111 
	Parameter P[BOOTROM_PRELOAD] bound to: 1'b0 
	Parameter P[UNCORE_RAM_SUPPORTED] bound to: 1'b1 
	Parameter P[UNCORE_RAM_BASE] bound to: 64'b0000000000000000000000000000000010000000000000000000000000000000 
	Parameter P[UNCORE_RAM_RANGE] bound to: 64'b0000000000000000000000000000000000000000000000001001000000000000 
	Parameter P[UNCORE_RAM_PRELOAD] bound to: 1'b0 
	Parameter P[EXT_MEM_SUPPORTED] bound to: 1'b0 
	Parameter P[EXT_MEM_BASE] bound to: 64'b0000000000000000000000000000000010000000000000000000000000000000 
	Parameter P[EXT_MEM_RANGE] bound to: 64'b0000000000000000000000000000000000000111111111111111111111111111 
	Parameter P[CLINT_SUPPORTED] bound to: 1'b0 
	Parameter P[CLINT_BASE] bound to: 64'b0000000000000000000000000000000000000010000000000000000000000000 
	Parameter P[CLINT_RANGE] bound to: 64'b0000000000000000000000000000000000000000000000001111111111111111 
	Parameter P[GPIO_SUPPORTED] bound to: 1'b0 
	Parameter P[GPIO_BASE] bound to: 64'b0000000000000000000000000000000000010000000001100000000000000000 
	Parameter P[GPIO_RANGE] bound to: 64'b0000000000000000000000000000000000000000000000000000000011111111 
	Parameter P[UART_SUPPORTED] bound to: 1'b1 
	Parameter P[UART_BASE] bound to: 64'b0000000000000000000000000000000000010000000000000000000000000000 
	Parameter P[UART_RANGE] bound to: 64'b0000000000000000000000000000000000000000000000000000000000000111 
	Parameter P[PLIC_SUPPORTED] bound to: 1'b0 
	Parameter P[PLIC_BASE] bound to: 64'b0000000000000000000000000000000000001100000000000000000000000000 
	Parameter P[PLIC_RANGE] bound to: 64'b0000000000000000000000000000000000000011111111111111111111111111 
	Parameter P[SDC_SUPPORTED] bound to: 1'b0 
	Parameter P[SDC_BASE] bound to: 64'b0000000000000000000000000000000000000000000000010011000000000000 
	Parameter P[SDC_RANGE] bound to: 64'b0000000000000000000000000000000000000000000000000000000001111111 
	Parameter P[SPI_SUPPORTED] bound to: 1'b0 
	Parameter P[SPI_BASE] bound to: 64'b0000000000000000000000000000000000010000000001000000000000000000 
	Parameter P[SPI_RANGE] bound to: 64'b0000000000000000000000000000000000000000000000000000111111111111 
	Parameter P[GPIO_LOOPBACK_TEST] bound to: 1'b0 
	Parameter P[SPI_LOOPBACK_TEST] bound to: 1'b1 
	Parameter P[UART_PRESCALE] bound to: 32'sb00000000000000000000000000000001 
	Parameter P[PLIC_NUM_SRC] bound to: 32'sb00000000000000000000000000001010 
	Parameter P[PLIC_NUM_SRC_LT_32] bound to: 1'b1 
	Parameter P[PLIC_GPIO_ID] bound to: 32'sb00000000000000000000000000000011 
	Parameter P[PLIC_UART_ID] bound to: 32'sb00000000000000000000000000001010 
	Parameter P[PLIC_SPI_ID] bound to: 32'sb00000000000000000000000000000110 
	Parameter P[PLIC_SDC_ID] bound to: 32'sb00000000000000000000000000001001 
	Parameter P[BPRED_SUPPORTED] bound to: 1'b1 
	Parameter P[BPRED_TYPE] bound to: 32'b00000000000000000000000000000100 
	Parameter P[BPRED_NUM_LHR] bound to: 32'sb00000000000000000000000000000110 
	Parameter P[BPRED_SIZE] bound to: 32'sb00000000000000000000000000001010 
	Parameter P[BTB_SIZE] bound to: 32'sb00000000000000000000000000001010 
	Parameter P[RAS_SIZE] bound to: 32'sb00000000000000000000000000010000 
	Parameter P[INSTR_CLASS_PRED] bound to: 1'b1 
	Parameter P[RADIX] bound to: 32'sb00000000000000000000000000000100 
	Parameter P[DIVCOPIES] bound to: 32'sb00000000000000000000000000000100 
	Parameter P[ZBA_SUPPORTED] bound to: 1'b0 
	Parameter P[ZBB_SUPPORTED] bound to: 1'b1 
	Parameter P[ZBC_SUPPORTED] bound to: 1'b0 
	Parameter P[ZBS_SUPPORTED] bound to: 1'b0 
	Parameter P[ZCA_SUPPORTED] bound to: 1'b1 
	Parameter P[ZCB_SUPPORTED] bound to: 1'b0 
	Parameter P[ZCD_SUPPORTED] bound to: 1'b0 
	Parameter P[ZCF_SUPPORTED] bound to: 1'b1 
	Parameter P[ZBKB_SUPPORTED] bound to: 1'b0 
	Parameter P[ZBKC_SUPPORTED] bound to: 1'b0 
	Parameter P[ZBKX_SUPPORTED] bound to: 1'b0 
	Parameter P[ZKND_SUPPORTED] bound to: 1'b0 
	Parameter P[ZKNE_SUPPORTED] bound to: 1'b0 
	Parameter P[ZKNH_SUPPORTED] bound to: 1'b0 
	Parameter P[ZKN_SUPPORTED] bound to: 1'b0 
	Parameter P[USE_SRAM] bound to: 1'b1 
	Parameter P[M_MODE] bound to: 2'b00 
	Parameter P[S_MODE] bound to: 2'b01 
	Parameter P[U_MODE] bound to: 2'b10 
	Parameter P[VPN_SEGMENT_BITS] bound to: 32'sb00000000000000000000000000000011 
	Parameter P[VPN_BITS] bound to: 32'sb00000000000000000000000000000100 
	Parameter P[PPN_BITS] bound to: 32'sb00000000000000000000000000100000 
	Parameter P[PA_BITS] bound to: 32'sb00000000000000000000000001000000 
	Parameter P[SVMODE_BITS] bound to: 32'sb00000000000000000000000000000011 
	Parameter P[ASID_BASE] bound to: 32'sb00000000000000000000000000000100 
	Parameter P[ASID_BITS] bound to: 32'sb00000000000000000000000000000100 
	Parameter P[NO_TRANSLATE] bound to: 4'b0011 
	Parameter P[SV32] bound to: 4'b0000 
	Parameter P[SV39] bound to: 4'b0001 
	Parameter P[SV48] bound to: 4'b0010 
	Parameter P[A_SUPPORTED] bound to: 1'b0 
	Parameter P[B_SUPPORTED] bound to: 1'b0 
	Parameter P[C_SUPPORTED] bound to: 1'b0 
	Parameter P[D_SUPPORTED] bound to: 1'b0 
	Parameter P[E_SUPPORTED] bound to: 1'b0 
	Parameter P[F_SUPPORTED] bound to: 1'b0 
	Parameter P[I_SUPPORTED] bound to: 1'b0 
	Parameter P[M_SUPPORTED] bound to: 1'b1 
	Parameter P[Q_SUPPORTED] bound to: 1'b0 
	Parameter P[S_SUPPORTED] bound to: 1'b1 
	Parameter P[U_SUPPORTED] bound to: 1'b1 
	Parameter P[LOG_XLEN] bound to: 32'sb00000000000000000000000000000110 
	Parameter P[FLEN] bound to: 32'sb00000000000000000000000001000000 
	Parameter P[LLEN] bound to: 32'sb00000000000000000000000001000000 
INFO: [Synth 8-6155] done synthesizing module 'pmachecker' (0#1) [/home/ishfisav/wally_1/wally_1.srcs/sources_1/imports/cvw/src/mmu/pmachecker.sv:32]
INFO: [Synth 8-6155] done synthesizing module 'mmu' (0#1) [/home/ishfisav/wally_1/wally_1.srcs/sources_1/imports/cvw/src/mmu/mmu.sv:30]
INFO: [Synth 8-6157] synthesizing module 'cache' [/home/ishfisav/wally_1/wally_1.srcs/sources_1/imports/cvw/src/cache/cache.sv:31]
	Parameter P[XLEN] bound to: 32'sb00000000000000000000000001000000 
	Parameter P[IEEE754] bound to: 1'b0 
	Parameter P[MISA] bound to: 32'sb00000000000000000000000000000000 
	Parameter P[AHBW] bound to: 32'sb00000000000000000000000001000000 
	Parameter P[RAM_LATENCY] bound to: 32'sb00000000000000000000000000000000 
	Parameter P[BURST_EN] bound to: 1'b1 
	Parameter P[ZICSR_SUPPORTED] bound to: 1'b1 
	Parameter P[ZIFENCEI_SUPPORTED] bound to: 1'b1 
	Parameter P[COUNTERS] bound to: 12'b000000100000 
	Parameter P[ZICNTR_SUPPORTED] bound to: 1'b1 
	Parameter P[ZIHPM_SUPPORTED] bound to: 1'b1 
	Parameter P[ZFH_SUPPORTED] bound to: 1'b1 
	Parameter P[ZFA_SUPPORTED] bound to: 1'b1 
	Parameter P[SSTC_SUPPORTED] bound to: 1'b1 
	Parameter P[VIRTMEM_SUPPORTED] bound to: 1'b1 
	Parameter P[VECTORED_INTERRUPTS_SUPPORTED] bound to: 1'b1 
	Parameter P[BIGENDIAN_SUPPORTED] bound to: 1'b1 
	Parameter P[SVADU_SUPPORTED] bound to: 1'b1 
	Parameter P[ZMMUL_SUPPORTED] bound to: 1'b1 
	Parameter P[ZICBOM_SUPPORTED] bound to: 1'b1 
	Parameter P[ZICBOZ_SUPPORTED] bound to: 1'b1 
	Parameter P[ZICBOP_SUPPORTED] bound to: 1'b1 
	Parameter P[ZICCLSM_SUPPORTED] bound to: 1'b1 
	Parameter P[ZICOND_SUPPORTED] bound to: 1'b1 
	Parameter P[SVPBMT_SUPPORTED] bound to: 1'b1 
	Parameter P[SVNAPOT_SUPPORTED] bound to: 1'b1 
	Parameter P[SVINVAL_SUPPORTED] bound to: 1'b1 
	Parameter P[ZAAMO_SUPPORTED] bound to: 1'b1 
	Parameter P[ZALRSC_SUPPORTED] bound to: 1'b1 
	Parameter P[BUS_SUPPORTED] bound to: 1'b1 
	Parameter P[DCACHE_SUPPORTED] bound to: 1'b1 
	Parameter P[ICACHE_SUPPORTED] bound to: 1'b1 
	Parameter P[ITLB_ENTRIES] bound to: 32'sb00000000000000000000000000100000 
	Parameter P[DTLB_ENTRIES] bound to: 32'sb00000000000000000000000000100000 
	Parameter P[DCACHE_NUMWAYS] bound to: 32'sb00000000000000000000000000000100 
	Parameter P[DCACHE_WAYSIZEINBYTES] bound to: 32'sb00000000000000000001000000000000 
	Parameter P[DCACHE_LINELENINBITS] bound to: 32'sb00000000000000000000001000000000 
	Parameter P[ICACHE_NUMWAYS] bound to: 32'sb00000000000000000000000000000100 
	Parameter P[ICACHE_WAYSIZEINBYTES] bound to: 32'sb00000000000000000001000000000000 
	Parameter P[ICACHE_LINELENINBITS] bound to: 32'sb00000000000000000000001000000000 
	Parameter P[CACHE_SRAMLEN] bound to: 32'sb00000000000000000000000010000000 
	Parameter P[IDIV_BITSPERCYCLE] bound to: 32'sb00000000000000000000000000000100 
	Parameter P[IDIV_ON_FPU] bound to: 1'b1 
	Parameter P[PMP_ENTRIES] bound to: 32'sb00000000000000000000000000010000 
	Parameter P[RESET_VECTOR] bound to: 64'b0000000000000000000000000000000010000000000000000000000000000000 
	Parameter P[WFI_TIMEOUT_BIT] bound to: 32'sb00000000000000000000000000010000 
	Parameter P[DTIM_SUPPORTED] bound to: 1'b0 
	Parameter P[DTIM_BASE] bound to: 64'b0000000000000000000000000000000010000000000000000000000000000000 
	Parameter P[DTIM_RANGE] bound to: 64'b0000000000000000000000000000000000000000011111111111111111111111 
	Parameter P[IROM_SUPPORTED] bound to: 1'b0 
	Parameter P[IROM_BASE] bound to: 64'b0000000000000000000000000000000010000000000000000000000000000000 
	Parameter P[IROM_RANGE] bound to: 64'b0000000000000000000000000000000000000000011111111111111111111111 
	Parameter P[BOOTROM_SUPPORTED] bound to: 1'b0 
	Parameter P[BOOTROM_BASE] bound to: 64'b0000000000000000000000000000000000000000000000000001000000000000 
	Parameter P[BOOTROM_RANGE] bound to: 64'b0000000000000000000000000000000000000000000000000000111111111111 
	Parameter P[BOOTROM_PRELOAD] bound to: 1'b0 
	Parameter P[UNCORE_RAM_SUPPORTED] bound to: 1'b1 
	Parameter P[UNCORE_RAM_BASE] bound to: 64'b0000000000000000000000000000000010000000000000000000000000000000 
	Parameter P[UNCORE_RAM_RANGE] bound to: 64'b0000000000000000000000000000000000000000000000001001000000000000 
	Parameter P[UNCORE_RAM_PRELOAD] bound to: 1'b0 
	Parameter P[EXT_MEM_SUPPORTED] bound to: 1'b0 
	Parameter P[EXT_MEM_BASE] bound to: 64'b0000000000000000000000000000000010000000000000000000000000000000 
	Parameter P[EXT_MEM_RANGE] bound to: 64'b0000000000000000000000000000000000000111111111111111111111111111 
	Parameter P[CLINT_SUPPORTED] bound to: 1'b0 
	Parameter P[CLINT_BASE] bound to: 64'b0000000000000000000000000000000000000010000000000000000000000000 
	Parameter P[CLINT_RANGE] bound to: 64'b0000000000000000000000000000000000000000000000001111111111111111 
	Parameter P[GPIO_SUPPORTED] bound to: 1'b0 
	Parameter P[GPIO_BASE] bound to: 64'b0000000000000000000000000000000000010000000001100000000000000000 
	Parameter P[GPIO_RANGE] bound to: 64'b0000000000000000000000000000000000000000000000000000000011111111 
	Parameter P[UART_SUPPORTED] bound to: 1'b1 
	Parameter P[UART_BASE] bound to: 64'b0000000000000000000000000000000000010000000000000000000000000000 
	Parameter P[UART_RANGE] bound to: 64'b0000000000000000000000000000000000000000000000000000000000000111 
	Parameter P[PLIC_SUPPORTED] bound to: 1'b0 
	Parameter P[PLIC_BASE] bound to: 64'b0000000000000000000000000000000000001100000000000000000000000000 
	Parameter P[PLIC_RANGE] bound to: 64'b0000000000000000000000000000000000000011111111111111111111111111 
	Parameter P[SDC_SUPPORTED] bound to: 1'b0 
	Parameter P[SDC_BASE] bound to: 64'b0000000000000000000000000000000000000000000000010011000000000000 
	Parameter P[SDC_RANGE] bound to: 64'b0000000000000000000000000000000000000000000000000000000001111111 
	Parameter P[SPI_SUPPORTED] bound to: 1'b0 
	Parameter P[SPI_BASE] bound to: 64'b0000000000000000000000000000000000010000000001000000000000000000 
	Parameter P[SPI_RANGE] bound to: 64'b0000000000000000000000000000000000000000000000000000111111111111 
	Parameter P[GPIO_LOOPBACK_TEST] bound to: 1'b0 
	Parameter P[SPI_LOOPBACK_TEST] bound to: 1'b1 
	Parameter P[UART_PRESCALE] bound to: 32'sb00000000000000000000000000000001 
	Parameter P[PLIC_NUM_SRC] bound to: 32'sb00000000000000000000000000001010 
	Parameter P[PLIC_NUM_SRC_LT_32] bound to: 1'b1 
	Parameter P[PLIC_GPIO_ID] bound to: 32'sb00000000000000000000000000000011 
	Parameter P[PLIC_UART_ID] bound to: 32'sb00000000000000000000000000001010 
	Parameter P[PLIC_SPI_ID] bound to: 32'sb00000000000000000000000000000110 
	Parameter P[PLIC_SDC_ID] bound to: 32'sb00000000000000000000000000001001 
	Parameter P[BPRED_SUPPORTED] bound to: 1'b1 
	Parameter P[BPRED_TYPE] bound to: 32'b00000000000000000000000000000100 
	Parameter P[BPRED_NUM_LHR] bound to: 32'sb00000000000000000000000000000110 
	Parameter P[BPRED_SIZE] bound to: 32'sb00000000000000000000000000001010 
	Parameter P[BTB_SIZE] bound to: 32'sb00000000000000000000000000001010 
	Parameter P[RAS_SIZE] bound to: 32'sb00000000000000000000000000010000 
	Parameter P[INSTR_CLASS_PRED] bound to: 1'b1 
	Parameter P[RADIX] bound to: 32'sb00000000000000000000000000000100 
	Parameter P[DIVCOPIES] bound to: 32'sb00000000000000000000000000000100 
	Parameter P[ZBA_SUPPORTED] bound to: 1'b0 
	Parameter P[ZBB_SUPPORTED] bound to: 1'b1 
	Parameter P[ZBC_SUPPORTED] bound to: 1'b0 
	Parameter P[ZBS_SUPPORTED] bound to: 1'b0 
	Parameter P[ZCA_SUPPORTED] bound to: 1'b1 
	Parameter P[ZCB_SUPPORTED] bound to: 1'b0 
	Parameter P[ZCD_SUPPORTED] bound to: 1'b0 
	Parameter P[ZCF_SUPPORTED] bound to: 1'b1 
	Parameter P[ZBKB_SUPPORTED] bound to: 1'b0 
	Parameter P[ZBKC_SUPPORTED] bound to: 1'b0 
	Parameter P[ZBKX_SUPPORTED] bound to: 1'b0 
	Parameter P[ZKND_SUPPORTED] bound to: 1'b0 
	Parameter P[ZKNE_SUPPORTED] bound to: 1'b0 
	Parameter P[ZKNH_SUPPORTED] bound to: 1'b0 
	Parameter P[ZKN_SUPPORTED] bound to: 1'b0 
	Parameter P[USE_SRAM] bound to: 1'b1 
	Parameter P[M_MODE] bound to: 2'b00 
	Parameter P[S_MODE] bound to: 2'b01 
	Parameter P[U_MODE] bound to: 2'b10 
	Parameter P[VPN_SEGMENT_BITS] bound to: 32'sb00000000000000000000000000000011 
	Parameter P[VPN_BITS] bound to: 32'sb00000000000000000000000000000100 
	Parameter P[PPN_BITS] bound to: 32'sb00000000000000000000000000100000 
	Parameter P[PA_BITS] bound to: 32'sb00000000000000000000000001000000 
	Parameter P[SVMODE_BITS] bound to: 32'sb00000000000000000000000000000011 
	Parameter P[ASID_BASE] bound to: 32'sb00000000000000000000000000000100 
	Parameter P[ASID_BITS] bound to: 32'sb00000000000000000000000000000100 
	Parameter P[NO_TRANSLATE] bound to: 4'b0011 
	Parameter P[SV32] bound to: 4'b0000 
	Parameter P[SV39] bound to: 4'b0001 
	Parameter P[SV48] bound to: 4'b0010 
	Parameter P[A_SUPPORTED] bound to: 1'b0 
	Parameter P[B_SUPPORTED] bound to: 1'b0 
	Parameter P[C_SUPPORTED] bound to: 1'b0 
	Parameter P[D_SUPPORTED] bound to: 1'b0 
	Parameter P[E_SUPPORTED] bound to: 1'b0 
	Parameter P[F_SUPPORTED] bound to: 1'b0 
	Parameter P[I_SUPPORTED] bound to: 1'b0 
	Parameter P[M_SUPPORTED] bound to: 1'b1 
	Parameter P[Q_SUPPORTED] bound to: 1'b0 
	Parameter P[S_SUPPORTED] bound to: 1'b1 
	Parameter P[U_SUPPORTED] bound to: 1'b1 
	Parameter P[LOG_XLEN] bound to: 32'sb00000000000000000000000000000110 
	Parameter P[FLEN] bound to: 32'sb00000000000000000000000001000000 
	Parameter P[LLEN] bound to: 32'sb00000000000000000000000001000000 
	Parameter PA_BITS bound to: 64 - type: integer 
	Parameter XLEN bound to: 64 - type: integer 
	Parameter LINELEN bound to: 512 - type: integer 
	Parameter NUMSETS bound to: 64 - type: integer 
	Parameter NUMWAYS bound to: 4 - type: integer 
	Parameter LOGBWPL bound to: 3 - type: integer 
	Parameter WORDLEN bound to: 32 - type: integer 
	Parameter MUXINTERVAL bound to: 16 - type: integer 
	Parameter READ_ONLY_CACHE bound to: 1 - type: integer 
INFO: [Synth 8-6157] synthesizing module 'cacheLRU' [/home/ishfisav/wally_1/wally_1.srcs/sources_1/imports/cvw/src/cache/cacheLRU.sv:31]
	Parameter NUMWAYS bound to: 4 - type: integer 
	Parameter SETLEN bound to: 6 - type: integer 
	Parameter OFFSETLEN bound to: 6 - type: integer 
	Parameter NUMSETS bound to: 64 - type: integer 
INFO: [Synth 8-6157] synthesizing module 'mux2__parameterized4' [/home/ishfisav/wally_1/wally_1.srcs/sources_1/imports/cvw/src/generic/mux.sv:30]
	Parameter WIDTH bound to: 1 - type: integer 
INFO: [Synth 8-6155] done synthesizing module 'mux2__parameterized4' (0#1) [/home/ishfisav/wally_1/wally_1.srcs/sources_1/imports/cvw/src/generic/mux.sv:30]
INFO: [Synth 8-6157] synthesizing module 'binencoder' [/home/ishfisav/wally_1/wally_1.srcs/sources_1/imports/cvw/src/generic/binencoder.sv:26]
	Parameter N bound to: 4 - type: integer 
INFO: [Synth 8-6155] done synthesizing module 'binencoder' (0#1) [/home/ishfisav/wally_1/wally_1.srcs/sources_1/imports/cvw/src/generic/binencoder.sv:26]
INFO: [Synth 8-6157] synthesizing module 'mux2__parameterized5' [/home/ishfisav/wally_1/wally_1.srcs/sources_1/imports/cvw/src/generic/mux.sv:30]
	Parameter WIDTH bound to: 2 - type: integer 
INFO: [Synth 8-6155] done synthesizing module 'mux2__parameterized5' (0#1) [/home/ishfisav/wally_1/wally_1.srcs/sources_1/imports/cvw/src/generic/mux.sv:30]
INFO: [Synth 8-6157] synthesizing module 'priorityonehot__parameterized1' [/home/ishfisav/wally_1/wally_1.srcs/sources_1/imports/cvw/src/generic/priorityonehot.sv:37]
	Parameter N bound to: 4 - type: integer 
INFO: [Synth 8-6155] done synthesizing module 'priorityonehot__parameterized1' (0#1) [/home/ishfisav/wally_1/wally_1.srcs/sources_1/imports/cvw/src/generic/priorityonehot.sv:37]
INFO: [Synth 8-6157] synthesizing module 'decoder' [/home/ishfisav/wally_1/wally_1.srcs/sources_1/imports/cvw/src/generic/decoder.sv:27]
	Parameter BINARY_BITS bound to: 2 - type: integer 
INFO: [Synth 8-6155] done synthesizing module 'decoder' (0#1) [/home/ishfisav/wally_1/wally_1.srcs/sources_1/imports/cvw/src/generic/decoder.sv:27]
INFO: [Synth 8-6157] synthesizing module 'mux2__parameterized6' [/home/ishfisav/wally_1/wally_1.srcs/sources_1/imports/cvw/src/generic/mux.sv:30]
	Parameter WIDTH bound to: 3 - type: integer 
INFO: [Synth 8-6155] done synthesizing module 'mux2__parameterized6' (0#1) [/home/ishfisav/wally_1/wally_1.srcs/sources_1/imports/cvw/src/generic/mux.sv:30]
INFO: [Synth 8-6157] synthesizing module 'flop' [/home/ishfisav/wally_1/wally_1.srcs/sources_1/imports/cvw/src/generic/flop/flop.sv:28]
	Parameter WIDTH bound to: 3 - type: integer 
INFO: [Synth 8-6155] done synthesizing module 'flop' (0#1) [/home/ishfisav/wally_1/wally_1.srcs/sources_1/imports/cvw/src/generic/flop/flop.sv:28]
INFO: [Synth 8-6155] done synthesizing module 'cacheLRU' (0#1) [/home/ishfisav/wally_1/wally_1.srcs/sources_1/imports/cvw/src/cache/cacheLRU.sv:31]
INFO: [Synth 8-6157] synthesizing module 'mux3__parameterized0' [/home/ishfisav/wally_1/wally_1.srcs/sources_1/imports/cvw/src/generic/mux.sv:38]
	Parameter WIDTH bound to: 6 - type: integer 
INFO: [Synth 8-6155] done synthesizing module 'mux3__parameterized0' (0#1) [/home/ishfisav/wally_1/wally_1.srcs/sources_1/imports/cvw/src/generic/mux.sv:38]
INFO: [Synth 8-6157] synthesizing module 'cacheway' [/home/ishfisav/wally_1/wally_1.srcs/sources_1/imports/cvw/src/cache/cacheway.sv:31]
	Parameter P[XLEN] bound to: 32'sb00000000000000000000000001000000 
	Parameter P[IEEE754] bound to: 1'b0 
	Parameter P[MISA] bound to: 32'sb00000000000000000000000000000000 
	Parameter P[AHBW] bound to: 32'sb00000000000000000000000001000000 
	Parameter P[RAM_LATENCY] bound to: 32'sb00000000000000000000000000000000 
	Parameter P[BURST_EN] bound to: 1'b1 
	Parameter P[ZICSR_SUPPORTED] bound to: 1'b1 
	Parameter P[ZIFENCEI_SUPPORTED] bound to: 1'b1 
	Parameter P[COUNTERS] bound to: 12'b000000100000 
	Parameter P[ZICNTR_SUPPORTED] bound to: 1'b1 
	Parameter P[ZIHPM_SUPPORTED] bound to: 1'b1 
	Parameter P[ZFH_SUPPORTED] bound to: 1'b1 
	Parameter P[ZFA_SUPPORTED] bound to: 1'b1 
	Parameter P[SSTC_SUPPORTED] bound to: 1'b1 
	Parameter P[VIRTMEM_SUPPORTED] bound to: 1'b1 
	Parameter P[VECTORED_INTERRUPTS_SUPPORTED] bound to: 1'b1 
	Parameter P[BIGENDIAN_SUPPORTED] bound to: 1'b1 
	Parameter P[SVADU_SUPPORTED] bound to: 1'b1 
	Parameter P[ZMMUL_SUPPORTED] bound to: 1'b1 
	Parameter P[ZICBOM_SUPPORTED] bound to: 1'b1 
	Parameter P[ZICBOZ_SUPPORTED] bound to: 1'b1 
	Parameter P[ZICBOP_SUPPORTED] bound to: 1'b1 
	Parameter P[ZICCLSM_SUPPORTED] bound to: 1'b1 
	Parameter P[ZICOND_SUPPORTED] bound to: 1'b1 
	Parameter P[SVPBMT_SUPPORTED] bound to: 1'b1 
	Parameter P[SVNAPOT_SUPPORTED] bound to: 1'b1 
	Parameter P[SVINVAL_SUPPORTED] bound to: 1'b1 
	Parameter P[ZAAMO_SUPPORTED] bound to: 1'b1 
	Parameter P[ZALRSC_SUPPORTED] bound to: 1'b1 
	Parameter P[BUS_SUPPORTED] bound to: 1'b1 
	Parameter P[DCACHE_SUPPORTED] bound to: 1'b1 
	Parameter P[ICACHE_SUPPORTED] bound to: 1'b1 
	Parameter P[ITLB_ENTRIES] bound to: 32'sb00000000000000000000000000100000 
	Parameter P[DTLB_ENTRIES] bound to: 32'sb00000000000000000000000000100000 
	Parameter P[DCACHE_NUMWAYS] bound to: 32'sb00000000000000000000000000000100 
	Parameter P[DCACHE_WAYSIZEINBYTES] bound to: 32'sb00000000000000000001000000000000 
	Parameter P[DCACHE_LINELENINBITS] bound to: 32'sb00000000000000000000001000000000 
	Parameter P[ICACHE_NUMWAYS] bound to: 32'sb00000000000000000000000000000100 
	Parameter P[ICACHE_WAYSIZEINBYTES] bound to: 32'sb00000000000000000001000000000000 
	Parameter P[ICACHE_LINELENINBITS] bound to: 32'sb00000000000000000000001000000000 
	Parameter P[CACHE_SRAMLEN] bound to: 32'sb00000000000000000000000010000000 
	Parameter P[IDIV_BITSPERCYCLE] bound to: 32'sb00000000000000000000000000000100 
	Parameter P[IDIV_ON_FPU] bound to: 1'b1 
	Parameter P[PMP_ENTRIES] bound to: 32'sb00000000000000000000000000010000 
	Parameter P[RESET_VECTOR] bound to: 64'b0000000000000000000000000000000010000000000000000000000000000000 
	Parameter P[WFI_TIMEOUT_BIT] bound to: 32'sb00000000000000000000000000010000 
	Parameter P[DTIM_SUPPORTED] bound to: 1'b0 
	Parameter P[DTIM_BASE] bound to: 64'b0000000000000000000000000000000010000000000000000000000000000000 
	Parameter P[DTIM_RANGE] bound to: 64'b0000000000000000000000000000000000000000011111111111111111111111 
	Parameter P[IROM_SUPPORTED] bound to: 1'b0 
	Parameter P[IROM_BASE] bound to: 64'b0000000000000000000000000000000010000000000000000000000000000000 
	Parameter P[IROM_RANGE] bound to: 64'b0000000000000000000000000000000000000000011111111111111111111111 
	Parameter P[BOOTROM_SUPPORTED] bound to: 1'b0 
	Parameter P[BOOTROM_BASE] bound to: 64'b0000000000000000000000000000000000000000000000000001000000000000 
	Parameter P[BOOTROM_RANGE] bound to: 64'b0000000000000000000000000000000000000000000000000000111111111111 
	Parameter P[BOOTROM_PRELOAD] bound to: 1'b0 
	Parameter P[UNCORE_RAM_SUPPORTED] bound to: 1'b1 
	Parameter P[UNCORE_RAM_BASE] bound to: 64'b0000000000000000000000000000000010000000000000000000000000000000 
	Parameter P[UNCORE_RAM_RANGE] bound to: 64'b0000000000000000000000000000000000000000000000001001000000000000 
	Parameter P[UNCORE_RAM_PRELOAD] bound to: 1'b0 
	Parameter P[EXT_MEM_SUPPORTED] bound to: 1'b0 
	Parameter P[EXT_MEM_BASE] bound to: 64'b0000000000000000000000000000000010000000000000000000000000000000 
	Parameter P[EXT_MEM_RANGE] bound to: 64'b0000000000000000000000000000000000000111111111111111111111111111 
	Parameter P[CLINT_SUPPORTED] bound to: 1'b0 
	Parameter P[CLINT_BASE] bound to: 64'b0000000000000000000000000000000000000010000000000000000000000000 
	Parameter P[CLINT_RANGE] bound to: 64'b0000000000000000000000000000000000000000000000001111111111111111 
	Parameter P[GPIO_SUPPORTED] bound to: 1'b0 
	Parameter P[GPIO_BASE] bound to: 64'b0000000000000000000000000000000000010000000001100000000000000000 
	Parameter P[GPIO_RANGE] bound to: 64'b0000000000000000000000000000000000000000000000000000000011111111 
	Parameter P[UART_SUPPORTED] bound to: 1'b1 
	Parameter P[UART_BASE] bound to: 64'b0000000000000000000000000000000000010000000000000000000000000000 
	Parameter P[UART_RANGE] bound to: 64'b0000000000000000000000000000000000000000000000000000000000000111 
	Parameter P[PLIC_SUPPORTED] bound to: 1'b0 
	Parameter P[PLIC_BASE] bound to: 64'b0000000000000000000000000000000000001100000000000000000000000000 
	Parameter P[PLIC_RANGE] bound to: 64'b0000000000000000000000000000000000000011111111111111111111111111 
	Parameter P[SDC_SUPPORTED] bound to: 1'b0 
	Parameter P[SDC_BASE] bound to: 64'b0000000000000000000000000000000000000000000000010011000000000000 
	Parameter P[SDC_RANGE] bound to: 64'b0000000000000000000000000000000000000000000000000000000001111111 
	Parameter P[SPI_SUPPORTED] bound to: 1'b0 
	Parameter P[SPI_BASE] bound to: 64'b0000000000000000000000000000000000010000000001000000000000000000 
	Parameter P[SPI_RANGE] bound to: 64'b0000000000000000000000000000000000000000000000000000111111111111 
	Parameter P[GPIO_LOOPBACK_TEST] bound to: 1'b0 
	Parameter P[SPI_LOOPBACK_TEST] bound to: 1'b1 
	Parameter P[UART_PRESCALE] bound to: 32'sb00000000000000000000000000000001 
	Parameter P[PLIC_NUM_SRC] bound to: 32'sb00000000000000000000000000001010 
	Parameter P[PLIC_NUM_SRC_LT_32] bound to: 1'b1 
	Parameter P[PLIC_GPIO_ID] bound to: 32'sb00000000000000000000000000000011 
	Parameter P[PLIC_UART_ID] bound to: 32'sb00000000000000000000000000001010 
	Parameter P[PLIC_SPI_ID] bound to: 32'sb00000000000000000000000000000110 
	Parameter P[PLIC_SDC_ID] bound to: 32'sb00000000000000000000000000001001 
	Parameter P[BPRED_SUPPORTED] bound to: 1'b1 
	Parameter P[BPRED_TYPE] bound to: 32'b00000000000000000000000000000100 
	Parameter P[BPRED_NUM_LHR] bound to: 32'sb00000000000000000000000000000110 
	Parameter P[BPRED_SIZE] bound to: 32'sb00000000000000000000000000001010 
	Parameter P[BTB_SIZE] bound to: 32'sb00000000000000000000000000001010 
	Parameter P[RAS_SIZE] bound to: 32'sb00000000000000000000000000010000 
	Parameter P[INSTR_CLASS_PRED] bound to: 1'b1 
	Parameter P[RADIX] bound to: 32'sb00000000000000000000000000000100 
	Parameter P[DIVCOPIES] bound to: 32'sb00000000000000000000000000000100 
	Parameter P[ZBA_SUPPORTED] bound to: 1'b0 
	Parameter P[ZBB_SUPPORTED] bound to: 1'b1 
	Parameter P[ZBC_SUPPORTED] bound to: 1'b0 
	Parameter P[ZBS_SUPPORTED] bound to: 1'b0 
	Parameter P[ZCA_SUPPORTED] bound to: 1'b1 
	Parameter P[ZCB_SUPPORTED] bound to: 1'b0 
	Parameter P[ZCD_SUPPORTED] bound to: 1'b0 
	Parameter P[ZCF_SUPPORTED] bound to: 1'b1 
	Parameter P[ZBKB_SUPPORTED] bound to: 1'b0 
	Parameter P[ZBKC_SUPPORTED] bound to: 1'b0 
	Parameter P[ZBKX_SUPPORTED] bound to: 1'b0 
	Parameter P[ZKND_SUPPORTED] bound to: 1'b0 
	Parameter P[ZKNE_SUPPORTED] bound to: 1'b0 
	Parameter P[ZKNH_SUPPORTED] bound to: 1'b0 
	Parameter P[ZKN_SUPPORTED] bound to: 1'b0 
	Parameter P[USE_SRAM] bound to: 1'b1 
	Parameter P[M_MODE] bound to: 2'b00 
	Parameter P[S_MODE] bound to: 2'b01 
	Parameter P[U_MODE] bound to: 2'b10 
	Parameter P[VPN_SEGMENT_BITS] bound to: 32'sb00000000000000000000000000000011 
	Parameter P[VPN_BITS] bound to: 32'sb00000000000000000000000000000100 
	Parameter P[PPN_BITS] bound to: 32'sb00000000000000000000000000100000 
	Parameter P[PA_BITS] bound to: 32'sb00000000000000000000000001000000 
	Parameter P[SVMODE_BITS] bound to: 32'sb00000000000000000000000000000011 
	Parameter P[ASID_BASE] bound to: 32'sb00000000000000000000000000000100 
	Parameter P[ASID_BITS] bound to: 32'sb00000000000000000000000000000100 
	Parameter P[NO_TRANSLATE] bound to: 4'b0011 
	Parameter P[SV32] bound to: 4'b0000 
	Parameter P[SV39] bound to: 4'b0001 
	Parameter P[SV48] bound to: 4'b0010 
	Parameter P[A_SUPPORTED] bound to: 1'b0 
	Parameter P[B_SUPPORTED] bound to: 1'b0 
	Parameter P[C_SUPPORTED] bound to: 1'b0 
	Parameter P[D_SUPPORTED] bound to: 1'b0 
	Parameter P[E_SUPPORTED] bound to: 1'b0 
	Parameter P[F_SUPPORTED] bound to: 1'b0 
	Parameter P[I_SUPPORTED] bound to: 1'b0 
	Parameter P[M_SUPPORTED] bound to: 1'b1 
	Parameter P[Q_SUPPORTED] bound to: 1'b0 
	Parameter P[S_SUPPORTED] bound to: 1'b1 
	Parameter P[U_SUPPORTED] bound to: 1'b1 
	Parameter P[LOG_XLEN] bound to: 32'sb00000000000000000000000000000110 
	Parameter P[FLEN] bound to: 32'sb00000000000000000000000001000000 
	Parameter P[LLEN] bound to: 32'sb00000000000000000000000001000000 
	Parameter PA_BITS bound to: 64 - type: integer 
	Parameter XLEN bound to: 64 - type: integer 
	Parameter NUMSETS bound to: 64 - type: integer 
	Parameter LINELEN bound to: 512 - type: integer 
	Parameter TAGLEN bound to: 52 - type: integer 
	Parameter OFFSETLEN bound to: 6 - type: integer 
	Parameter INDEXLEN bound to: 6 - type: integer 
	Parameter READ_ONLY_CACHE bound to: 1 - type: integer 
INFO: [Synth 8-6157] synthesizing module 'ram1p1rwe' [/home/ishfisav/wally_1/wally_1.srcs/sources_1/imports/cvw/src/generic/mem/ram1p1rwe.sv:48]
	Parameter USE_SRAM bound to: 1'b1 
	Parameter DEPTH bound to: 64 - type: integer 
	Parameter WIDTH bound to: 128 - type: integer 
INFO: [Synth 8-6155] done synthesizing module 'ram1p1rwe' (0#1) [/home/ishfisav/wally_1/wally_1.srcs/sources_1/imports/cvw/src/generic/mem/ram1p1rwe.sv:48]
INFO: [Synth 8-6157] synthesizing module 'ram1p1rwe__parameterized0' [/home/ishfisav/wally_1/wally_1.srcs/sources_1/imports/cvw/src/generic/mem/ram1p1rwe.sv:48]
	Parameter USE_SRAM bound to: 1'b1 
	Parameter DEPTH bound to: 64 - type: integer 
	Parameter WIDTH bound to: 52 - type: integer 
INFO: [Synth 8-6157] synthesizing module 'flopen__parameterized3' [/home/ishfisav/wally_1/wally_1.srcs/sources_1/imports/cvw/src/generic/flop/flopen.sv:28]
INFO: [Common 17-14] Message 'Synth 8-6157' appears 100 times and further instances of the messages will be disabled. Use the Tcl command set_msg_config to change the current settings.
	Parameter WIDTH bound to: 6 - type: integer 
INFO: [Synth 8-6155] done synthesizing module 'flopen__parameterized3' (0#1) [/home/ishfisav/wally_1/wally_1.srcs/sources_1/imports/cvw/src/generic/flop/flopen.sv:28]
INFO: [Synth 8-6155] done synthesizing module 'ram1p1rwe__parameterized0' (0#1) [/home/ishfisav/wally_1/wally_1.srcs/sources_1/imports/cvw/src/generic/mem/ram1p1rwe.sv:48]
	Parameter WIDTH bound to: 1 - type: integer 
INFO: [Synth 8-6155] done synthesizing module 'flop__parameterized0' (0#1) [/home/ishfisav/wally_1/wally_1.srcs/sources_1/imports/cvw/src/generic/flop/flop.sv:28]
INFO: [Synth 8-6155] done synthesizing module 'cacheway' (0#1) [/home/ishfisav/wally_1/wally_1.srcs/sources_1/imports/cvw/src/cache/cacheway.sv:31]
	Parameter ROWS bound to: 4 - type: integer 
	Parameter COLS bound to: 512 - type: integer 
INFO: [Synth 8-6155] done synthesizing module 'or_rows__parameterized1' (0#1) [/home/ishfisav/wally_1/wally_1.srcs/sources_1/imports/cvw/src/generic/or_rows.sv:30]
	Parameter ROWS bound to: 4 - type: integer 
	Parameter COLS bound to: 52 - type: integer 
INFO: [Synth 8-6155] done synthesizing module 'or_rows__parameterized2' (0#1) [/home/ishfisav/wally_1/wally_1.srcs/sources_1/imports/cvw/src/generic/or_rows.sv:30]
	Parameter WIDTH bound to: 512 - type: integer 
INFO: [Synth 8-6155] done synthesizing module 'mux2__parameterized7' (0#1) [/home/ishfisav/wally_1/wally_1.srcs/sources_1/imports/cvw/src/generic/mux.sv:30]
INFO: [Common 17-14] Message 'Synth 8-6155' appears 100 times and further instances of the messages will be disabled. Use the Tcl command set_msg_config to change the current settings.
	Parameter LINELEN bound to: 512 - type: integer 
	Parameter WORDLEN bound to: 32 - type: integer 
	Parameter MUXINTERVAL bound to: 16 - type: integer 
	Parameter P[XLEN] bound to: 32'sb00000000000000000000000001000000 
	Parameter P[IEEE754] bound to: 1'b0 
	Parameter P[MISA] bound to: 32'sb00000000000000000000000000000000 
	Parameter P[AHBW] bound to: 32'sb00000000000000000000000001000000 
	Parameter P[RAM_LATENCY] bound to: 32'sb00000000000000000000000000000000 
	Parameter P[BURST_EN] bound to: 1'b1 
	Parameter P[ZICSR_SUPPORTED] bound to: 1'b1 
	Parameter P[ZIFENCEI_SUPPORTED] bound to: 1'b1 
	Parameter P[COUNTERS] bound to: 12'b000000100000 
	Parameter P[ZICNTR_SUPPORTED] bound to: 1'b1 
	Parameter P[ZIHPM_SUPPORTED] bound to: 1'b1 
	Parameter P[ZFH_SUPPORTED] bound to: 1'b1 
	Parameter P[ZFA_SUPPORTED] bound to: 1'b1 
	Parameter P[SSTC_SUPPORTED] bound to: 1'b1 
	Parameter P[VIRTMEM_SUPPORTED] bound to: 1'b1 
	Parameter P[VECTORED_INTERRUPTS_SUPPORTED] bound to: 1'b1 
	Parameter P[BIGENDIAN_SUPPORTED] bound to: 1'b1 
	Parameter P[SVADU_SUPPORTED] bound to: 1'b1 
	Parameter P[ZMMUL_SUPPORTED] bound to: 1'b1 
	Parameter P[ZICBOM_SUPPORTED] bound to: 1'b1 
	Parameter P[ZICBOZ_SUPPORTED] bound to: 1'b1 
	Parameter P[ZICBOP_SUPPORTED] bound to: 1'b1 
	Parameter P[ZICCLSM_SUPPORTED] bound to: 1'b1 
	Parameter P[ZICOND_SUPPORTED] bound to: 1'b1 
	Parameter P[SVPBMT_SUPPORTED] bound to: 1'b1 
	Parameter P[SVNAPOT_SUPPORTED] bound to: 1'b1 
	Parameter P[SVINVAL_SUPPORTED] bound to: 1'b1 
	Parameter P[ZAAMO_SUPPORTED] bound to: 1'b1 
	Parameter P[ZALRSC_SUPPORTED] bound to: 1'b1 
	Parameter P[BUS_SUPPORTED] bound to: 1'b1 
	Parameter P[DCACHE_SUPPORTED] bound to: 1'b1 
	Parameter P[ICACHE_SUPPORTED] bound to: 1'b1 
	Parameter P[ITLB_ENTRIES] bound to: 32'sb00000000000000000000000000100000 
	Parameter P[DTLB_ENTRIES] bound to: 32'sb00000000000000000000000000100000 
	Parameter P[DCACHE_NUMWAYS] bound to: 32'sb00000000000000000000000000000100 
	Parameter P[DCACHE_WAYSIZEINBYTES] bound to: 32'sb00000000000000000001000000000000 
	Parameter P[DCACHE_LINELENINBITS] bound to: 32'sb00000000000000000000001000000000 
	Parameter P[ICACHE_NUMWAYS] bound to: 32'sb00000000000000000000000000000100 
	Parameter P[ICACHE_WAYSIZEINBYTES] bound to: 32'sb00000000000000000001000000000000 
	Parameter P[ICACHE_LINELENINBITS] bound to: 32'sb00000000000000000000001000000000 
	Parameter P[CACHE_SRAMLEN] bound to: 32'sb00000000000000000000000010000000 
	Parameter P[IDIV_BITSPERCYCLE] bound to: 32'sb00000000000000000000000000000100 
	Parameter P[IDIV_ON_FPU] bound to: 1'b1 
	Parameter P[PMP_ENTRIES] bound to: 32'sb00000000000000000000000000010000 
	Parameter P[RESET_VECTOR] bound to: 64'b0000000000000000000000000000000010000000000000000000000000000000 
	Parameter P[WFI_TIMEOUT_BIT] bound to: 32'sb00000000000000000000000000010000 
	Parameter P[DTIM_SUPPORTED] bound to: 1'b0 
	Parameter P[DTIM_BASE] bound to: 64'b0000000000000000000000000000000010000000000000000000000000000000 
	Parameter P[DTIM_RANGE] bound to: 64'b0000000000000000000000000000000000000000011111111111111111111111 
	Parameter P[IROM_SUPPORTED] bound to: 1'b0 
	Parameter P[IROM_BASE] bound to: 64'b0000000000000000000000000000000010000000000000000000000000000000 
	Parameter P[IROM_RANGE] bound to: 64'b0000000000000000000000000000000000000000011111111111111111111111 
	Parameter P[BOOTROM_SUPPORTED] bound to: 1'b0 
	Parameter P[BOOTROM_BASE] bound to: 64'b0000000000000000000000000000000000000000000000000001000000000000 
	Parameter P[BOOTROM_RANGE] bound to: 64'b0000000000000000000000000000000000000000000000000000111111111111 
	Parameter P[BOOTROM_PRELOAD] bound to: 1'b0 
	Parameter P[UNCORE_RAM_SUPPORTED] bound to: 1'b1 
	Parameter P[UNCORE_RAM_BASE] bound to: 64'b0000000000000000000000000000000010000000000000000000000000000000 
	Parameter P[UNCORE_RAM_RANGE] bound to: 64'b0000000000000000000000000000000000000000000000001001000000000000 
	Parameter P[UNCORE_RAM_PRELOAD] bound to: 1'b0 
	Parameter P[EXT_MEM_SUPPORTED] bound to: 1'b0 
	Parameter P[EXT_MEM_BASE] bound to: 64'b0000000000000000000000000000000010000000000000000000000000000000 
	Parameter P[EXT_MEM_RANGE] bound to: 64'b0000000000000000000000000000000000000111111111111111111111111111 
	Parameter P[CLINT_SUPPORTED] bound to: 1'b0 
	Parameter P[CLINT_BASE] bound to: 64'b0000000000000000000000000000000000000010000000000000000000000000 
	Parameter P[CLINT_RANGE] bound to: 64'b0000000000000000000000000000000000000000000000001111111111111111 
	Parameter P[GPIO_SUPPORTED] bound to: 1'b0 
	Parameter P[GPIO_BASE] bound to: 64'b0000000000000000000000000000000000010000000001100000000000000000 
	Parameter P[GPIO_RANGE] bound to: 64'b0000000000000000000000000000000000000000000000000000000011111111 
	Parameter P[UART_SUPPORTED] bound to: 1'b1 
	Parameter P[UART_BASE] bound to: 64'b0000000000000000000000000000000000010000000000000000000000000000 
	Parameter P[UART_RANGE] bound to: 64'b0000000000000000000000000000000000000000000000000000000000000111 
	Parameter P[PLIC_SUPPORTED] bound to: 1'b0 
	Parameter P[PLIC_BASE] bound to: 64'b0000000000000000000000000000000000001100000000000000000000000000 
	Parameter P[PLIC_RANGE] bound to: 64'b0000000000000000000000000000000000000011111111111111111111111111 
	Parameter P[SDC_SUPPORTED] bound to: 1'b0 
	Parameter P[SDC_BASE] bound to: 64'b0000000000000000000000000000000000000000000000010011000000000000 
	Parameter P[SDC_RANGE] bound to: 64'b0000000000000000000000000000000000000000000000000000000001111111 
	Parameter P[SPI_SUPPORTED] bound to: 1'b0 
	Parameter P[SPI_BASE] bound to: 64'b0000000000000000000000000000000000010000000001000000000000000000 
	Parameter P[SPI_RANGE] bound to: 64'b0000000000000000000000000000000000000000000000000000111111111111 
	Parameter P[GPIO_LOOPBACK_TEST] bound to: 1'b0 
	Parameter P[SPI_LOOPBACK_TEST] bound to: 1'b1 
	Parameter P[UART_PRESCALE] bound to: 32'sb00000000000000000000000000000001 
	Parameter P[PLIC_NUM_SRC] bound to: 32'sb00000000000000000000000000001010 
	Parameter P[PLIC_NUM_SRC_LT_32] bound to: 1'b1 
	Parameter P[PLIC_GPIO_ID] bound to: 32'sb00000000000000000000000000000011 
	Parameter P[PLIC_UART_ID] bound to: 32'sb00000000000000000000000000001010 
	Parameter P[PLIC_SPI_ID] bound to: 32'sb00000000000000000000000000000110 
	Parameter P[PLIC_SDC_ID] bound to: 32'sb00000000000000000000000000001001 
	Parameter P[BPRED_SUPPORTED] bound to: 1'b1 
	Parameter P[BPRED_TYPE] bound to: 32'b00000000000000000000000000000100 
	Parameter P[BPRED_NUM_LHR] bound to: 32'sb00000000000000000000000000000110 
	Parameter P[BPRED_SIZE] bound to: 32'sb00000000000000000000000000001010 
	Parameter P[BTB_SIZE] bound to: 32'sb00000000000000000000000000001010 
	Parameter P[RAS_SIZE] bound to: 32'sb00000000000000000000000000010000 
	Parameter P[INSTR_CLASS_PRED] bound to: 1'b1 
	Parameter P[RADIX] bound to: 32'sb00000000000000000000000000000100 
	Parameter P[DIVCOPIES] bound to: 32'sb00000000000000000000000000000100 
	Parameter P[ZBA_SUPPORTED] bound to: 1'b0 
	Parameter P[ZBB_SUPPORTED] bound to: 1'b1 
	Parameter P[ZBC_SUPPORTED] bound to: 1'b0 
	Parameter P[ZBS_SUPPORTED] bound to: 1'b0 
	Parameter P[ZCA_SUPPORTED] bound to: 1'b1 
	Parameter P[ZCB_SUPPORTED] bound to: 1'b0 
	Parameter P[ZCD_SUPPORTED] bound to: 1'b0 
	Parameter P[ZCF_SUPPORTED] bound to: 1'b1 
	Parameter P[ZBKB_SUPPORTED] bound to: 1'b0 
	Parameter P[ZBKC_SUPPORTED] bound to: 1'b0 
	Parameter P[ZBKX_SUPPORTED] bound to: 1'b0 
	Parameter P[ZKND_SUPPORTED] bound to: 1'b0 
	Parameter P[ZKNE_SUPPORTED] bound to: 1'b0 
	Parameter P[ZKNH_SUPPORTED] bound to: 1'b0 
	Parameter P[ZKN_SUPPORTED] bound to: 1'b0 
	Parameter P[USE_SRAM] bound to: 1'b1 
	Parameter P[M_MODE] bound to: 2'b00 
	Parameter P[S_MODE] bound to: 2'b01 
	Parameter P[U_MODE] bound to: 2'b10 
	Parameter P[VPN_SEGMENT_BITS] bound to: 32'sb00000000000000000000000000000011 
	Parameter P[VPN_BITS] bound to: 32'sb00000000000000000000000000000100 
	Parameter P[PPN_BITS] bound to: 32'sb00000000000000000000000000100000 
	Parameter P[PA_BITS] bound to: 32'sb00000000000000000000000001000000 
	Parameter P[SVMODE_BITS] bound to: 32'sb00000000000000000000000000000011 
	Parameter P[ASID_BASE] bound to: 32'sb00000000000000000000000000000100 
	Parameter P[ASID_BITS] bound to: 32'sb00000000000000000000000000000100 
	Parameter P[NO_TRANSLATE] bound to: 4'b0011 
	Parameter P[SV32] bound to: 4'b0000 
	Parameter P[SV39] bound to: 4'b0001 
	Parameter P[SV48] bound to: 4'b0010 
	Parameter P[A_SUPPORTED] bound to: 1'b0 
	Parameter P[B_SUPPORTED] bound to: 1'b0 
	Parameter P[C_SUPPORTED] bound to: 1'b0 
	Parameter P[D_SUPPORTED] bound to: 1'b0 
	Parameter P[E_SUPPORTED] bound to: 1'b0 
	Parameter P[F_SUPPORTED] bound to: 1'b0 
	Parameter P[I_SUPPORTED] bound to: 1'b0 
	Parameter P[M_SUPPORTED] bound to: 1'b1 
	Parameter P[Q_SUPPORTED] bound to: 1'b0 
	Parameter P[S_SUPPORTED] bound to: 1'b1 
	Parameter P[U_SUPPORTED] bound to: 1'b1 
	Parameter P[LOG_XLEN] bound to: 32'sb00000000000000000000000000000110 
	Parameter P[FLEN] bound to: 32'sb00000000000000000000000001000000 
	Parameter P[LLEN] bound to: 32'sb00000000000000000000000001000000 
	Parameter READ_ONLY_CACHE bound to: 1 - type: integer 
	Parameter P[XLEN] bound to: 32'sb00000000000000000000000001000000 
	Parameter P[IEEE754] bound to: 1'b0 
	Parameter P[MISA] bound to: 32'sb00000000000000000000000000000000 
	Parameter P[AHBW] bound to: 32'sb00000000000000000000000001000000 
	Parameter P[RAM_LATENCY] bound to: 32'sb00000000000000000000000000000000 
	Parameter P[BURST_EN] bound to: 1'b1 
	Parameter P[ZICSR_SUPPORTED] bound to: 1'b1 
	Parameter P[ZIFENCEI_SUPPORTED] bound to: 1'b1 
	Parameter P[COUNTERS] bound to: 12'b000000100000 
	Parameter P[ZICNTR_SUPPORTED] bound to: 1'b1 
	Parameter P[ZIHPM_SUPPORTED] bound to: 1'b1 
	Parameter P[ZFH_SUPPORTED] bound to: 1'b1 
	Parameter P[ZFA_SUPPORTED] bound to: 1'b1 
	Parameter P[SSTC_SUPPORTED] bound to: 1'b1 
	Parameter P[VIRTMEM_SUPPORTED] bound to: 1'b1 
	Parameter P[VECTORED_INTERRUPTS_SUPPORTED] bound to: 1'b1 
	Parameter P[BIGENDIAN_SUPPORTED] bound to: 1'b1 
	Parameter P[SVADU_SUPPORTED] bound to: 1'b1 
	Parameter P[ZMMUL_SUPPORTED] bound to: 1'b1 
	Parameter P[ZICBOM_SUPPORTED] bound to: 1'b1 
	Parameter P[ZICBOZ_SUPPORTED] bound to: 1'b1 
	Parameter P[ZICBOP_SUPPORTED] bound to: 1'b1 
	Parameter P[ZICCLSM_SUPPORTED] bound to: 1'b1 
	Parameter P[ZICOND_SUPPORTED] bound to: 1'b1 
	Parameter P[SVPBMT_SUPPORTED] bound to: 1'b1 
	Parameter P[SVNAPOT_SUPPORTED] bound to: 1'b1 
	Parameter P[SVINVAL_SUPPORTED] bound to: 1'b1 
	Parameter P[ZAAMO_SUPPORTED] bound to: 1'b1 
	Parameter P[ZALRSC_SUPPORTED] bound to: 1'b1 
	Parameter P[BUS_SUPPORTED] bound to: 1'b1 
	Parameter P[DCACHE_SUPPORTED] bound to: 1'b1 
	Parameter P[ICACHE_SUPPORTED] bound to: 1'b1 
	Parameter P[ITLB_ENTRIES] bound to: 32'sb00000000000000000000000000100000 
	Parameter P[DTLB_ENTRIES] bound to: 32'sb00000000000000000000000000100000 
	Parameter P[DCACHE_NUMWAYS] bound to: 32'sb00000000000000000000000000000100 
	Parameter P[DCACHE_WAYSIZEINBYTES] bound to: 32'sb00000000000000000001000000000000 
	Parameter P[DCACHE_LINELENINBITS] bound to: 32'sb00000000000000000000001000000000 
	Parameter P[ICACHE_NUMWAYS] bound to: 32'sb00000000000000000000000000000100 
	Parameter P[ICACHE_WAYSIZEINBYTES] bound to: 32'sb00000000000000000001000000000000 
	Parameter P[ICACHE_LINELENINBITS] bound to: 32'sb00000000000000000000001000000000 
	Parameter P[CACHE_SRAMLEN] bound to: 32'sb00000000000000000000000010000000 
	Parameter P[IDIV_BITSPERCYCLE] bound to: 32'sb00000000000000000000000000000100 
	Parameter P[IDIV_ON_FPU] bound to: 1'b1 
	Parameter P[PMP_ENTRIES] bound to: 32'sb00000000000000000000000000010000 
	Parameter P[RESET_VECTOR] bound to: 64'b0000000000000000000000000000000010000000000000000000000000000000 
	Parameter P[WFI_TIMEOUT_BIT] bound to: 32'sb00000000000000000000000000010000 
	Parameter P[DTIM_SUPPORTED] bound to: 1'b0 
	Parameter P[DTIM_BASE] bound to: 64'b0000000000000000000000000000000010000000000000000000000000000000 
	Parameter P[DTIM_RANGE] bound to: 64'b0000000000000000000000000000000000000000011111111111111111111111 
	Parameter P[IROM_SUPPORTED] bound to: 1'b0 
	Parameter P[IROM_BASE] bound to: 64'b0000000000000000000000000000000010000000000000000000000000000000 
	Parameter P[IROM_RANGE] bound to: 64'b0000000000000000000000000000000000000000011111111111111111111111 
	Parameter P[BOOTROM_SUPPORTED] bound to: 1'b0 
	Parameter P[BOOTROM_BASE] bound to: 64'b0000000000000000000000000000000000000000000000000001000000000000 
	Parameter P[BOOTROM_RANGE] bound to: 64'b0000000000000000000000000000000000000000000000000000111111111111 
	Parameter P[BOOTROM_PRELOAD] bound to: 1'b0 
	Parameter P[UNCORE_RAM_SUPPORTED] bound to: 1'b1 
	Parameter P[UNCORE_RAM_BASE] bound to: 64'b0000000000000000000000000000000010000000000000000000000000000000 
	Parameter P[UNCORE_RAM_RANGE] bound to: 64'b0000000000000000000000000000000000000000000000001001000000000000 
	Parameter P[UNCORE_RAM_PRELOAD] bound to: 1'b0 
	Parameter P[EXT_MEM_SUPPORTED] bound to: 1'b0 
	Parameter P[EXT_MEM_BASE] bound to: 64'b0000000000000000000000000000000010000000000000000000000000000000 
	Parameter P[EXT_MEM_RANGE] bound to: 64'b0000000000000000000000000000000000000111111111111111111111111111 
	Parameter P[CLINT_SUPPORTED] bound to: 1'b0 
	Parameter P[CLINT_BASE] bound to: 64'b0000000000000000000000000000000000000010000000000000000000000000 
	Parameter P[CLINT_RANGE] bound to: 64'b0000000000000000000000000000000000000000000000001111111111111111 
	Parameter P[GPIO_SUPPORTED] bound to: 1'b0 
	Parameter P[GPIO_BASE] bound to: 64'b0000000000000000000000000000000000010000000001100000000000000000 
	Parameter P[GPIO_RANGE] bound to: 64'b0000000000000000000000000000000000000000000000000000000011111111 
	Parameter P[UART_SUPPORTED] bound to: 1'b1 
	Parameter P[UART_BASE] bound to: 64'b0000000000000000000000000000000000010000000000000000000000000000 
	Parameter P[UART_RANGE] bound to: 64'b0000000000000000000000000000000000000000000000000000000000000111 
	Parameter P[PLIC_SUPPORTED] bound to: 1'b0 
	Parameter P[PLIC_BASE] bound to: 64'b0000000000000000000000000000000000001100000000000000000000000000 
	Parameter P[PLIC_RANGE] bound to: 64'b0000000000000000000000000000000000000011111111111111111111111111 
	Parameter P[SDC_SUPPORTED] bound to: 1'b0 
	Parameter P[SDC_BASE] bound to: 64'b0000000000000000000000000000000000000000000000010011000000000000 
	Parameter P[SDC_RANGE] bound to: 64'b0000000000000000000000000000000000000000000000000000000001111111 
	Parameter P[SPI_SUPPORTED] bound to: 1'b0 
	Parameter P[SPI_BASE] bound to: 64'b0000000000000000000000000000000000010000000001000000000000000000 
	Parameter P[SPI_RANGE] bound to: 64'b0000000000000000000000000000000000000000000000000000111111111111 
	Parameter P[GPIO_LOOPBACK_TEST] bound to: 1'b0 
	Parameter P[SPI_LOOPBACK_TEST] bound to: 1'b1 
	Parameter P[UART_PRESCALE] bound to: 32'sb00000000000000000000000000000001 
	Parameter P[PLIC_NUM_SRC] bound to: 32'sb00000000000000000000000000001010 
	Parameter P[PLIC_NUM_SRC_LT_32] bound to: 1'b1 
	Parameter P[PLIC_GPIO_ID] bound to: 32'sb00000000000000000000000000000011 
	Parameter P[PLIC_UART_ID] bound to: 32'sb00000000000000000000000000001010 
	Parameter P[PLIC_SPI_ID] bound to: 32'sb00000000000000000000000000000110 
	Parameter P[PLIC_SDC_ID] bound to: 32'sb00000000000000000000000000001001 
	Parameter P[BPRED_SUPPORTED] bound to: 1'b1 
	Parameter P[BPRED_TYPE] bound to: 32'b00000000000000000000000000000100 
	Parameter P[BPRED_NUM_LHR] bound to: 32'sb00000000000000000000000000000110 
	Parameter P[BPRED_SIZE] bound to: 32'sb00000000000000000000000000001010 
	Parameter P[BTB_SIZE] bound to: 32'sb00000000000000000000000000001010 
	Parameter P[RAS_SIZE] bound to: 32'sb00000000000000000000000000010000 
	Parameter P[INSTR_CLASS_PRED] bound to: 1'b1 
	Parameter P[RADIX] bound to: 32'sb00000000000000000000000000000100 
	Parameter P[DIVCOPIES] bound to: 32'sb00000000000000000000000000000100 
	Parameter P[ZBA_SUPPORTED] bound to: 1'b0 
	Parameter P[ZBB_SUPPORTED] bound to: 1'b1 
	Parameter P[ZBC_SUPPORTED] bound to: 1'b0 
	Parameter P[ZBS_SUPPORTED] bound to: 1'b0 
	Parameter P[ZCA_SUPPORTED] bound to: 1'b1 
	Parameter P[ZCB_SUPPORTED] bound to: 1'b0 
	Parameter P[ZCD_SUPPORTED] bound to: 1'b0 
	Parameter P[ZCF_SUPPORTED] bound to: 1'b1 
	Parameter P[ZBKB_SUPPORTED] bound to: 1'b0 
	Parameter P[ZBKC_SUPPORTED] bound to: 1'b0 
	Parameter P[ZBKX_SUPPORTED] bound to: 1'b0 
	Parameter P[ZKND_SUPPORTED] bound to: 1'b0 
	Parameter P[ZKNE_SUPPORTED] bound to: 1'b0 
	Parameter P[ZKNH_SUPPORTED] bound to: 1'b0 
	Parameter P[ZKN_SUPPORTED] bound to: 1'b0 
	Parameter P[USE_SRAM] bound to: 1'b1 
	Parameter P[M_MODE] bound to: 2'b00 
	Parameter P[S_MODE] bound to: 2'b01 
	Parameter P[U_MODE] bound to: 2'b10 
	Parameter P[VPN_SEGMENT_BITS] bound to: 32'sb00000000000000000000000000000011 
	Parameter P[VPN_BITS] bound to: 32'sb00000000000000000000000000000100 
	Parameter P[PPN_BITS] bound to: 32'sb00000000000000000000000000100000 
	Parameter P[PA_BITS] bound to: 32'sb00000000000000000000000001000000 
	Parameter P[SVMODE_BITS] bound to: 32'sb00000000000000000000000000000011 
	Parameter P[ASID_BASE] bound to: 32'sb00000000000000000000000000000100 
	Parameter P[ASID_BITS] bound to: 32'sb00000000000000000000000000000100 
	Parameter P[NO_TRANSLATE] bound to: 4'b0011 
	Parameter P[SV32] bound to: 4'b0000 
	Parameter P[SV39] bound to: 4'b0001 
	Parameter P[SV48] bound to: 4'b0010 
	Parameter P[A_SUPPORTED] bound to: 1'b0 
	Parameter P[B_SUPPORTED] bound to: 1'b0 
	Parameter P[C_SUPPORTED] bound to: 1'b0 
	Parameter P[D_SUPPORTED] bound to: 1'b0 
	Parameter P[E_SUPPORTED] bound to: 1'b0 
	Parameter P[F_SUPPORTED] bound to: 1'b0 
	Parameter P[I_SUPPORTED] bound to: 1'b0 
	Parameter P[M_SUPPORTED] bound to: 1'b1 
	Parameter P[Q_SUPPORTED] bound to: 1'b0 
	Parameter P[S_SUPPORTED] bound to: 1'b1 
	Parameter P[U_SUPPORTED] bound to: 1'b1 
	Parameter P[LOG_XLEN] bound to: 32'sb00000000000000000000000000000110 
	Parameter P[FLEN] bound to: 32'sb00000000000000000000000001000000 
	Parameter P[LLEN] bound to: 32'sb00000000000000000000000001000000 
	Parameter BEATSPERLINE bound to: 8 - type: integer 
	Parameter AHBWLOGBWPL bound to: 3 - type: integer 
	Parameter LINELEN bound to: 512 - type: integer 
	Parameter LLENPOVERAHBW bound to: 1 - type: integer 
	Parameter READ_ONLY_CACHE bound to: 1 - type: integer 
	Parameter BeatCountThreshold bound to: 7 - type: integer 
	Parameter AHBWLOGBWPL bound to: 3 - type: integer 
	Parameter READ_ONLY_CACHE bound to: 1 - type: integer 
	Parameter BURST_EN bound to: 1'b1 
	Parameter WIDTH bound to: 3 - type: integer 
	Parameter WIDTH bound to: 32 - type: integer 
	Parameter WIDTH bound to: 32 - type: integer 
	Parameter P[XLEN] bound to: 32'sb00000000000000000000000001000000 
	Parameter P[IEEE754] bound to: 1'b0 
	Parameter P[MISA] bound to: 32'sb00000000000000000000000000000000 
	Parameter P[AHBW] bound to: 32'sb00000000000000000000000001000000 
	Parameter P[RAM_LATENCY] bound to: 32'sb00000000000000000000000000000000 
	Parameter P[BURST_EN] bound to: 1'b1 
	Parameter P[ZICSR_SUPPORTED] bound to: 1'b1 
	Parameter P[ZIFENCEI_SUPPORTED] bound to: 1'b1 
	Parameter P[COUNTERS] bound to: 12'b000000100000 
	Parameter P[ZICNTR_SUPPORTED] bound to: 1'b1 
	Parameter P[ZIHPM_SUPPORTED] bound to: 1'b1 
	Parameter P[ZFH_SUPPORTED] bound to: 1'b1 
	Parameter P[ZFA_SUPPORTED] bound to: 1'b1 
	Parameter P[SSTC_SUPPORTED] bound to: 1'b1 
	Parameter P[VIRTMEM_SUPPORTED] bound to: 1'b1 
	Parameter P[VECTORED_INTERRUPTS_SUPPORTED] bound to: 1'b1 
	Parameter P[BIGENDIAN_SUPPORTED] bound to: 1'b1 
	Parameter P[SVADU_SUPPORTED] bound to: 1'b1 
	Parameter P[ZMMUL_SUPPORTED] bound to: 1'b1 
	Parameter P[ZICBOM_SUPPORTED] bound to: 1'b1 
	Parameter P[ZICBOZ_SUPPORTED] bound to: 1'b1 
	Parameter P[ZICBOP_SUPPORTED] bound to: 1'b1 
	Parameter P[ZICCLSM_SUPPORTED] bound to: 1'b1 
	Parameter P[ZICOND_SUPPORTED] bound to: 1'b1 
	Parameter P[SVPBMT_SUPPORTED] bound to: 1'b1 
	Parameter P[SVNAPOT_SUPPORTED] bound to: 1'b1 
	Parameter P[SVINVAL_SUPPORTED] bound to: 1'b1 
	Parameter P[ZAAMO_SUPPORTED] bound to: 1'b1 
	Parameter P[ZALRSC_SUPPORTED] bound to: 1'b1 
	Parameter P[BUS_SUPPORTED] bound to: 1'b1 
	Parameter P[DCACHE_SUPPORTED] bound to: 1'b1 
	Parameter P[ICACHE_SUPPORTED] bound to: 1'b1 
	Parameter P[ITLB_ENTRIES] bound to: 32'sb00000000000000000000000000100000 
	Parameter P[DTLB_ENTRIES] bound to: 32'sb00000000000000000000000000100000 
	Parameter P[DCACHE_NUMWAYS] bound to: 32'sb00000000000000000000000000000100 
	Parameter P[DCACHE_WAYSIZEINBYTES] bound to: 32'sb00000000000000000001000000000000 
	Parameter P[DCACHE_LINELENINBITS] bound to: 32'sb00000000000000000000001000000000 
	Parameter P[ICACHE_NUMWAYS] bound to: 32'sb00000000000000000000000000000100 
	Parameter P[ICACHE_WAYSIZEINBYTES] bound to: 32'sb00000000000000000001000000000000 
	Parameter P[ICACHE_LINELENINBITS] bound to: 32'sb00000000000000000000001000000000 
	Parameter P[CACHE_SRAMLEN] bound to: 32'sb00000000000000000000000010000000 
	Parameter P[IDIV_BITSPERCYCLE] bound to: 32'sb00000000000000000000000000000100 
	Parameter P[IDIV_ON_FPU] bound to: 1'b1 
	Parameter P[PMP_ENTRIES] bound to: 32'sb00000000000000000000000000010000 
	Parameter P[RESET_VECTOR] bound to: 64'b0000000000000000000000000000000010000000000000000000000000000000 
	Parameter P[WFI_TIMEOUT_BIT] bound to: 32'sb00000000000000000000000000010000 
	Parameter P[DTIM_SUPPORTED] bound to: 1'b0 
	Parameter P[DTIM_BASE] bound to: 64'b0000000000000000000000000000000010000000000000000000000000000000 
	Parameter P[DTIM_RANGE] bound to: 64'b0000000000000000000000000000000000000000011111111111111111111111 
	Parameter P[IROM_SUPPORTED] bound to: 1'b0 
	Parameter P[IROM_BASE] bound to: 64'b0000000000000000000000000000000010000000000000000000000000000000 
	Parameter P[IROM_RANGE] bound to: 64'b0000000000000000000000000000000000000000011111111111111111111111 
	Parameter P[BOOTROM_SUPPORTED] bound to: 1'b0 
	Parameter P[BOOTROM_BASE] bound to: 64'b0000000000000000000000000000000000000000000000000001000000000000 
	Parameter P[BOOTROM_RANGE] bound to: 64'b0000000000000000000000000000000000000000000000000000111111111111 
	Parameter P[BOOTROM_PRELOAD] bound to: 1'b0 
	Parameter P[UNCORE_RAM_SUPPORTED] bound to: 1'b1 
	Parameter P[UNCORE_RAM_BASE] bound to: 64'b0000000000000000000000000000000010000000000000000000000000000000 
	Parameter P[UNCORE_RAM_RANGE] bound to: 64'b0000000000000000000000000000000000000000000000001001000000000000 
	Parameter P[UNCORE_RAM_PRELOAD] bound to: 1'b0 
	Parameter P[EXT_MEM_SUPPORTED] bound to: 1'b0 
	Parameter P[EXT_MEM_BASE] bound to: 64'b0000000000000000000000000000000010000000000000000000000000000000 
	Parameter P[EXT_MEM_RANGE] bound to: 64'b0000000000000000000000000000000000000111111111111111111111111111 
	Parameter P[CLINT_SUPPORTED] bound to: 1'b0 
	Parameter P[CLINT_BASE] bound to: 64'b0000000000000000000000000000000000000010000000000000000000000000 
	Parameter P[CLINT_RANGE] bound to: 64'b0000000000000000000000000000000000000000000000001111111111111111 
	Parameter P[GPIO_SUPPORTED] bound to: 1'b0 
	Parameter P[GPIO_BASE] bound to: 64'b0000000000000000000000000000000000010000000001100000000000000000 
	Parameter P[GPIO_RANGE] bound to: 64'b0000000000000000000000000000000000000000000000000000000011111111 
	Parameter P[UART_SUPPORTED] bound to: 1'b1 
	Parameter P[UART_BASE] bound to: 64'b0000000000000000000000000000000000010000000000000000000000000000 
	Parameter P[UART_RANGE] bound to: 64'b0000000000000000000000000000000000000000000000000000000000000111 
	Parameter P[PLIC_SUPPORTED] bound to: 1'b0 
	Parameter P[PLIC_BASE] bound to: 64'b0000000000000000000000000000000000001100000000000000000000000000 
	Parameter P[PLIC_RANGE] bound to: 64'b0000000000000000000000000000000000000011111111111111111111111111 
	Parameter P[SDC_SUPPORTED] bound to: 1'b0 
	Parameter P[SDC_BASE] bound to: 64'b0000000000000000000000000000000000000000000000010011000000000000 
	Parameter P[SDC_RANGE] bound to: 64'b0000000000000000000000000000000000000000000000000000000001111111 
	Parameter P[SPI_SUPPORTED] bound to: 1'b0 
	Parameter P[SPI_BASE] bound to: 64'b0000000000000000000000000000000000010000000001000000000000000000 
	Parameter P[SPI_RANGE] bound to: 64'b0000000000000000000000000000000000000000000000000000111111111111 
	Parameter P[GPIO_LOOPBACK_TEST] bound to: 1'b0 
	Parameter P[SPI_LOOPBACK_TEST] bound to: 1'b1 
	Parameter P[UART_PRESCALE] bound to: 32'sb00000000000000000000000000000001 
	Parameter P[PLIC_NUM_SRC] bound to: 32'sb00000000000000000000000000001010 
	Parameter P[PLIC_NUM_SRC_LT_32] bound to: 1'b1 
	Parameter P[PLIC_GPIO_ID] bound to: 32'sb00000000000000000000000000000011 
	Parameter P[PLIC_UART_ID] bound to: 32'sb00000000000000000000000000001010 
	Parameter P[PLIC_SPI_ID] bound to: 32'sb00000000000000000000000000000110 
	Parameter P[PLIC_SDC_ID] bound to: 32'sb00000000000000000000000000001001 
	Parameter P[BPRED_SUPPORTED] bound to: 1'b1 
	Parameter P[BPRED_TYPE] bound to: 32'b00000000000000000000000000000100 
	Parameter P[BPRED_NUM_LHR] bound to: 32'sb00000000000000000000000000000110 
	Parameter P[BPRED_SIZE] bound to: 32'sb00000000000000000000000000001010 
	Parameter P[BTB_SIZE] bound to: 32'sb00000000000000000000000000001010 
	Parameter P[RAS_SIZE] bound to: 32'sb00000000000000000000000000010000 
	Parameter P[INSTR_CLASS_PRED] bound to: 1'b1 
	Parameter P[RADIX] bound to: 32'sb00000000000000000000000000000100 
	Parameter P[DIVCOPIES] bound to: 32'sb00000000000000000000000000000100 
	Parameter P[ZBA_SUPPORTED] bound to: 1'b0 
	Parameter P[ZBB_SUPPORTED] bound to: 1'b1 
	Parameter P[ZBC_SUPPORTED] bound to: 1'b0 
	Parameter P[ZBS_SUPPORTED] bound to: 1'b0 
	Parameter P[ZCA_SUPPORTED] bound to: 1'b1 
	Parameter P[ZCB_SUPPORTED] bound to: 1'b0 
	Parameter P[ZCD_SUPPORTED] bound to: 1'b0 
	Parameter P[ZCF_SUPPORTED] bound to: 1'b1 
	Parameter P[ZBKB_SUPPORTED] bound to: 1'b0 
	Parameter P[ZBKC_SUPPORTED] bound to: 1'b0 
	Parameter P[ZBKX_SUPPORTED] bound to: 1'b0 
	Parameter P[ZKND_SUPPORTED] bound to: 1'b0 
	Parameter P[ZKNE_SUPPORTED] bound to: 1'b0 
	Parameter P[ZKNH_SUPPORTED] bound to: 1'b0 
	Parameter P[ZKN_SUPPORTED] bound to: 1'b0 
	Parameter P[USE_SRAM] bound to: 1'b1 
	Parameter P[M_MODE] bound to: 2'b00 
	Parameter P[S_MODE] bound to: 2'b01 
	Parameter P[U_MODE] bound to: 2'b10 
	Parameter P[VPN_SEGMENT_BITS] bound to: 32'sb00000000000000000000000000000011 
	Parameter P[VPN_BITS] bound to: 32'sb00000000000000000000000000000100 
	Parameter P[PPN_BITS] bound to: 32'sb00000000000000000000000000100000 
	Parameter P[PA_BITS] bound to: 32'sb00000000000000000000000001000000 
	Parameter P[SVMODE_BITS] bound to: 32'sb00000000000000000000000000000011 
	Parameter P[ASID_BASE] bound to: 32'sb00000000000000000000000000000100 
	Parameter P[ASID_BITS] bound to: 32'sb00000000000000000000000000000100 
	Parameter P[NO_TRANSLATE] bound to: 4'b0011 
	Parameter P[SV32] bound to: 4'b0000 
	Parameter P[SV39] bound to: 4'b0001 
	Parameter P[SV48] bound to: 4'b0010 
	Parameter P[A_SUPPORTED] bound to: 1'b0 
	Parameter P[B_SUPPORTED] bound to: 1'b0 
	Parameter P[C_SUPPORTED] bound to: 1'b0 
	Parameter P[D_SUPPORTED] bound to: 1'b0 
	Parameter P[E_SUPPORTED] bound to: 1'b0 
	Parameter P[F_SUPPORTED] bound to: 1'b0 
	Parameter P[I_SUPPORTED] bound to: 1'b0 
	Parameter P[M_SUPPORTED] bound to: 1'b1 
	Parameter P[Q_SUPPORTED] bound to: 1'b0 
	Parameter P[S_SUPPORTED] bound to: 1'b1 
	Parameter P[U_SUPPORTED] bound to: 1'b1 
	Parameter P[LOG_XLEN] bound to: 32'sb00000000000000000000000000000110 
	Parameter P[FLEN] bound to: 32'sb00000000000000000000000001000000 
	Parameter P[LLEN] bound to: 32'sb00000000000000000000000001000000 
	Parameter P[XLEN] bound to: 32'sb00000000000000000000000001000000 
	Parameter P[IEEE754] bound to: 1'b0 
	Parameter P[MISA] bound to: 32'sb00000000000000000000000000000000 
	Parameter P[AHBW] bound to: 32'sb00000000000000000000000001000000 
	Parameter P[RAM_LATENCY] bound to: 32'sb00000000000000000000000000000000 
	Parameter P[BURST_EN] bound to: 1'b1 
	Parameter P[ZICSR_SUPPORTED] bound to: 1'b1 
	Parameter P[ZIFENCEI_SUPPORTED] bound to: 1'b1 
	Parameter P[COUNTERS] bound to: 12'b000000100000 
	Parameter P[ZICNTR_SUPPORTED] bound to: 1'b1 
	Parameter P[ZIHPM_SUPPORTED] bound to: 1'b1 
	Parameter P[ZFH_SUPPORTED] bound to: 1'b1 
	Parameter P[ZFA_SUPPORTED] bound to: 1'b1 
	Parameter P[SSTC_SUPPORTED] bound to: 1'b1 
	Parameter P[VIRTMEM_SUPPORTED] bound to: 1'b1 
	Parameter P[VECTORED_INTERRUPTS_SUPPORTED] bound to: 1'b1 
	Parameter P[BIGENDIAN_SUPPORTED] bound to: 1'b1 
	Parameter P[SVADU_SUPPORTED] bound to: 1'b1 
	Parameter P[ZMMUL_SUPPORTED] bound to: 1'b1 
	Parameter P[ZICBOM_SUPPORTED] bound to: 1'b1 
	Parameter P[ZICBOZ_SUPPORTED] bound to: 1'b1 
	Parameter P[ZICBOP_SUPPORTED] bound to: 1'b1 
	Parameter P[ZICCLSM_SUPPORTED] bound to: 1'b1 
	Parameter P[ZICOND_SUPPORTED] bound to: 1'b1 
	Parameter P[SVPBMT_SUPPORTED] bound to: 1'b1 
	Parameter P[SVNAPOT_SUPPORTED] bound to: 1'b1 
	Parameter P[SVINVAL_SUPPORTED] bound to: 1'b1 
	Parameter P[ZAAMO_SUPPORTED] bound to: 1'b1 
	Parameter P[ZALRSC_SUPPORTED] bound to: 1'b1 
	Parameter P[BUS_SUPPORTED] bound to: 1'b1 
	Parameter P[DCACHE_SUPPORTED] bound to: 1'b1 
	Parameter P[ICACHE_SUPPORTED] bound to: 1'b1 
	Parameter P[ITLB_ENTRIES] bound to: 32'sb00000000000000000000000000100000 
	Parameter P[DTLB_ENTRIES] bound to: 32'sb00000000000000000000000000100000 
	Parameter P[DCACHE_NUMWAYS] bound to: 32'sb00000000000000000000000000000100 
	Parameter P[DCACHE_WAYSIZEINBYTES] bound to: 32'sb00000000000000000001000000000000 
	Parameter P[DCACHE_LINELENINBITS] bound to: 32'sb00000000000000000000001000000000 
	Parameter P[ICACHE_NUMWAYS] bound to: 32'sb00000000000000000000000000000100 
	Parameter P[ICACHE_WAYSIZEINBYTES] bound to: 32'sb00000000000000000001000000000000 
	Parameter P[ICACHE_LINELENINBITS] bound to: 32'sb00000000000000000000001000000000 
	Parameter P[CACHE_SRAMLEN] bound to: 32'sb00000000000000000000000010000000 
	Parameter P[IDIV_BITSPERCYCLE] bound to: 32'sb00000000000000000000000000000100 
	Parameter P[IDIV_ON_FPU] bound to: 1'b1 
	Parameter P[PMP_ENTRIES] bound to: 32'sb00000000000000000000000000010000 
	Parameter P[RESET_VECTOR] bound to: 64'b0000000000000000000000000000000010000000000000000000000000000000 
	Parameter P[WFI_TIMEOUT_BIT] bound to: 32'sb00000000000000000000000000010000 
	Parameter P[DTIM_SUPPORTED] bound to: 1'b0 
	Parameter P[DTIM_BASE] bound to: 64'b0000000000000000000000000000000010000000000000000000000000000000 
	Parameter P[DTIM_RANGE] bound to: 64'b0000000000000000000000000000000000000000011111111111111111111111 
	Parameter P[IROM_SUPPORTED] bound to: 1'b0 
	Parameter P[IROM_BASE] bound to: 64'b0000000000000000000000000000000010000000000000000000000000000000 
	Parameter P[IROM_RANGE] bound to: 64'b0000000000000000000000000000000000000000011111111111111111111111 
	Parameter P[BOOTROM_SUPPORTED] bound to: 1'b0 
	Parameter P[BOOTROM_BASE] bound to: 64'b0000000000000000000000000000000000000000000000000001000000000000 
	Parameter P[BOOTROM_RANGE] bound to: 64'b0000000000000000000000000000000000000000000000000000111111111111 
	Parameter P[BOOTROM_PRELOAD] bound to: 1'b0 
	Parameter P[UNCORE_RAM_SUPPORTED] bound to: 1'b1 
	Parameter P[UNCORE_RAM_BASE] bound to: 64'b0000000000000000000000000000000010000000000000000000000000000000 
	Parameter P[UNCORE_RAM_RANGE] bound to: 64'b0000000000000000000000000000000000000000000000001001000000000000 
	Parameter P[UNCORE_RAM_PRELOAD] bound to: 1'b0 
	Parameter P[EXT_MEM_SUPPORTED] bound to: 1'b0 
	Parameter P[EXT_MEM_BASE] bound to: 64'b0000000000000000000000000000000010000000000000000000000000000000 
	Parameter P[EXT_MEM_RANGE] bound to: 64'b0000000000000000000000000000000000000111111111111111111111111111 
	Parameter P[CLINT_SUPPORTED] bound to: 1'b0 
	Parameter P[CLINT_BASE] bound to: 64'b0000000000000000000000000000000000000010000000000000000000000000 
	Parameter P[CLINT_RANGE] bound to: 64'b0000000000000000000000000000000000000000000000001111111111111111 
	Parameter P[GPIO_SUPPORTED] bound to: 1'b0 
	Parameter P[GPIO_BASE] bound to: 64'b0000000000000000000000000000000000010000000001100000000000000000 
	Parameter P[GPIO_RANGE] bound to: 64'b0000000000000000000000000000000000000000000000000000000011111111 
	Parameter P[UART_SUPPORTED] bound to: 1'b1 
	Parameter P[UART_BASE] bound to: 64'b0000000000000000000000000000000000010000000000000000000000000000 
	Parameter P[UART_RANGE] bound to: 64'b0000000000000000000000000000000000000000000000000000000000000111 
	Parameter P[PLIC_SUPPORTED] bound to: 1'b0 
	Parameter P[PLIC_BASE] bound to: 64'b0000000000000000000000000000000000001100000000000000000000000000 
	Parameter P[PLIC_RANGE] bound to: 64'b0000000000000000000000000000000000000011111111111111111111111111 
	Parameter P[SDC_SUPPORTED] bound to: 1'b0 
	Parameter P[SDC_BASE] bound to: 64'b0000000000000000000000000000000000000000000000010011000000000000 
	Parameter P[SDC_RANGE] bound to: 64'b0000000000000000000000000000000000000000000000000000000001111111 
	Parameter P[SPI_SUPPORTED] bound to: 1'b0 
	Parameter P[SPI_BASE] bound to: 64'b0000000000000000000000000000000000010000000001000000000000000000 
	Parameter P[SPI_RANGE] bound to: 64'b0000000000000000000000000000000000000000000000000000111111111111 
	Parameter P[GPIO_LOOPBACK_TEST] bound to: 1'b0 
	Parameter P[SPI_LOOPBACK_TEST] bound to: 1'b1 
	Parameter P[UART_PRESCALE] bound to: 32'sb00000000000000000000000000000001 
	Parameter P[PLIC_NUM_SRC] bound to: 32'sb00000000000000000000000000001010 
	Parameter P[PLIC_NUM_SRC_LT_32] bound to: 1'b1 
	Parameter P[PLIC_GPIO_ID] bound to: 32'sb00000000000000000000000000000011 
	Parameter P[PLIC_UART_ID] bound to: 32'sb00000000000000000000000000001010 
	Parameter P[PLIC_SPI_ID] bound to: 32'sb00000000000000000000000000000110 
	Parameter P[PLIC_SDC_ID] bound to: 32'sb00000000000000000000000000001001 
	Parameter P[BPRED_SUPPORTED] bound to: 1'b1 
	Parameter P[BPRED_TYPE] bound to: 32'b00000000000000000000000000000100 
	Parameter P[BPRED_NUM_LHR] bound to: 32'sb00000000000000000000000000000110 
	Parameter P[BPRED_SIZE] bound to: 32'sb00000000000000000000000000001010 
	Parameter P[BTB_SIZE] bound to: 32'sb00000000000000000000000000001010 
	Parameter P[RAS_SIZE] bound to: 32'sb00000000000000000000000000010000 
	Parameter P[INSTR_CLASS_PRED] bound to: 1'b1 
	Parameter P[RADIX] bound to: 32'sb00000000000000000000000000000100 
	Parameter P[DIVCOPIES] bound to: 32'sb00000000000000000000000000000100 
	Parameter P[ZBA_SUPPORTED] bound to: 1'b0 
	Parameter P[ZBB_SUPPORTED] bound to: 1'b1 
	Parameter P[ZBC_SUPPORTED] bound to: 1'b0 
	Parameter P[ZBS_SUPPORTED] bound to: 1'b0 
	Parameter P[ZCA_SUPPORTED] bound to: 1'b1 
	Parameter P[ZCB_SUPPORTED] bound to: 1'b0 
	Parameter P[ZCD_SUPPORTED] bound to: 1'b0 
	Parameter P[ZCF_SUPPORTED] bound to: 1'b1 
	Parameter P[ZBKB_SUPPORTED] bound to: 1'b0 
	Parameter P[ZBKC_SUPPORTED] bound to: 1'b0 
	Parameter P[ZBKX_SUPPORTED] bound to: 1'b0 
	Parameter P[ZKND_SUPPORTED] bound to: 1'b0 
	Parameter P[ZKNE_SUPPORTED] bound to: 1'b0 
	Parameter P[ZKNH_SUPPORTED] bound to: 1'b0 
	Parameter P[ZKN_SUPPORTED] bound to: 1'b0 
	Parameter P[USE_SRAM] bound to: 1'b1 
	Parameter P[M_MODE] bound to: 2'b00 
	Parameter P[S_MODE] bound to: 2'b01 
	Parameter P[U_MODE] bound to: 2'b10 
	Parameter P[VPN_SEGMENT_BITS] bound to: 32'sb00000000000000000000000000000011 
	Parameter P[VPN_BITS] bound to: 32'sb00000000000000000000000000000100 
	Parameter P[PPN_BITS] bound to: 32'sb00000000000000000000000000100000 
	Parameter P[PA_BITS] bound to: 32'sb00000000000000000000000001000000 
	Parameter P[SVMODE_BITS] bound to: 32'sb00000000000000000000000000000011 
	Parameter P[ASID_BASE] bound to: 32'sb00000000000000000000000000000100 
	Parameter P[ASID_BITS] bound to: 32'sb00000000000000000000000000000100 
	Parameter P[NO_TRANSLATE] bound to: 4'b0011 
	Parameter P[SV32] bound to: 4'b0000 
	Parameter P[SV39] bound to: 4'b0001 
	Parameter P[SV48] bound to: 4'b0010 
	Parameter P[A_SUPPORTED] bound to: 1'b0 
	Parameter P[B_SUPPORTED] bound to: 1'b0 
	Parameter P[C_SUPPORTED] bound to: 1'b0 
	Parameter P[D_SUPPORTED] bound to: 1'b0 
	Parameter P[E_SUPPORTED] bound to: 1'b0 
	Parameter P[F_SUPPORTED] bound to: 1'b0 
	Parameter P[I_SUPPORTED] bound to: 1'b0 
	Parameter P[M_SUPPORTED] bound to: 1'b1 
	Parameter P[Q_SUPPORTED] bound to: 1'b0 
	Parameter P[S_SUPPORTED] bound to: 1'b1 
	Parameter P[U_SUPPORTED] bound to: 1'b1 
	Parameter P[LOG_XLEN] bound to: 32'sb00000000000000000000000000000110 
	Parameter P[FLEN] bound to: 32'sb00000000000000000000000001000000 
	Parameter P[LLEN] bound to: 32'sb00000000000000000000000001000000 
	Parameter XLEN bound to: 64 - type: integer 
	Parameter k bound to: 10 - type: integer 
	Parameter TYPE bound to: 0 - type: integer 
	Parameter USE_SRAM bound to: 1'b1 
	Parameter DEPTH bound to: 1024 - type: integer 
	Parameter WIDTH bound to: 2 - type: integer 
	Parameter WIDTH bound to: 4 - type: integer 
	Parameter WIDTH bound to: 10 - type: integer 
	Parameter WIDTH bound to: 2 - type: integer 
	Parameter WIDTH bound to: 10 - type: integer 
	Parameter WIDTH bound to: 10 - type: integer 
	Parameter P[XLEN] bound to: 32'sb00000000000000000000000001000000 
	Parameter P[IEEE754] bound to: 1'b0 
	Parameter P[MISA] bound to: 32'sb00000000000000000000000000000000 
	Parameter P[AHBW] bound to: 32'sb00000000000000000000000001000000 
	Parameter P[RAM_LATENCY] bound to: 32'sb00000000000000000000000000000000 
	Parameter P[BURST_EN] bound to: 1'b1 
	Parameter P[ZICSR_SUPPORTED] bound to: 1'b1 
	Parameter P[ZIFENCEI_SUPPORTED] bound to: 1'b1 
	Parameter P[COUNTERS] bound to: 12'b000000100000 
	Parameter P[ZICNTR_SUPPORTED] bound to: 1'b1 
	Parameter P[ZIHPM_SUPPORTED] bound to: 1'b1 
	Parameter P[ZFH_SUPPORTED] bound to: 1'b1 
	Parameter P[ZFA_SUPPORTED] bound to: 1'b1 
	Parameter P[SSTC_SUPPORTED] bound to: 1'b1 
	Parameter P[VIRTMEM_SUPPORTED] bound to: 1'b1 
	Parameter P[VECTORED_INTERRUPTS_SUPPORTED] bound to: 1'b1 
	Parameter P[BIGENDIAN_SUPPORTED] bound to: 1'b1 
	Parameter P[SVADU_SUPPORTED] bound to: 1'b1 
	Parameter P[ZMMUL_SUPPORTED] bound to: 1'b1 
	Parameter P[ZICBOM_SUPPORTED] bound to: 1'b1 
	Parameter P[ZICBOZ_SUPPORTED] bound to: 1'b1 
	Parameter P[ZICBOP_SUPPORTED] bound to: 1'b1 
	Parameter P[ZICCLSM_SUPPORTED] bound to: 1'b1 
	Parameter P[ZICOND_SUPPORTED] bound to: 1'b1 
	Parameter P[SVPBMT_SUPPORTED] bound to: 1'b1 
	Parameter P[SVNAPOT_SUPPORTED] bound to: 1'b1 
	Parameter P[SVINVAL_SUPPORTED] bound to: 1'b1 
	Parameter P[ZAAMO_SUPPORTED] bound to: 1'b1 
	Parameter P[ZALRSC_SUPPORTED] bound to: 1'b1 
	Parameter P[BUS_SUPPORTED] bound to: 1'b1 
	Parameter P[DCACHE_SUPPORTED] bound to: 1'b1 
	Parameter P[ICACHE_SUPPORTED] bound to: 1'b1 
	Parameter P[ITLB_ENTRIES] bound to: 32'sb00000000000000000000000000100000 
	Parameter P[DTLB_ENTRIES] bound to: 32'sb00000000000000000000000000100000 
	Parameter P[DCACHE_NUMWAYS] bound to: 32'sb00000000000000000000000000000100 
	Parameter P[DCACHE_WAYSIZEINBYTES] bound to: 32'sb00000000000000000001000000000000 
	Parameter P[DCACHE_LINELENINBITS] bound to: 32'sb00000000000000000000001000000000 
	Parameter P[ICACHE_NUMWAYS] bound to: 32'sb00000000000000000000000000000100 
	Parameter P[ICACHE_WAYSIZEINBYTES] bound to: 32'sb00000000000000000001000000000000 
	Parameter P[ICACHE_LINELENINBITS] bound to: 32'sb00000000000000000000001000000000 
	Parameter P[CACHE_SRAMLEN] bound to: 32'sb00000000000000000000000010000000 
	Parameter P[IDIV_BITSPERCYCLE] bound to: 32'sb00000000000000000000000000000100 
	Parameter P[IDIV_ON_FPU] bound to: 1'b1 
	Parameter P[PMP_ENTRIES] bound to: 32'sb00000000000000000000000000010000 
	Parameter P[RESET_VECTOR] bound to: 64'b0000000000000000000000000000000010000000000000000000000000000000 
	Parameter P[WFI_TIMEOUT_BIT] bound to: 32'sb00000000000000000000000000010000 
	Parameter P[DTIM_SUPPORTED] bound to: 1'b0 
	Parameter P[DTIM_BASE] bound to: 64'b0000000000000000000000000000000010000000000000000000000000000000 
	Parameter P[DTIM_RANGE] bound to: 64'b0000000000000000000000000000000000000000011111111111111111111111 
	Parameter P[IROM_SUPPORTED] bound to: 1'b0 
	Parameter P[IROM_BASE] bound to: 64'b0000000000000000000000000000000010000000000000000000000000000000 
	Parameter P[IROM_RANGE] bound to: 64'b0000000000000000000000000000000000000000011111111111111111111111 
	Parameter P[BOOTROM_SUPPORTED] bound to: 1'b0 
	Parameter P[BOOTROM_BASE] bound to: 64'b0000000000000000000000000000000000000000000000000001000000000000 
	Parameter P[BOOTROM_RANGE] bound to: 64'b0000000000000000000000000000000000000000000000000000111111111111 
	Parameter P[BOOTROM_PRELOAD] bound to: 1'b0 
	Parameter P[UNCORE_RAM_SUPPORTED] bound to: 1'b1 
	Parameter P[UNCORE_RAM_BASE] bound to: 64'b0000000000000000000000000000000010000000000000000000000000000000 
	Parameter P[UNCORE_RAM_RANGE] bound to: 64'b0000000000000000000000000000000000000000000000001001000000000000 
	Parameter P[UNCORE_RAM_PRELOAD] bound to: 1'b0 
	Parameter P[EXT_MEM_SUPPORTED] bound to: 1'b0 
	Parameter P[EXT_MEM_BASE] bound to: 64'b0000000000000000000000000000000010000000000000000000000000000000 
	Parameter P[EXT_MEM_RANGE] bound to: 64'b0000000000000000000000000000000000000111111111111111111111111111 
	Parameter P[CLINT_SUPPORTED] bound to: 1'b0 
	Parameter P[CLINT_BASE] bound to: 64'b0000000000000000000000000000000000000010000000000000000000000000 
	Parameter P[CLINT_RANGE] bound to: 64'b0000000000000000000000000000000000000000000000001111111111111111 
	Parameter P[GPIO_SUPPORTED] bound to: 1'b0 
	Parameter P[GPIO_BASE] bound to: 64'b0000000000000000000000000000000000010000000001100000000000000000 
	Parameter P[GPIO_RANGE] bound to: 64'b0000000000000000000000000000000000000000000000000000000011111111 
	Parameter P[UART_SUPPORTED] bound to: 1'b1 
	Parameter P[UART_BASE] bound to: 64'b0000000000000000000000000000000000010000000000000000000000000000 
	Parameter P[UART_RANGE] bound to: 64'b0000000000000000000000000000000000000000000000000000000000000111 
	Parameter P[PLIC_SUPPORTED] bound to: 1'b0 
	Parameter P[PLIC_BASE] bound to: 64'b0000000000000000000000000000000000001100000000000000000000000000 
	Parameter P[PLIC_RANGE] bound to: 64'b0000000000000000000000000000000000000011111111111111111111111111 
	Parameter P[SDC_SUPPORTED] bound to: 1'b0 
	Parameter P[SDC_BASE] bound to: 64'b0000000000000000000000000000000000000000000000010011000000000000 
	Parameter P[SDC_RANGE] bound to: 64'b0000000000000000000000000000000000000000000000000000000001111111 
	Parameter P[SPI_SUPPORTED] bound to: 1'b0 
	Parameter P[SPI_BASE] bound to: 64'b0000000000000000000000000000000000010000000001000000000000000000 
	Parameter P[SPI_RANGE] bound to: 64'b0000000000000000000000000000000000000000000000000000111111111111 
	Parameter P[GPIO_LOOPBACK_TEST] bound to: 1'b0 
	Parameter P[SPI_LOOPBACK_TEST] bound to: 1'b1 
	Parameter P[UART_PRESCALE] bound to: 32'sb00000000000000000000000000000001 
	Parameter P[PLIC_NUM_SRC] bound to: 32'sb00000000000000000000000000001010 
	Parameter P[PLIC_NUM_SRC_LT_32] bound to: 1'b1 
	Parameter P[PLIC_GPIO_ID] bound to: 32'sb00000000000000000000000000000011 
	Parameter P[PLIC_UART_ID] bound to: 32'sb00000000000000000000000000001010 
	Parameter P[PLIC_SPI_ID] bound to: 32'sb00000000000000000000000000000110 
	Parameter P[PLIC_SDC_ID] bound to: 32'sb00000000000000000000000000001001 
	Parameter P[BPRED_SUPPORTED] bound to: 1'b1 
	Parameter P[BPRED_TYPE] bound to: 32'b00000000000000000000000000000100 
	Parameter P[BPRED_NUM_LHR] bound to: 32'sb00000000000000000000000000000110 
	Parameter P[BPRED_SIZE] bound to: 32'sb00000000000000000000000000001010 
	Parameter P[BTB_SIZE] bound to: 32'sb00000000000000000000000000001010 
	Parameter P[RAS_SIZE] bound to: 32'sb00000000000000000000000000010000 
	Parameter P[INSTR_CLASS_PRED] bound to: 1'b1 
	Parameter P[RADIX] bound to: 32'sb00000000000000000000000000000100 
	Parameter P[DIVCOPIES] bound to: 32'sb00000000000000000000000000000100 
	Parameter P[ZBA_SUPPORTED] bound to: 1'b0 
	Parameter P[ZBB_SUPPORTED] bound to: 1'b1 
	Parameter P[ZBC_SUPPORTED] bound to: 1'b0 
	Parameter P[ZBS_SUPPORTED] bound to: 1'b0 
	Parameter P[ZCA_SUPPORTED] bound to: 1'b1 
	Parameter P[ZCB_SUPPORTED] bound to: 1'b0 
	Parameter P[ZCD_SUPPORTED] bound to: 1'b0 
	Parameter P[ZCF_SUPPORTED] bound to: 1'b1 
	Parameter P[ZBKB_SUPPORTED] bound to: 1'b0 
	Parameter P[ZBKC_SUPPORTED] bound to: 1'b0 
	Parameter P[ZBKX_SUPPORTED] bound to: 1'b0 
	Parameter P[ZKND_SUPPORTED] bound to: 1'b0 
	Parameter P[ZKNE_SUPPORTED] bound to: 1'b0 
	Parameter P[ZKNH_SUPPORTED] bound to: 1'b0 
	Parameter P[ZKN_SUPPORTED] bound to: 1'b0 
	Parameter P[USE_SRAM] bound to: 1'b1 
	Parameter P[M_MODE] bound to: 2'b00 
	Parameter P[S_MODE] bound to: 2'b01 
	Parameter P[U_MODE] bound to: 2'b10 
	Parameter P[VPN_SEGMENT_BITS] bound to: 32'sb00000000000000000000000000000011 
	Parameter P[VPN_BITS] bound to: 32'sb00000000000000000000000000000100 
	Parameter P[PPN_BITS] bound to: 32'sb00000000000000000000000000100000 
	Parameter P[PA_BITS] bound to: 32'sb00000000000000000000000001000000 
	Parameter P[SVMODE_BITS] bound to: 32'sb00000000000000000000000000000011 
	Parameter P[ASID_BASE] bound to: 32'sb00000000000000000000000000000100 
	Parameter P[ASID_BITS] bound to: 32'sb00000000000000000000000000000100 
	Parameter P[NO_TRANSLATE] bound to: 4'b0011 
	Parameter P[SV32] bound to: 4'b0000 
	Parameter P[SV39] bound to: 4'b0001 
	Parameter P[SV48] bound to: 4'b0010 
	Parameter P[A_SUPPORTED] bound to: 1'b0 
	Parameter P[B_SUPPORTED] bound to: 1'b0 
	Parameter P[C_SUPPORTED] bound to: 1'b0 
	Parameter P[D_SUPPORTED] bound to: 1'b0 
	Parameter P[E_SUPPORTED] bound to: 1'b0 
	Parameter P[F_SUPPORTED] bound to: 1'b0 
	Parameter P[I_SUPPORTED] bound to: 1'b0 
	Parameter P[M_SUPPORTED] bound to: 1'b1 
	Parameter P[Q_SUPPORTED] bound to: 1'b0 
	Parameter P[S_SUPPORTED] bound to: 1'b1 
	Parameter P[U_SUPPORTED] bound to: 1'b1 
	Parameter P[LOG_XLEN] bound to: 32'sb00000000000000000000000000000110 
	Parameter P[FLEN] bound to: 32'sb00000000000000000000000001000000 
	Parameter P[LLEN] bound to: 32'sb00000000000000000000000001000000 
	Parameter Depth bound to: 10 - type: integer 
	Parameter USE_SRAM bound to: 1'b1 
	Parameter DEPTH bound to: 1024 - type: integer 
	Parameter WIDTH bound to: 68 - type: integer 
WARNING: [Synth 8-689] width (10) of port connection 'addra' does not match port width (32) of module 'design_2' [/home/ishfisav/wally_1/wally_1.srcs/sources_1/imports/cvw/src/generic/mem/ram2p1r1wbe_1024x68.sv:46]
WARNING: [Synth 8-689] width (10) of port connection 'addrb' does not match port width (32) of module 'design_2' [/home/ishfisav/wally_1/wally_1.srcs/sources_1/imports/cvw/src/generic/mem/ram2p1r1wbe_1024x68.sv:47]
WARNING: [Synth 8-689] width (68) of port connection 'dina' does not match port width (64) of module 'design_2' [/home/ishfisav/wally_1/wally_1.srcs/sources_1/imports/cvw/src/generic/mem/ram2p1r1wbe_1024x68.sv:50]
WARNING: [Synth 8-689] width (68) of port connection 'dinb' does not match port width (64) of module 'design_2' [/home/ishfisav/wally_1/wally_1.srcs/sources_1/imports/cvw/src/generic/mem/ram2p1r1wbe_1024x68.sv:51]
WARNING: [Synth 8-689] width (68) of port connection 'douta' does not match port width (64) of module 'design_2' [/home/ishfisav/wally_1/wally_1.srcs/sources_1/imports/cvw/src/generic/mem/ram2p1r1wbe_1024x68.sv:52]
WARNING: [Synth 8-689] width (68) of port connection 'doutb' does not match port width (64) of module 'design_2' [/home/ishfisav/wally_1/wally_1.srcs/sources_1/imports/cvw/src/generic/mem/ram2p1r1wbe_1024x68.sv:53]
WARNING: [Synth 8-689] width (68) of port connection 'wea' does not match port width (8) of module 'design_2' [/home/ishfisav/wally_1/wally_1.srcs/sources_1/imports/cvw/src/generic/mem/ram2p1r1wbe_1024x68.sv:56]
WARNING: [Synth 8-689] width (68) of port connection 'web' does not match port width (8) of module 'design_2' [/home/ishfisav/wally_1/wally_1.srcs/sources_1/imports/cvw/src/generic/mem/ram2p1r1wbe_1024x68.sv:57]
	Parameter P[XLEN] bound to: 32'sb00000000000000000000000001000000 
	Parameter P[IEEE754] bound to: 1'b0 
	Parameter P[MISA] bound to: 32'sb00000000000000000000000000000000 
	Parameter P[AHBW] bound to: 32'sb00000000000000000000000001000000 
	Parameter P[RAM_LATENCY] bound to: 32'sb00000000000000000000000000000000 
	Parameter P[BURST_EN] bound to: 1'b1 
	Parameter P[ZICSR_SUPPORTED] bound to: 1'b1 
	Parameter P[ZIFENCEI_SUPPORTED] bound to: 1'b1 
	Parameter P[COUNTERS] bound to: 12'b000000100000 
	Parameter P[ZICNTR_SUPPORTED] bound to: 1'b1 
	Parameter P[ZIHPM_SUPPORTED] bound to: 1'b1 
	Parameter P[ZFH_SUPPORTED] bound to: 1'b1 
	Parameter P[ZFA_SUPPORTED] bound to: 1'b1 
	Parameter P[SSTC_SUPPORTED] bound to: 1'b1 
	Parameter P[VIRTMEM_SUPPORTED] bound to: 1'b1 
	Parameter P[VECTORED_INTERRUPTS_SUPPORTED] bound to: 1'b1 
	Parameter P[BIGENDIAN_SUPPORTED] bound to: 1'b1 
	Parameter P[SVADU_SUPPORTED] bound to: 1'b1 
	Parameter P[ZMMUL_SUPPORTED] bound to: 1'b1 
	Parameter P[ZICBOM_SUPPORTED] bound to: 1'b1 
	Parameter P[ZICBOZ_SUPPORTED] bound to: 1'b1 
	Parameter P[ZICBOP_SUPPORTED] bound to: 1'b1 
	Parameter P[ZICCLSM_SUPPORTED] bound to: 1'b1 
	Parameter P[ZICOND_SUPPORTED] bound to: 1'b1 
	Parameter P[SVPBMT_SUPPORTED] bound to: 1'b1 
	Parameter P[SVNAPOT_SUPPORTED] bound to: 1'b1 
	Parameter P[SVINVAL_SUPPORTED] bound to: 1'b1 
	Parameter P[ZAAMO_SUPPORTED] bound to: 1'b1 
	Parameter P[ZALRSC_SUPPORTED] bound to: 1'b1 
	Parameter P[BUS_SUPPORTED] bound to: 1'b1 
	Parameter P[DCACHE_SUPPORTED] bound to: 1'b1 
	Parameter P[ICACHE_SUPPORTED] bound to: 1'b1 
	Parameter P[ITLB_ENTRIES] bound to: 32'sb00000000000000000000000000100000 
	Parameter P[DTLB_ENTRIES] bound to: 32'sb00000000000000000000000000100000 
	Parameter P[DCACHE_NUMWAYS] bound to: 32'sb00000000000000000000000000000100 
	Parameter P[DCACHE_WAYSIZEINBYTES] bound to: 32'sb00000000000000000001000000000000 
	Parameter P[DCACHE_LINELENINBITS] bound to: 32'sb00000000000000000000001000000000 
	Parameter P[ICACHE_NUMWAYS] bound to: 32'sb00000000000000000000000000000100 
	Parameter P[ICACHE_WAYSIZEINBYTES] bound to: 32'sb00000000000000000001000000000000 
	Parameter P[ICACHE_LINELENINBITS] bound to: 32'sb00000000000000000000001000000000 
	Parameter P[CACHE_SRAMLEN] bound to: 32'sb00000000000000000000000010000000 
	Parameter P[IDIV_BITSPERCYCLE] bound to: 32'sb00000000000000000000000000000100 
	Parameter P[IDIV_ON_FPU] bound to: 1'b1 
	Parameter P[PMP_ENTRIES] bound to: 32'sb00000000000000000000000000010000 
	Parameter P[RESET_VECTOR] bound to: 64'b0000000000000000000000000000000010000000000000000000000000000000 
	Parameter P[WFI_TIMEOUT_BIT] bound to: 32'sb00000000000000000000000000010000 
	Parameter P[DTIM_SUPPORTED] bound to: 1'b0 
	Parameter P[DTIM_BASE] bound to: 64'b0000000000000000000000000000000010000000000000000000000000000000 
	Parameter P[DTIM_RANGE] bound to: 64'b0000000000000000000000000000000000000000011111111111111111111111 
	Parameter P[IROM_SUPPORTED] bound to: 1'b0 
	Parameter P[IROM_BASE] bound to: 64'b0000000000000000000000000000000010000000000000000000000000000000 
	Parameter P[IROM_RANGE] bound to: 64'b0000000000000000000000000000000000000000011111111111111111111111 
	Parameter P[BOOTROM_SUPPORTED] bound to: 1'b0 
	Parameter P[BOOTROM_BASE] bound to: 64'b0000000000000000000000000000000000000000000000000001000000000000 
	Parameter P[BOOTROM_RANGE] bound to: 64'b0000000000000000000000000000000000000000000000000000111111111111 
	Parameter P[BOOTROM_PRELOAD] bound to: 1'b0 
	Parameter P[UNCORE_RAM_SUPPORTED] bound to: 1'b1 
	Parameter P[UNCORE_RAM_BASE] bound to: 64'b0000000000000000000000000000000010000000000000000000000000000000 
	Parameter P[UNCORE_RAM_RANGE] bound to: 64'b0000000000000000000000000000000000000000000000001001000000000000 
	Parameter P[UNCORE_RAM_PRELOAD] bound to: 1'b0 
	Parameter P[EXT_MEM_SUPPORTED] bound to: 1'b0 
	Parameter P[EXT_MEM_BASE] bound to: 64'b0000000000000000000000000000000010000000000000000000000000000000 
	Parameter P[EXT_MEM_RANGE] bound to: 64'b0000000000000000000000000000000000000111111111111111111111111111 
	Parameter P[CLINT_SUPPORTED] bound to: 1'b0 
	Parameter P[CLINT_BASE] bound to: 64'b0000000000000000000000000000000000000010000000000000000000000000 
	Parameter P[CLINT_RANGE] bound to: 64'b0000000000000000000000000000000000000000000000001111111111111111 
	Parameter P[GPIO_SUPPORTED] bound to: 1'b0 
	Parameter P[GPIO_BASE] bound to: 64'b0000000000000000000000000000000000010000000001100000000000000000 
	Parameter P[GPIO_RANGE] bound to: 64'b0000000000000000000000000000000000000000000000000000000011111111 
	Parameter P[UART_SUPPORTED] bound to: 1'b1 
	Parameter P[UART_BASE] bound to: 64'b0000000000000000000000000000000000010000000000000000000000000000 
	Parameter P[UART_RANGE] bound to: 64'b0000000000000000000000000000000000000000000000000000000000000111 
	Parameter P[PLIC_SUPPORTED] bound to: 1'b0 
	Parameter P[PLIC_BASE] bound to: 64'b0000000000000000000000000000000000001100000000000000000000000000 
	Parameter P[PLIC_RANGE] bound to: 64'b0000000000000000000000000000000000000011111111111111111111111111 
	Parameter P[SDC_SUPPORTED] bound to: 1'b0 
	Parameter P[SDC_BASE] bound to: 64'b0000000000000000000000000000000000000000000000010011000000000000 
	Parameter P[SDC_RANGE] bound to: 64'b0000000000000000000000000000000000000000000000000000000001111111 
	Parameter P[SPI_SUPPORTED] bound to: 1'b0 
	Parameter P[SPI_BASE] bound to: 64'b0000000000000000000000000000000000010000000001000000000000000000 
	Parameter P[SPI_RANGE] bound to: 64'b0000000000000000000000000000000000000000000000000000111111111111 
	Parameter P[GPIO_LOOPBACK_TEST] bound to: 1'b0 
	Parameter P[SPI_LOOPBACK_TEST] bound to: 1'b1 
	Parameter P[UART_PRESCALE] bound to: 32'sb00000000000000000000000000000001 
	Parameter P[PLIC_NUM_SRC] bound to: 32'sb00000000000000000000000000001010 
	Parameter P[PLIC_NUM_SRC_LT_32] bound to: 1'b1 
	Parameter P[PLIC_GPIO_ID] bound to: 32'sb00000000000000000000000000000011 
	Parameter P[PLIC_UART_ID] bound to: 32'sb00000000000000000000000000001010 
	Parameter P[PLIC_SPI_ID] bound to: 32'sb00000000000000000000000000000110 
	Parameter P[PLIC_SDC_ID] bound to: 32'sb00000000000000000000000000001001 
	Parameter P[BPRED_SUPPORTED] bound to: 1'b1 
	Parameter P[BPRED_TYPE] bound to: 32'b00000000000000000000000000000100 
	Parameter P[BPRED_NUM_LHR] bound to: 32'sb00000000000000000000000000000110 
	Parameter P[BPRED_SIZE] bound to: 32'sb00000000000000000000000000001010 
	Parameter P[BTB_SIZE] bound to: 32'sb00000000000000000000000000001010 
	Parameter P[RAS_SIZE] bound to: 32'sb00000000000000000000000000010000 
	Parameter P[INSTR_CLASS_PRED] bound to: 1'b1 
	Parameter P[RADIX] bound to: 32'sb00000000000000000000000000000100 
	Parameter P[DIVCOPIES] bound to: 32'sb00000000000000000000000000000100 
	Parameter P[ZBA_SUPPORTED] bound to: 1'b0 
	Parameter P[ZBB_SUPPORTED] bound to: 1'b1 
	Parameter P[ZBC_SUPPORTED] bound to: 1'b0 
	Parameter P[ZBS_SUPPORTED] bound to: 1'b0 
	Parameter P[ZCA_SUPPORTED] bound to: 1'b1 
	Parameter P[ZCB_SUPPORTED] bound to: 1'b0 
	Parameter P[ZCD_SUPPORTED] bound to: 1'b0 
	Parameter P[ZCF_SUPPORTED] bound to: 1'b1 
	Parameter P[ZBKB_SUPPORTED] bound to: 1'b0 
	Parameter P[ZBKC_SUPPORTED] bound to: 1'b0 
	Parameter P[ZBKX_SUPPORTED] bound to: 1'b0 
	Parameter P[ZKND_SUPPORTED] bound to: 1'b0 
	Parameter P[ZKNE_SUPPORTED] bound to: 1'b0 
	Parameter P[ZKNH_SUPPORTED] bound to: 1'b0 
	Parameter P[ZKN_SUPPORTED] bound to: 1'b0 
	Parameter P[USE_SRAM] bound to: 1'b1 
	Parameter P[M_MODE] bound to: 2'b00 
	Parameter P[S_MODE] bound to: 2'b01 
	Parameter P[U_MODE] bound to: 2'b10 
	Parameter P[VPN_SEGMENT_BITS] bound to: 32'sb00000000000000000000000000000011 
	Parameter P[VPN_BITS] bound to: 32'sb00000000000000000000000000000100 
	Parameter P[PPN_BITS] bound to: 32'sb00000000000000000000000000100000 
	Parameter P[PA_BITS] bound to: 32'sb00000000000000000000000001000000 
	Parameter P[SVMODE_BITS] bound to: 32'sb00000000000000000000000000000011 
	Parameter P[ASID_BASE] bound to: 32'sb00000000000000000000000000000100 
	Parameter P[ASID_BITS] bound to: 32'sb00000000000000000000000000000100 
	Parameter P[NO_TRANSLATE] bound to: 4'b0011 
	Parameter P[SV32] bound to: 4'b0000 
	Parameter P[SV39] bound to: 4'b0001 
	Parameter P[SV48] bound to: 4'b0010 
	Parameter P[A_SUPPORTED] bound to: 1'b0 
	Parameter P[B_SUPPORTED] bound to: 1'b0 
	Parameter P[C_SUPPORTED] bound to: 1'b0 
	Parameter P[D_SUPPORTED] bound to: 1'b0 
	Parameter P[E_SUPPORTED] bound to: 1'b0 
	Parameter P[F_SUPPORTED] bound to: 1'b0 
	Parameter P[I_SUPPORTED] bound to: 1'b0 
	Parameter P[M_SUPPORTED] bound to: 1'b1 
	Parameter P[Q_SUPPORTED] bound to: 1'b0 
	Parameter P[S_SUPPORTED] bound to: 1'b1 
	Parameter P[U_SUPPORTED] bound to: 1'b1 
	Parameter P[LOG_XLEN] bound to: 32'sb00000000000000000000000000000110 
	Parameter P[FLEN] bound to: 32'sb00000000000000000000000001000000 
	Parameter P[LLEN] bound to: 32'sb00000000000000000000000001000000 
	Parameter INSTR_CLASS_PRED bound to: 1 - type: integer 
	Parameter P[XLEN] bound to: 32'sb00000000000000000000000001000000 
	Parameter P[IEEE754] bound to: 1'b0 
	Parameter P[MISA] bound to: 32'sb00000000000000000000000000000000 
	Parameter P[AHBW] bound to: 32'sb00000000000000000000000001000000 
	Parameter P[RAM_LATENCY] bound to: 32'sb00000000000000000000000000000000 
	Parameter P[BURST_EN] bound to: 1'b1 
	Parameter P[ZICSR_SUPPORTED] bound to: 1'b1 
	Parameter P[ZIFENCEI_SUPPORTED] bound to: 1'b1 
	Parameter P[COUNTERS] bound to: 12'b000000100000 
	Parameter P[ZICNTR_SUPPORTED] bound to: 1'b1 
	Parameter P[ZIHPM_SUPPORTED] bound to: 1'b1 
	Parameter P[ZFH_SUPPORTED] bound to: 1'b1 
	Parameter P[ZFA_SUPPORTED] bound to: 1'b1 
	Parameter P[SSTC_SUPPORTED] bound to: 1'b1 
	Parameter P[VIRTMEM_SUPPORTED] bound to: 1'b1 
	Parameter P[VECTORED_INTERRUPTS_SUPPORTED] bound to: 1'b1 
	Parameter P[BIGENDIAN_SUPPORTED] bound to: 1'b1 
	Parameter P[SVADU_SUPPORTED] bound to: 1'b1 
	Parameter P[ZMMUL_SUPPORTED] bound to: 1'b1 
	Parameter P[ZICBOM_SUPPORTED] bound to: 1'b1 
	Parameter P[ZICBOZ_SUPPORTED] bound to: 1'b1 
	Parameter P[ZICBOP_SUPPORTED] bound to: 1'b1 
	Parameter P[ZICCLSM_SUPPORTED] bound to: 1'b1 
	Parameter P[ZICOND_SUPPORTED] bound to: 1'b1 
	Parameter P[SVPBMT_SUPPORTED] bound to: 1'b1 
	Parameter P[SVNAPOT_SUPPORTED] bound to: 1'b1 
	Parameter P[SVINVAL_SUPPORTED] bound to: 1'b1 
	Parameter P[ZAAMO_SUPPORTED] bound to: 1'b1 
	Parameter P[ZALRSC_SUPPORTED] bound to: 1'b1 
	Parameter P[BUS_SUPPORTED] bound to: 1'b1 
	Parameter P[DCACHE_SUPPORTED] bound to: 1'b1 
	Parameter P[ICACHE_SUPPORTED] bound to: 1'b1 
	Parameter P[ITLB_ENTRIES] bound to: 32'sb00000000000000000000000000100000 
	Parameter P[DTLB_ENTRIES] bound to: 32'sb00000000000000000000000000100000 
	Parameter P[DCACHE_NUMWAYS] bound to: 32'sb00000000000000000000000000000100 
	Parameter P[DCACHE_WAYSIZEINBYTES] bound to: 32'sb00000000000000000001000000000000 
	Parameter P[DCACHE_LINELENINBITS] bound to: 32'sb00000000000000000000001000000000 
	Parameter P[ICACHE_NUMWAYS] bound to: 32'sb00000000000000000000000000000100 
	Parameter P[ICACHE_WAYSIZEINBYTES] bound to: 32'sb00000000000000000001000000000000 
	Parameter P[ICACHE_LINELENINBITS] bound to: 32'sb00000000000000000000001000000000 
	Parameter P[CACHE_SRAMLEN] bound to: 32'sb00000000000000000000000010000000 
	Parameter P[IDIV_BITSPERCYCLE] bound to: 32'sb00000000000000000000000000000100 
	Parameter P[IDIV_ON_FPU] bound to: 1'b1 
	Parameter P[PMP_ENTRIES] bound to: 32'sb00000000000000000000000000010000 
	Parameter P[RESET_VECTOR] bound to: 64'b0000000000000000000000000000000010000000000000000000000000000000 
	Parameter P[WFI_TIMEOUT_BIT] bound to: 32'sb00000000000000000000000000010000 
	Parameter P[DTIM_SUPPORTED] bound to: 1'b0 
	Parameter P[DTIM_BASE] bound to: 64'b0000000000000000000000000000000010000000000000000000000000000000 
	Parameter P[DTIM_RANGE] bound to: 64'b0000000000000000000000000000000000000000011111111111111111111111 
	Parameter P[IROM_SUPPORTED] bound to: 1'b0 
	Parameter P[IROM_BASE] bound to: 64'b0000000000000000000000000000000010000000000000000000000000000000 
	Parameter P[IROM_RANGE] bound to: 64'b0000000000000000000000000000000000000000011111111111111111111111 
	Parameter P[BOOTROM_SUPPORTED] bound to: 1'b0 
	Parameter P[BOOTROM_BASE] bound to: 64'b0000000000000000000000000000000000000000000000000001000000000000 
	Parameter P[BOOTROM_RANGE] bound to: 64'b0000000000000000000000000000000000000000000000000000111111111111 
	Parameter P[BOOTROM_PRELOAD] bound to: 1'b0 
	Parameter P[UNCORE_RAM_SUPPORTED] bound to: 1'b1 
	Parameter P[UNCORE_RAM_BASE] bound to: 64'b0000000000000000000000000000000010000000000000000000000000000000 
	Parameter P[UNCORE_RAM_RANGE] bound to: 64'b0000000000000000000000000000000000000000000000001001000000000000 
	Parameter P[UNCORE_RAM_PRELOAD] bound to: 1'b0 
	Parameter P[EXT_MEM_SUPPORTED] bound to: 1'b0 
	Parameter P[EXT_MEM_BASE] bound to: 64'b0000000000000000000000000000000010000000000000000000000000000000 
	Parameter P[EXT_MEM_RANGE] bound to: 64'b0000000000000000000000000000000000000111111111111111111111111111 
	Parameter P[CLINT_SUPPORTED] bound to: 1'b0 
	Parameter P[CLINT_BASE] bound to: 64'b0000000000000000000000000000000000000010000000000000000000000000 
	Parameter P[CLINT_RANGE] bound to: 64'b0000000000000000000000000000000000000000000000001111111111111111 
	Parameter P[GPIO_SUPPORTED] bound to: 1'b0 
	Parameter P[GPIO_BASE] bound to: 64'b0000000000000000000000000000000000010000000001100000000000000000 
	Parameter P[GPIO_RANGE] bound to: 64'b0000000000000000000000000000000000000000000000000000000011111111 
	Parameter P[UART_SUPPORTED] bound to: 1'b1 
	Parameter P[UART_BASE] bound to: 64'b0000000000000000000000000000000000010000000000000000000000000000 
	Parameter P[UART_RANGE] bound to: 64'b0000000000000000000000000000000000000000000000000000000000000111 
	Parameter P[PLIC_SUPPORTED] bound to: 1'b0 
	Parameter P[PLIC_BASE] bound to: 64'b0000000000000000000000000000000000001100000000000000000000000000 
	Parameter P[PLIC_RANGE] bound to: 64'b0000000000000000000000000000000000000011111111111111111111111111 
	Parameter P[SDC_SUPPORTED] bound to: 1'b0 
	Parameter P[SDC_BASE] bound to: 64'b0000000000000000000000000000000000000000000000010011000000000000 
	Parameter P[SDC_RANGE] bound to: 64'b0000000000000000000000000000000000000000000000000000000001111111 
	Parameter P[SPI_SUPPORTED] bound to: 1'b0 
	Parameter P[SPI_BASE] bound to: 64'b0000000000000000000000000000000000010000000001000000000000000000 
	Parameter P[SPI_RANGE] bound to: 64'b0000000000000000000000000000000000000000000000000000111111111111 
	Parameter P[GPIO_LOOPBACK_TEST] bound to: 1'b0 
	Parameter P[SPI_LOOPBACK_TEST] bound to: 1'b1 
	Parameter P[UART_PRESCALE] bound to: 32'sb00000000000000000000000000000001 
	Parameter P[PLIC_NUM_SRC] bound to: 32'sb00000000000000000000000000001010 
	Parameter P[PLIC_NUM_SRC_LT_32] bound to: 1'b1 
	Parameter P[PLIC_GPIO_ID] bound to: 32'sb00000000000000000000000000000011 
	Parameter P[PLIC_UART_ID] bound to: 32'sb00000000000000000000000000001010 
	Parameter P[PLIC_SPI_ID] bound to: 32'sb00000000000000000000000000000110 
	Parameter P[PLIC_SDC_ID] bound to: 32'sb00000000000000000000000000001001 
	Parameter P[BPRED_SUPPORTED] bound to: 1'b1 
	Parameter P[BPRED_TYPE] bound to: 32'b00000000000000000000000000000100 
	Parameter P[BPRED_NUM_LHR] bound to: 32'sb00000000000000000000000000000110 
	Parameter P[BPRED_SIZE] bound to: 32'sb00000000000000000000000000001010 
	Parameter P[BTB_SIZE] bound to: 32'sb00000000000000000000000000001010 
	Parameter P[RAS_SIZE] bound to: 32'sb00000000000000000000000000010000 
	Parameter P[INSTR_CLASS_PRED] bound to: 1'b1 
	Parameter P[RADIX] bound to: 32'sb00000000000000000000000000000100 
	Parameter P[DIVCOPIES] bound to: 32'sb00000000000000000000000000000100 
	Parameter P[ZBA_SUPPORTED] bound to: 1'b0 
	Parameter P[ZBB_SUPPORTED] bound to: 1'b1 
	Parameter P[ZBC_SUPPORTED] bound to: 1'b0 
	Parameter P[ZBS_SUPPORTED] bound to: 1'b0 
	Parameter P[ZCA_SUPPORTED] bound to: 1'b1 
	Parameter P[ZCB_SUPPORTED] bound to: 1'b0 
	Parameter P[ZCD_SUPPORTED] bound to: 1'b0 
	Parameter P[ZCF_SUPPORTED] bound to: 1'b1 
	Parameter P[ZBKB_SUPPORTED] bound to: 1'b0 
	Parameter P[ZBKC_SUPPORTED] bound to: 1'b0 
	Parameter P[ZBKX_SUPPORTED] bound to: 1'b0 
	Parameter P[ZKND_SUPPORTED] bound to: 1'b0 
	Parameter P[ZKNE_SUPPORTED] bound to: 1'b0 
	Parameter P[ZKNH_SUPPORTED] bound to: 1'b0 
	Parameter P[ZKN_SUPPORTED] bound to: 1'b0 
	Parameter P[USE_SRAM] bound to: 1'b1 
	Parameter P[M_MODE] bound to: 2'b00 
	Parameter P[S_MODE] bound to: 2'b01 
	Parameter P[U_MODE] bound to: 2'b10 
	Parameter P[VPN_SEGMENT_BITS] bound to: 32'sb00000000000000000000000000000011 
	Parameter P[VPN_BITS] bound to: 32'sb00000000000000000000000000000100 
	Parameter P[PPN_BITS] bound to: 32'sb00000000000000000000000000100000 
	Parameter P[PA_BITS] bound to: 32'sb00000000000000000000000001000000 
	Parameter P[SVMODE_BITS] bound to: 32'sb00000000000000000000000000000011 
	Parameter P[ASID_BASE] bound to: 32'sb00000000000000000000000000000100 
	Parameter P[ASID_BITS] bound to: 32'sb00000000000000000000000000000100 
	Parameter P[NO_TRANSLATE] bound to: 4'b0011 
	Parameter P[SV32] bound to: 4'b0000 
	Parameter P[SV39] bound to: 4'b0001 
	Parameter P[SV48] bound to: 4'b0010 
	Parameter P[A_SUPPORTED] bound to: 1'b0 
	Parameter P[B_SUPPORTED] bound to: 1'b0 
	Parameter P[C_SUPPORTED] bound to: 1'b0 
	Parameter P[D_SUPPORTED] bound to: 1'b0 
	Parameter P[E_SUPPORTED] bound to: 1'b0 
	Parameter P[F_SUPPORTED] bound to: 1'b0 
	Parameter P[I_SUPPORTED] bound to: 1'b0 
	Parameter P[M_SUPPORTED] bound to: 1'b1 
	Parameter P[Q_SUPPORTED] bound to: 1'b0 
	Parameter P[S_SUPPORTED] bound to: 1'b1 
	Parameter P[U_SUPPORTED] bound to: 1'b1 
	Parameter P[LOG_XLEN] bound to: 32'sb00000000000000000000000000000110 
	Parameter P[FLEN] bound to: 32'sb00000000000000000000000001000000 
	Parameter P[LLEN] bound to: 32'sb00000000000000000000000001000000 
	Parameter P[XLEN] bound to: 32'sb00000000000000000000000001000000 
	Parameter P[IEEE754] bound to: 1'b0 
	Parameter P[MISA] bound to: 32'sb00000000000000000000000000000000 
	Parameter P[AHBW] bound to: 32'sb00000000000000000000000001000000 
	Parameter P[RAM_LATENCY] bound to: 32'sb00000000000000000000000000000000 
	Parameter P[BURST_EN] bound to: 1'b1 
	Parameter P[ZICSR_SUPPORTED] bound to: 1'b1 
	Parameter P[ZIFENCEI_SUPPORTED] bound to: 1'b1 
	Parameter P[COUNTERS] bound to: 12'b000000100000 
	Parameter P[ZICNTR_SUPPORTED] bound to: 1'b1 
	Parameter P[ZIHPM_SUPPORTED] bound to: 1'b1 
	Parameter P[ZFH_SUPPORTED] bound to: 1'b1 
	Parameter P[ZFA_SUPPORTED] bound to: 1'b1 
	Parameter P[SSTC_SUPPORTED] bound to: 1'b1 
	Parameter P[VIRTMEM_SUPPORTED] bound to: 1'b1 
	Parameter P[VECTORED_INTERRUPTS_SUPPORTED] bound to: 1'b1 
	Parameter P[BIGENDIAN_SUPPORTED] bound to: 1'b1 
	Parameter P[SVADU_SUPPORTED] bound to: 1'b1 
	Parameter P[ZMMUL_SUPPORTED] bound to: 1'b1 
	Parameter P[ZICBOM_SUPPORTED] bound to: 1'b1 
	Parameter P[ZICBOZ_SUPPORTED] bound to: 1'b1 
	Parameter P[ZICBOP_SUPPORTED] bound to: 1'b1 
	Parameter P[ZICCLSM_SUPPORTED] bound to: 1'b1 
	Parameter P[ZICOND_SUPPORTED] bound to: 1'b1 
	Parameter P[SVPBMT_SUPPORTED] bound to: 1'b1 
	Parameter P[SVNAPOT_SUPPORTED] bound to: 1'b1 
	Parameter P[SVINVAL_SUPPORTED] bound to: 1'b1 
	Parameter P[ZAAMO_SUPPORTED] bound to: 1'b1 
	Parameter P[ZALRSC_SUPPORTED] bound to: 1'b1 
	Parameter P[BUS_SUPPORTED] bound to: 1'b1 
	Parameter P[DCACHE_SUPPORTED] bound to: 1'b1 
	Parameter P[ICACHE_SUPPORTED] bound to: 1'b1 
	Parameter P[ITLB_ENTRIES] bound to: 32'sb00000000000000000000000000100000 
	Parameter P[DTLB_ENTRIES] bound to: 32'sb00000000000000000000000000100000 
	Parameter P[DCACHE_NUMWAYS] bound to: 32'sb00000000000000000000000000000100 
	Parameter P[DCACHE_WAYSIZEINBYTES] bound to: 32'sb00000000000000000001000000000000 
	Parameter P[DCACHE_LINELENINBITS] bound to: 32'sb00000000000000000000001000000000 
	Parameter P[ICACHE_NUMWAYS] bound to: 32'sb00000000000000000000000000000100 
	Parameter P[ICACHE_WAYSIZEINBYTES] bound to: 32'sb00000000000000000001000000000000 
	Parameter P[ICACHE_LINELENINBITS] bound to: 32'sb00000000000000000000001000000000 
	Parameter P[CACHE_SRAMLEN] bound to: 32'sb00000000000000000000000010000000 
	Parameter P[IDIV_BITSPERCYCLE] bound to: 32'sb00000000000000000000000000000100 
	Parameter P[IDIV_ON_FPU] bound to: 1'b1 
	Parameter P[PMP_ENTRIES] bound to: 32'sb00000000000000000000000000010000 
	Parameter P[RESET_VECTOR] bound to: 64'b0000000000000000000000000000000010000000000000000000000000000000 
	Parameter P[WFI_TIMEOUT_BIT] bound to: 32'sb00000000000000000000000000010000 
	Parameter P[DTIM_SUPPORTED] bound to: 1'b0 
	Parameter P[DTIM_BASE] bound to: 64'b0000000000000000000000000000000010000000000000000000000000000000 
	Parameter P[DTIM_RANGE] bound to: 64'b0000000000000000000000000000000000000000011111111111111111111111 
	Parameter P[IROM_SUPPORTED] bound to: 1'b0 
	Parameter P[IROM_BASE] bound to: 64'b0000000000000000000000000000000010000000000000000000000000000000 
	Parameter P[IROM_RANGE] bound to: 64'b0000000000000000000000000000000000000000011111111111111111111111 
	Parameter P[BOOTROM_SUPPORTED] bound to: 1'b0 
	Parameter P[BOOTROM_BASE] bound to: 64'b0000000000000000000000000000000000000000000000000001000000000000 
	Parameter P[BOOTROM_RANGE] bound to: 64'b0000000000000000000000000000000000000000000000000000111111111111 
	Parameter P[BOOTROM_PRELOAD] bound to: 1'b0 
	Parameter P[UNCORE_RAM_SUPPORTED] bound to: 1'b1 
	Parameter P[UNCORE_RAM_BASE] bound to: 64'b0000000000000000000000000000000010000000000000000000000000000000 
	Parameter P[UNCORE_RAM_RANGE] bound to: 64'b0000000000000000000000000000000000000000000000001001000000000000 
	Parameter P[UNCORE_RAM_PRELOAD] bound to: 1'b0 
	Parameter P[EXT_MEM_SUPPORTED] bound to: 1'b0 
	Parameter P[EXT_MEM_BASE] bound to: 64'b0000000000000000000000000000000010000000000000000000000000000000 
	Parameter P[EXT_MEM_RANGE] bound to: 64'b0000000000000000000000000000000000000111111111111111111111111111 
	Parameter P[CLINT_SUPPORTED] bound to: 1'b0 
	Parameter P[CLINT_BASE] bound to: 64'b0000000000000000000000000000000000000010000000000000000000000000 
	Parameter P[CLINT_RANGE] bound to: 64'b0000000000000000000000000000000000000000000000001111111111111111 
	Parameter P[GPIO_SUPPORTED] bound to: 1'b0 
	Parameter P[GPIO_BASE] bound to: 64'b0000000000000000000000000000000000010000000001100000000000000000 
	Parameter P[GPIO_RANGE] bound to: 64'b0000000000000000000000000000000000000000000000000000000011111111 
	Parameter P[UART_SUPPORTED] bound to: 1'b1 
	Parameter P[UART_BASE] bound to: 64'b0000000000000000000000000000000000010000000000000000000000000000 
	Parameter P[UART_RANGE] bound to: 64'b0000000000000000000000000000000000000000000000000000000000000111 
	Parameter P[PLIC_SUPPORTED] bound to: 1'b0 
	Parameter P[PLIC_BASE] bound to: 64'b0000000000000000000000000000000000001100000000000000000000000000 
	Parameter P[PLIC_RANGE] bound to: 64'b0000000000000000000000000000000000000011111111111111111111111111 
	Parameter P[SDC_SUPPORTED] bound to: 1'b0 
	Parameter P[SDC_BASE] bound to: 64'b0000000000000000000000000000000000000000000000010011000000000000 
	Parameter P[SDC_RANGE] bound to: 64'b0000000000000000000000000000000000000000000000000000000001111111 
	Parameter P[SPI_SUPPORTED] bound to: 1'b0 
	Parameter P[SPI_BASE] bound to: 64'b0000000000000000000000000000000000010000000001000000000000000000 
	Parameter P[SPI_RANGE] bound to: 64'b0000000000000000000000000000000000000000000000000000111111111111 
	Parameter P[GPIO_LOOPBACK_TEST] bound to: 1'b0 
	Parameter P[SPI_LOOPBACK_TEST] bound to: 1'b1 
	Parameter P[UART_PRESCALE] bound to: 32'sb00000000000000000000000000000001 
	Parameter P[PLIC_NUM_SRC] bound to: 32'sb00000000000000000000000000001010 
	Parameter P[PLIC_NUM_SRC_LT_32] bound to: 1'b1 
	Parameter P[PLIC_GPIO_ID] bound to: 32'sb00000000000000000000000000000011 
	Parameter P[PLIC_UART_ID] bound to: 32'sb00000000000000000000000000001010 
	Parameter P[PLIC_SPI_ID] bound to: 32'sb00000000000000000000000000000110 
	Parameter P[PLIC_SDC_ID] bound to: 32'sb00000000000000000000000000001001 
	Parameter P[BPRED_SUPPORTED] bound to: 1'b1 
	Parameter P[BPRED_TYPE] bound to: 32'b00000000000000000000000000000100 
	Parameter P[BPRED_NUM_LHR] bound to: 32'sb00000000000000000000000000000110 
	Parameter P[BPRED_SIZE] bound to: 32'sb00000000000000000000000000001010 
	Parameter P[BTB_SIZE] bound to: 32'sb00000000000000000000000000001010 
	Parameter P[RAS_SIZE] bound to: 32'sb00000000000000000000000000010000 
	Parameter P[INSTR_CLASS_PRED] bound to: 1'b1 
	Parameter P[RADIX] bound to: 32'sb00000000000000000000000000000100 
	Parameter P[DIVCOPIES] bound to: 32'sb00000000000000000000000000000100 
	Parameter P[ZBA_SUPPORTED] bound to: 1'b0 
	Parameter P[ZBB_SUPPORTED] bound to: 1'b1 
	Parameter P[ZBC_SUPPORTED] bound to: 1'b0 
	Parameter P[ZBS_SUPPORTED] bound to: 1'b0 
	Parameter P[ZCA_SUPPORTED] bound to: 1'b1 
	Parameter P[ZCB_SUPPORTED] bound to: 1'b0 
	Parameter P[ZCD_SUPPORTED] bound to: 1'b0 
	Parameter P[ZCF_SUPPORTED] bound to: 1'b1 
	Parameter P[ZBKB_SUPPORTED] bound to: 1'b0 
	Parameter P[ZBKC_SUPPORTED] bound to: 1'b0 
	Parameter P[ZBKX_SUPPORTED] bound to: 1'b0 
	Parameter P[ZKND_SUPPORTED] bound to: 1'b0 
	Parameter P[ZKNE_SUPPORTED] bound to: 1'b0 
	Parameter P[ZKNH_SUPPORTED] bound to: 1'b0 
	Parameter P[ZKN_SUPPORTED] bound to: 1'b0 
	Parameter P[USE_SRAM] bound to: 1'b1 
	Parameter P[M_MODE] bound to: 2'b00 
	Parameter P[S_MODE] bound to: 2'b01 
	Parameter P[U_MODE] bound to: 2'b10 
	Parameter P[VPN_SEGMENT_BITS] bound to: 32'sb00000000000000000000000000000011 
	Parameter P[VPN_BITS] bound to: 32'sb00000000000000000000000000000100 
	Parameter P[PPN_BITS] bound to: 32'sb00000000000000000000000000100000 
	Parameter P[PA_BITS] bound to: 32'sb00000000000000000000000001000000 
	Parameter P[SVMODE_BITS] bound to: 32'sb00000000000000000000000000000011 
	Parameter P[ASID_BASE] bound to: 32'sb00000000000000000000000000000100 
	Parameter P[ASID_BITS] bound to: 32'sb00000000000000000000000000000100 
	Parameter P[NO_TRANSLATE] bound to: 4'b0011 
	Parameter P[SV32] bound to: 4'b0000 
	Parameter P[SV39] bound to: 4'b0001 
	Parameter P[SV48] bound to: 4'b0010 
	Parameter P[A_SUPPORTED] bound to: 1'b0 
	Parameter P[B_SUPPORTED] bound to: 1'b0 
	Parameter P[C_SUPPORTED] bound to: 1'b0 
	Parameter P[D_SUPPORTED] bound to: 1'b0 
	Parameter P[E_SUPPORTED] bound to: 1'b0 
	Parameter P[F_SUPPORTED] bound to: 1'b0 
	Parameter P[I_SUPPORTED] bound to: 1'b0 
	Parameter P[M_SUPPORTED] bound to: 1'b1 
	Parameter P[Q_SUPPORTED] bound to: 1'b0 
	Parameter P[S_SUPPORTED] bound to: 1'b1 
	Parameter P[U_SUPPORTED] bound to: 1'b1 
	Parameter P[LOG_XLEN] bound to: 32'sb00000000000000000000000000000110 
	Parameter P[FLEN] bound to: 32'sb00000000000000000000000001000000 
	Parameter P[LLEN] bound to: 32'sb00000000000000000000000001000000 
	Parameter WIDTH bound to: 16 - type: integer 
	Parameter WIDTH bound to: 32 - type: integer 
	Parameter P[XLEN] bound to: 32'sb00000000000000000000000001000000 
	Parameter P[IEEE754] bound to: 1'b0 
	Parameter P[MISA] bound to: 32'sb00000000000000000000000000000000 
	Parameter P[AHBW] bound to: 32'sb00000000000000000000000001000000 
	Parameter P[RAM_LATENCY] bound to: 32'sb00000000000000000000000000000000 
	Parameter P[BURST_EN] bound to: 1'b1 
	Parameter P[ZICSR_SUPPORTED] bound to: 1'b1 
	Parameter P[ZIFENCEI_SUPPORTED] bound to: 1'b1 
	Parameter P[COUNTERS] bound to: 12'b000000100000 
	Parameter P[ZICNTR_SUPPORTED] bound to: 1'b1 
	Parameter P[ZIHPM_SUPPORTED] bound to: 1'b1 
	Parameter P[ZFH_SUPPORTED] bound to: 1'b1 
	Parameter P[ZFA_SUPPORTED] bound to: 1'b1 
	Parameter P[SSTC_SUPPORTED] bound to: 1'b1 
	Parameter P[VIRTMEM_SUPPORTED] bound to: 1'b1 
	Parameter P[VECTORED_INTERRUPTS_SUPPORTED] bound to: 1'b1 
	Parameter P[BIGENDIAN_SUPPORTED] bound to: 1'b1 
	Parameter P[SVADU_SUPPORTED] bound to: 1'b1 
	Parameter P[ZMMUL_SUPPORTED] bound to: 1'b1 
	Parameter P[ZICBOM_SUPPORTED] bound to: 1'b1 
	Parameter P[ZICBOZ_SUPPORTED] bound to: 1'b1 
	Parameter P[ZICBOP_SUPPORTED] bound to: 1'b1 
	Parameter P[ZICCLSM_SUPPORTED] bound to: 1'b1 
	Parameter P[ZICOND_SUPPORTED] bound to: 1'b1 
	Parameter P[SVPBMT_SUPPORTED] bound to: 1'b1 
	Parameter P[SVNAPOT_SUPPORTED] bound to: 1'b1 
	Parameter P[SVINVAL_SUPPORTED] bound to: 1'b1 
	Parameter P[ZAAMO_SUPPORTED] bound to: 1'b1 
	Parameter P[ZALRSC_SUPPORTED] bound to: 1'b1 
	Parameter P[BUS_SUPPORTED] bound to: 1'b1 
	Parameter P[DCACHE_SUPPORTED] bound to: 1'b1 
	Parameter P[ICACHE_SUPPORTED] bound to: 1'b1 
	Parameter P[ITLB_ENTRIES] bound to: 32'sb00000000000000000000000000100000 
	Parameter P[DTLB_ENTRIES] bound to: 32'sb00000000000000000000000000100000 
	Parameter P[DCACHE_NUMWAYS] bound to: 32'sb00000000000000000000000000000100 
	Parameter P[DCACHE_WAYSIZEINBYTES] bound to: 32'sb00000000000000000001000000000000 
	Parameter P[DCACHE_LINELENINBITS] bound to: 32'sb00000000000000000000001000000000 
	Parameter P[ICACHE_NUMWAYS] bound to: 32'sb00000000000000000000000000000100 
	Parameter P[ICACHE_WAYSIZEINBYTES] bound to: 32'sb00000000000000000001000000000000 
	Parameter P[ICACHE_LINELENINBITS] bound to: 32'sb00000000000000000000001000000000 
	Parameter P[CACHE_SRAMLEN] bound to: 32'sb00000000000000000000000010000000 
	Parameter P[IDIV_BITSPERCYCLE] bound to: 32'sb00000000000000000000000000000100 
	Parameter P[IDIV_ON_FPU] bound to: 1'b1 
	Parameter P[PMP_ENTRIES] bound to: 32'sb00000000000000000000000000010000 
	Parameter P[RESET_VECTOR] bound to: 64'b0000000000000000000000000000000010000000000000000000000000000000 
	Parameter P[WFI_TIMEOUT_BIT] bound to: 32'sb00000000000000000000000000010000 
	Parameter P[DTIM_SUPPORTED] bound to: 1'b0 
	Parameter P[DTIM_BASE] bound to: 64'b0000000000000000000000000000000010000000000000000000000000000000 
	Parameter P[DTIM_RANGE] bound to: 64'b0000000000000000000000000000000000000000011111111111111111111111 
	Parameter P[IROM_SUPPORTED] bound to: 1'b0 
	Parameter P[IROM_BASE] bound to: 64'b0000000000000000000000000000000010000000000000000000000000000000 
	Parameter P[IROM_RANGE] bound to: 64'b0000000000000000000000000000000000000000011111111111111111111111 
	Parameter P[BOOTROM_SUPPORTED] bound to: 1'b0 
	Parameter P[BOOTROM_BASE] bound to: 64'b0000000000000000000000000000000000000000000000000001000000000000 
	Parameter P[BOOTROM_RANGE] bound to: 64'b0000000000000000000000000000000000000000000000000000111111111111 
	Parameter P[BOOTROM_PRELOAD] bound to: 1'b0 
	Parameter P[UNCORE_RAM_SUPPORTED] bound to: 1'b1 
	Parameter P[UNCORE_RAM_BASE] bound to: 64'b0000000000000000000000000000000010000000000000000000000000000000 
	Parameter P[UNCORE_RAM_RANGE] bound to: 64'b0000000000000000000000000000000000000000000000001001000000000000 
	Parameter P[UNCORE_RAM_PRELOAD] bound to: 1'b0 
	Parameter P[EXT_MEM_SUPPORTED] bound to: 1'b0 
	Parameter P[EXT_MEM_BASE] bound to: 64'b0000000000000000000000000000000010000000000000000000000000000000 
	Parameter P[EXT_MEM_RANGE] bound to: 64'b0000000000000000000000000000000000000111111111111111111111111111 
	Parameter P[CLINT_SUPPORTED] bound to: 1'b0 
	Parameter P[CLINT_BASE] bound to: 64'b0000000000000000000000000000000000000010000000000000000000000000 
	Parameter P[CLINT_RANGE] bound to: 64'b0000000000000000000000000000000000000000000000001111111111111111 
	Parameter P[GPIO_SUPPORTED] bound to: 1'b0 
	Parameter P[GPIO_BASE] bound to: 64'b0000000000000000000000000000000000010000000001100000000000000000 
	Parameter P[GPIO_RANGE] bound to: 64'b0000000000000000000000000000000000000000000000000000000011111111 
	Parameter P[UART_SUPPORTED] bound to: 1'b1 
	Parameter P[UART_BASE] bound to: 64'b0000000000000000000000000000000000010000000000000000000000000000 
	Parameter P[UART_RANGE] bound to: 64'b0000000000000000000000000000000000000000000000000000000000000111 
	Parameter P[PLIC_SUPPORTED] bound to: 1'b0 
	Parameter P[PLIC_BASE] bound to: 64'b0000000000000000000000000000000000001100000000000000000000000000 
	Parameter P[PLIC_RANGE] bound to: 64'b0000000000000000000000000000000000000011111111111111111111111111 
	Parameter P[SDC_SUPPORTED] bound to: 1'b0 
	Parameter P[SDC_BASE] bound to: 64'b0000000000000000000000000000000000000000000000010011000000000000 
	Parameter P[SDC_RANGE] bound to: 64'b0000000000000000000000000000000000000000000000000000000001111111 
	Parameter P[SPI_SUPPORTED] bound to: 1'b0 
	Parameter P[SPI_BASE] bound to: 64'b0000000000000000000000000000000000010000000001000000000000000000 
	Parameter P[SPI_RANGE] bound to: 64'b0000000000000000000000000000000000000000000000000000111111111111 
	Parameter P[GPIO_LOOPBACK_TEST] bound to: 1'b0 
	Parameter P[SPI_LOOPBACK_TEST] bound to: 1'b1 
	Parameter P[UART_PRESCALE] bound to: 32'sb00000000000000000000000000000001 
	Parameter P[PLIC_NUM_SRC] bound to: 32'sb00000000000000000000000000001010 
	Parameter P[PLIC_NUM_SRC_LT_32] bound to: 1'b1 
	Parameter P[PLIC_GPIO_ID] bound to: 32'sb00000000000000000000000000000011 
	Parameter P[PLIC_UART_ID] bound to: 32'sb00000000000000000000000000001010 
	Parameter P[PLIC_SPI_ID] bound to: 32'sb00000000000000000000000000000110 
	Parameter P[PLIC_SDC_ID] bound to: 32'sb00000000000000000000000000001001 
	Parameter P[BPRED_SUPPORTED] bound to: 1'b1 
	Parameter P[BPRED_TYPE] bound to: 32'b00000000000000000000000000000100 
	Parameter P[BPRED_NUM_LHR] bound to: 32'sb00000000000000000000000000000110 
	Parameter P[BPRED_SIZE] bound to: 32'sb00000000000000000000000000001010 
	Parameter P[BTB_SIZE] bound to: 32'sb00000000000000000000000000001010 
	Parameter P[RAS_SIZE] bound to: 32'sb00000000000000000000000000010000 
	Parameter P[INSTR_CLASS_PRED] bound to: 1'b1 
	Parameter P[RADIX] bound to: 32'sb00000000000000000000000000000100 
	Parameter P[DIVCOPIES] bound to: 32'sb00000000000000000000000000000100 
	Parameter P[ZBA_SUPPORTED] bound to: 1'b0 
	Parameter P[ZBB_SUPPORTED] bound to: 1'b1 
	Parameter P[ZBC_SUPPORTED] bound to: 1'b0 
	Parameter P[ZBS_SUPPORTED] bound to: 1'b0 
	Parameter P[ZCA_SUPPORTED] bound to: 1'b1 
	Parameter P[ZCB_SUPPORTED] bound to: 1'b0 
	Parameter P[ZCD_SUPPORTED] bound to: 1'b0 
	Parameter P[ZCF_SUPPORTED] bound to: 1'b1 
	Parameter P[ZBKB_SUPPORTED] bound to: 1'b0 
	Parameter P[ZBKC_SUPPORTED] bound to: 1'b0 
	Parameter P[ZBKX_SUPPORTED] bound to: 1'b0 
	Parameter P[ZKND_SUPPORTED] bound to: 1'b0 
	Parameter P[ZKNE_SUPPORTED] bound to: 1'b0 
	Parameter P[ZKNH_SUPPORTED] bound to: 1'b0 
	Parameter P[ZKN_SUPPORTED] bound to: 1'b0 
	Parameter P[USE_SRAM] bound to: 1'b1 
	Parameter P[M_MODE] bound to: 2'b00 
	Parameter P[S_MODE] bound to: 2'b01 
	Parameter P[U_MODE] bound to: 2'b10 
	Parameter P[VPN_SEGMENT_BITS] bound to: 32'sb00000000000000000000000000000011 
	Parameter P[VPN_BITS] bound to: 32'sb00000000000000000000000000000100 
	Parameter P[PPN_BITS] bound to: 32'sb00000000000000000000000000100000 
	Parameter P[PA_BITS] bound to: 32'sb00000000000000000000000001000000 
	Parameter P[SVMODE_BITS] bound to: 32'sb00000000000000000000000000000011 
	Parameter P[ASID_BASE] bound to: 32'sb00000000000000000000000000000100 
	Parameter P[ASID_BITS] bound to: 32'sb00000000000000000000000000000100 
	Parameter P[NO_TRANSLATE] bound to: 4'b0011 
	Parameter P[SV32] bound to: 4'b0000 
	Parameter P[SV39] bound to: 4'b0001 
	Parameter P[SV48] bound to: 4'b0010 
	Parameter P[A_SUPPORTED] bound to: 1'b0 
	Parameter P[B_SUPPORTED] bound to: 1'b0 
	Parameter P[C_SUPPORTED] bound to: 1'b0 
	Parameter P[D_SUPPORTED] bound to: 1'b0 
	Parameter P[E_SUPPORTED] bound to: 1'b0 
	Parameter P[F_SUPPORTED] bound to: 1'b0 
	Parameter P[I_SUPPORTED] bound to: 1'b0 
	Parameter P[M_SUPPORTED] bound to: 1'b1 
	Parameter P[Q_SUPPORTED] bound to: 1'b0 
	Parameter P[S_SUPPORTED] bound to: 1'b1 
	Parameter P[U_SUPPORTED] bound to: 1'b1 
	Parameter P[LOG_XLEN] bound to: 32'sb00000000000000000000000000000110 
	Parameter P[FLEN] bound to: 32'sb00000000000000000000000001000000 
	Parameter P[LLEN] bound to: 32'sb00000000000000000000000001000000 
	Parameter P[XLEN] bound to: 32'sb00000000000000000000000001000000 
	Parameter P[IEEE754] bound to: 1'b0 
	Parameter P[MISA] bound to: 32'sb00000000000000000000000000000000 
	Parameter P[AHBW] bound to: 32'sb00000000000000000000000001000000 
	Parameter P[RAM_LATENCY] bound to: 32'sb00000000000000000000000000000000 
	Parameter P[BURST_EN] bound to: 1'b1 
	Parameter P[ZICSR_SUPPORTED] bound to: 1'b1 
	Parameter P[ZIFENCEI_SUPPORTED] bound to: 1'b1 
	Parameter P[COUNTERS] bound to: 12'b000000100000 
	Parameter P[ZICNTR_SUPPORTED] bound to: 1'b1 
	Parameter P[ZIHPM_SUPPORTED] bound to: 1'b1 
	Parameter P[ZFH_SUPPORTED] bound to: 1'b1 
	Parameter P[ZFA_SUPPORTED] bound to: 1'b1 
	Parameter P[SSTC_SUPPORTED] bound to: 1'b1 
	Parameter P[VIRTMEM_SUPPORTED] bound to: 1'b1 
	Parameter P[VECTORED_INTERRUPTS_SUPPORTED] bound to: 1'b1 
	Parameter P[BIGENDIAN_SUPPORTED] bound to: 1'b1 
	Parameter P[SVADU_SUPPORTED] bound to: 1'b1 
	Parameter P[ZMMUL_SUPPORTED] bound to: 1'b1 
	Parameter P[ZICBOM_SUPPORTED] bound to: 1'b1 
	Parameter P[ZICBOZ_SUPPORTED] bound to: 1'b1 
	Parameter P[ZICBOP_SUPPORTED] bound to: 1'b1 
	Parameter P[ZICCLSM_SUPPORTED] bound to: 1'b1 
	Parameter P[ZICOND_SUPPORTED] bound to: 1'b1 
	Parameter P[SVPBMT_SUPPORTED] bound to: 1'b1 
	Parameter P[SVNAPOT_SUPPORTED] bound to: 1'b1 
	Parameter P[SVINVAL_SUPPORTED] bound to: 1'b1 
	Parameter P[ZAAMO_SUPPORTED] bound to: 1'b1 
	Parameter P[ZALRSC_SUPPORTED] bound to: 1'b1 
	Parameter P[BUS_SUPPORTED] bound to: 1'b1 
	Parameter P[DCACHE_SUPPORTED] bound to: 1'b1 
	Parameter P[ICACHE_SUPPORTED] bound to: 1'b1 
	Parameter P[ITLB_ENTRIES] bound to: 32'sb00000000000000000000000000100000 
	Parameter P[DTLB_ENTRIES] bound to: 32'sb00000000000000000000000000100000 
	Parameter P[DCACHE_NUMWAYS] bound to: 32'sb00000000000000000000000000000100 
	Parameter P[DCACHE_WAYSIZEINBYTES] bound to: 32'sb00000000000000000001000000000000 
	Parameter P[DCACHE_LINELENINBITS] bound to: 32'sb00000000000000000000001000000000 
	Parameter P[ICACHE_NUMWAYS] bound to: 32'sb00000000000000000000000000000100 
	Parameter P[ICACHE_WAYSIZEINBYTES] bound to: 32'sb00000000000000000001000000000000 
	Parameter P[ICACHE_LINELENINBITS] bound to: 32'sb00000000000000000000001000000000 
	Parameter P[CACHE_SRAMLEN] bound to: 32'sb00000000000000000000000010000000 
	Parameter P[IDIV_BITSPERCYCLE] bound to: 32'sb00000000000000000000000000000100 
	Parameter P[IDIV_ON_FPU] bound to: 1'b1 
	Parameter P[PMP_ENTRIES] bound to: 32'sb00000000000000000000000000010000 
	Parameter P[RESET_VECTOR] bound to: 64'b0000000000000000000000000000000010000000000000000000000000000000 
	Parameter P[WFI_TIMEOUT_BIT] bound to: 32'sb00000000000000000000000000010000 
	Parameter P[DTIM_SUPPORTED] bound to: 1'b0 
	Parameter P[DTIM_BASE] bound to: 64'b0000000000000000000000000000000010000000000000000000000000000000 
	Parameter P[DTIM_RANGE] bound to: 64'b0000000000000000000000000000000000000000011111111111111111111111 
	Parameter P[IROM_SUPPORTED] bound to: 1'b0 
	Parameter P[IROM_BASE] bound to: 64'b0000000000000000000000000000000010000000000000000000000000000000 
	Parameter P[IROM_RANGE] bound to: 64'b0000000000000000000000000000000000000000011111111111111111111111 
	Parameter P[BOOTROM_SUPPORTED] bound to: 1'b0 
	Parameter P[BOOTROM_BASE] bound to: 64'b0000000000000000000000000000000000000000000000000001000000000000 
	Parameter P[BOOTROM_RANGE] bound to: 64'b0000000000000000000000000000000000000000000000000000111111111111 
	Parameter P[BOOTROM_PRELOAD] bound to: 1'b0 
	Parameter P[UNCORE_RAM_SUPPORTED] bound to: 1'b1 
	Parameter P[UNCORE_RAM_BASE] bound to: 64'b0000000000000000000000000000000010000000000000000000000000000000 
	Parameter P[UNCORE_RAM_RANGE] bound to: 64'b0000000000000000000000000000000000000000000000001001000000000000 
	Parameter P[UNCORE_RAM_PRELOAD] bound to: 1'b0 
	Parameter P[EXT_MEM_SUPPORTED] bound to: 1'b0 
	Parameter P[EXT_MEM_BASE] bound to: 64'b0000000000000000000000000000000010000000000000000000000000000000 
	Parameter P[EXT_MEM_RANGE] bound to: 64'b0000000000000000000000000000000000000111111111111111111111111111 
	Parameter P[CLINT_SUPPORTED] bound to: 1'b0 
	Parameter P[CLINT_BASE] bound to: 64'b0000000000000000000000000000000000000010000000000000000000000000 
	Parameter P[CLINT_RANGE] bound to: 64'b0000000000000000000000000000000000000000000000001111111111111111 
	Parameter P[GPIO_SUPPORTED] bound to: 1'b0 
	Parameter P[GPIO_BASE] bound to: 64'b0000000000000000000000000000000000010000000001100000000000000000 
	Parameter P[GPIO_RANGE] bound to: 64'b0000000000000000000000000000000000000000000000000000000011111111 
	Parameter P[UART_SUPPORTED] bound to: 1'b1 
	Parameter P[UART_BASE] bound to: 64'b0000000000000000000000000000000000010000000000000000000000000000 
	Parameter P[UART_RANGE] bound to: 64'b0000000000000000000000000000000000000000000000000000000000000111 
	Parameter P[PLIC_SUPPORTED] bound to: 1'b0 
	Parameter P[PLIC_BASE] bound to: 64'b0000000000000000000000000000000000001100000000000000000000000000 
	Parameter P[PLIC_RANGE] bound to: 64'b0000000000000000000000000000000000000011111111111111111111111111 
	Parameter P[SDC_SUPPORTED] bound to: 1'b0 
	Parameter P[SDC_BASE] bound to: 64'b0000000000000000000000000000000000000000000000010011000000000000 
	Parameter P[SDC_RANGE] bound to: 64'b0000000000000000000000000000000000000000000000000000000001111111 
	Parameter P[SPI_SUPPORTED] bound to: 1'b0 
	Parameter P[SPI_BASE] bound to: 64'b0000000000000000000000000000000000010000000001000000000000000000 
	Parameter P[SPI_RANGE] bound to: 64'b0000000000000000000000000000000000000000000000000000111111111111 
	Parameter P[GPIO_LOOPBACK_TEST] bound to: 1'b0 
	Parameter P[SPI_LOOPBACK_TEST] bound to: 1'b1 
	Parameter P[UART_PRESCALE] bound to: 32'sb00000000000000000000000000000001 
	Parameter P[PLIC_NUM_SRC] bound to: 32'sb00000000000000000000000000001010 
	Parameter P[PLIC_NUM_SRC_LT_32] bound to: 1'b1 
	Parameter P[PLIC_GPIO_ID] bound to: 32'sb00000000000000000000000000000011 
	Parameter P[PLIC_UART_ID] bound to: 32'sb00000000000000000000000000001010 
	Parameter P[PLIC_SPI_ID] bound to: 32'sb00000000000000000000000000000110 
	Parameter P[PLIC_SDC_ID] bound to: 32'sb00000000000000000000000000001001 
	Parameter P[BPRED_SUPPORTED] bound to: 1'b1 
	Parameter P[BPRED_TYPE] bound to: 32'b00000000000000000000000000000100 
	Parameter P[BPRED_NUM_LHR] bound to: 32'sb00000000000000000000000000000110 
	Parameter P[BPRED_SIZE] bound to: 32'sb00000000000000000000000000001010 
	Parameter P[BTB_SIZE] bound to: 32'sb00000000000000000000000000001010 
	Parameter P[RAS_SIZE] bound to: 32'sb00000000000000000000000000010000 
	Parameter P[INSTR_CLASS_PRED] bound to: 1'b1 
	Parameter P[RADIX] bound to: 32'sb00000000000000000000000000000100 
	Parameter P[DIVCOPIES] bound to: 32'sb00000000000000000000000000000100 
	Parameter P[ZBA_SUPPORTED] bound to: 1'b0 
	Parameter P[ZBB_SUPPORTED] bound to: 1'b1 
	Parameter P[ZBC_SUPPORTED] bound to: 1'b0 
	Parameter P[ZBS_SUPPORTED] bound to: 1'b0 
	Parameter P[ZCA_SUPPORTED] bound to: 1'b1 
	Parameter P[ZCB_SUPPORTED] bound to: 1'b0 
	Parameter P[ZCD_SUPPORTED] bound to: 1'b0 
	Parameter P[ZCF_SUPPORTED] bound to: 1'b1 
	Parameter P[ZBKB_SUPPORTED] bound to: 1'b0 
	Parameter P[ZBKC_SUPPORTED] bound to: 1'b0 
	Parameter P[ZBKX_SUPPORTED] bound to: 1'b0 
	Parameter P[ZKND_SUPPORTED] bound to: 1'b0 
	Parameter P[ZKNE_SUPPORTED] bound to: 1'b0 
	Parameter P[ZKNH_SUPPORTED] bound to: 1'b0 
	Parameter P[ZKN_SUPPORTED] bound to: 1'b0 
	Parameter P[USE_SRAM] bound to: 1'b1 
	Parameter P[M_MODE] bound to: 2'b00 
	Parameter P[S_MODE] bound to: 2'b01 
	Parameter P[U_MODE] bound to: 2'b10 
	Parameter P[VPN_SEGMENT_BITS] bound to: 32'sb00000000000000000000000000000011 
	Parameter P[VPN_BITS] bound to: 32'sb00000000000000000000000000000100 
	Parameter P[PPN_BITS] bound to: 32'sb00000000000000000000000000100000 
	Parameter P[PA_BITS] bound to: 32'sb00000000000000000000000001000000 
	Parameter P[SVMODE_BITS] bound to: 32'sb00000000000000000000000000000011 
	Parameter P[ASID_BASE] bound to: 32'sb00000000000000000000000000000100 
	Parameter P[ASID_BITS] bound to: 32'sb00000000000000000000000000000100 
	Parameter P[NO_TRANSLATE] bound to: 4'b0011 
	Parameter P[SV32] bound to: 4'b0000 
	Parameter P[SV39] bound to: 4'b0001 
	Parameter P[SV48] bound to: 4'b0010 
	Parameter P[A_SUPPORTED] bound to: 1'b0 
	Parameter P[B_SUPPORTED] bound to: 1'b0 
	Parameter P[C_SUPPORTED] bound to: 1'b0 
	Parameter P[D_SUPPORTED] bound to: 1'b0 
	Parameter P[E_SUPPORTED] bound to: 1'b0 
	Parameter P[F_SUPPORTED] bound to: 1'b0 
	Parameter P[I_SUPPORTED] bound to: 1'b0 
	Parameter P[M_SUPPORTED] bound to: 1'b1 
	Parameter P[Q_SUPPORTED] bound to: 1'b0 
	Parameter P[S_SUPPORTED] bound to: 1'b1 
	Parameter P[U_SUPPORTED] bound to: 1'b1 
	Parameter P[LOG_XLEN] bound to: 32'sb00000000000000000000000000000110 
	Parameter P[FLEN] bound to: 32'sb00000000000000000000000001000000 
	Parameter P[LLEN] bound to: 32'sb00000000000000000000000001000000 
	Parameter P[XLEN] bound to: 32'sb00000000000000000000000001000000 
	Parameter P[IEEE754] bound to: 1'b0 
	Parameter P[MISA] bound to: 32'sb00000000000000000000000000000000 
	Parameter P[AHBW] bound to: 32'sb00000000000000000000000001000000 
	Parameter P[RAM_LATENCY] bound to: 32'sb00000000000000000000000000000000 
	Parameter P[BURST_EN] bound to: 1'b1 
	Parameter P[ZICSR_SUPPORTED] bound to: 1'b1 
	Parameter P[ZIFENCEI_SUPPORTED] bound to: 1'b1 
	Parameter P[COUNTERS] bound to: 12'b000000100000 
	Parameter P[ZICNTR_SUPPORTED] bound to: 1'b1 
	Parameter P[ZIHPM_SUPPORTED] bound to: 1'b1 
	Parameter P[ZFH_SUPPORTED] bound to: 1'b1 
	Parameter P[ZFA_SUPPORTED] bound to: 1'b1 
	Parameter P[SSTC_SUPPORTED] bound to: 1'b1 
	Parameter P[VIRTMEM_SUPPORTED] bound to: 1'b1 
	Parameter P[VECTORED_INTERRUPTS_SUPPORTED] bound to: 1'b1 
	Parameter P[BIGENDIAN_SUPPORTED] bound to: 1'b1 
	Parameter P[SVADU_SUPPORTED] bound to: 1'b1 
	Parameter P[ZMMUL_SUPPORTED] bound to: 1'b1 
	Parameter P[ZICBOM_SUPPORTED] bound to: 1'b1 
	Parameter P[ZICBOZ_SUPPORTED] bound to: 1'b1 
	Parameter P[ZICBOP_SUPPORTED] bound to: 1'b1 
	Parameter P[ZICCLSM_SUPPORTED] bound to: 1'b1 
	Parameter P[ZICOND_SUPPORTED] bound to: 1'b1 
	Parameter P[SVPBMT_SUPPORTED] bound to: 1'b1 
	Parameter P[SVNAPOT_SUPPORTED] bound to: 1'b1 
	Parameter P[SVINVAL_SUPPORTED] bound to: 1'b1 
	Parameter P[ZAAMO_SUPPORTED] bound to: 1'b1 
	Parameter P[ZALRSC_SUPPORTED] bound to: 1'b1 
	Parameter P[BUS_SUPPORTED] bound to: 1'b1 
	Parameter P[DCACHE_SUPPORTED] bound to: 1'b1 
	Parameter P[ICACHE_SUPPORTED] bound to: 1'b1 
	Parameter P[ITLB_ENTRIES] bound to: 32'sb00000000000000000000000000100000 
	Parameter P[DTLB_ENTRIES] bound to: 32'sb00000000000000000000000000100000 
	Parameter P[DCACHE_NUMWAYS] bound to: 32'sb00000000000000000000000000000100 
	Parameter P[DCACHE_WAYSIZEINBYTES] bound to: 32'sb00000000000000000001000000000000 
	Parameter P[DCACHE_LINELENINBITS] bound to: 32'sb00000000000000000000001000000000 
	Parameter P[ICACHE_NUMWAYS] bound to: 32'sb00000000000000000000000000000100 
	Parameter P[ICACHE_WAYSIZEINBYTES] bound to: 32'sb00000000000000000001000000000000 
	Parameter P[ICACHE_LINELENINBITS] bound to: 32'sb00000000000000000000001000000000 
	Parameter P[CACHE_SRAMLEN] bound to: 32'sb00000000000000000000000010000000 
	Parameter P[IDIV_BITSPERCYCLE] bound to: 32'sb00000000000000000000000000000100 
	Parameter P[IDIV_ON_FPU] bound to: 1'b1 
	Parameter P[PMP_ENTRIES] bound to: 32'sb00000000000000000000000000010000 
	Parameter P[RESET_VECTOR] bound to: 64'b0000000000000000000000000000000010000000000000000000000000000000 
	Parameter P[WFI_TIMEOUT_BIT] bound to: 32'sb00000000000000000000000000010000 
	Parameter P[DTIM_SUPPORTED] bound to: 1'b0 
	Parameter P[DTIM_BASE] bound to: 64'b0000000000000000000000000000000010000000000000000000000000000000 
	Parameter P[DTIM_RANGE] bound to: 64'b0000000000000000000000000000000000000000011111111111111111111111 
	Parameter P[IROM_SUPPORTED] bound to: 1'b0 
	Parameter P[IROM_BASE] bound to: 64'b0000000000000000000000000000000010000000000000000000000000000000 
	Parameter P[IROM_RANGE] bound to: 64'b0000000000000000000000000000000000000000011111111111111111111111 
	Parameter P[BOOTROM_SUPPORTED] bound to: 1'b0 
	Parameter P[BOOTROM_BASE] bound to: 64'b0000000000000000000000000000000000000000000000000001000000000000 
	Parameter P[BOOTROM_RANGE] bound to: 64'b0000000000000000000000000000000000000000000000000000111111111111 
	Parameter P[BOOTROM_PRELOAD] bound to: 1'b0 
	Parameter P[UNCORE_RAM_SUPPORTED] bound to: 1'b1 
	Parameter P[UNCORE_RAM_BASE] bound to: 64'b0000000000000000000000000000000010000000000000000000000000000000 
	Parameter P[UNCORE_RAM_RANGE] bound to: 64'b0000000000000000000000000000000000000000000000001001000000000000 
	Parameter P[UNCORE_RAM_PRELOAD] bound to: 1'b0 
	Parameter P[EXT_MEM_SUPPORTED] bound to: 1'b0 
	Parameter P[EXT_MEM_BASE] bound to: 64'b0000000000000000000000000000000010000000000000000000000000000000 
	Parameter P[EXT_MEM_RANGE] bound to: 64'b0000000000000000000000000000000000000111111111111111111111111111 
	Parameter P[CLINT_SUPPORTED] bound to: 1'b0 
	Parameter P[CLINT_BASE] bound to: 64'b0000000000000000000000000000000000000010000000000000000000000000 
	Parameter P[CLINT_RANGE] bound to: 64'b0000000000000000000000000000000000000000000000001111111111111111 
	Parameter P[GPIO_SUPPORTED] bound to: 1'b0 
	Parameter P[GPIO_BASE] bound to: 64'b0000000000000000000000000000000000010000000001100000000000000000 
	Parameter P[GPIO_RANGE] bound to: 64'b0000000000000000000000000000000000000000000000000000000011111111 
	Parameter P[UART_SUPPORTED] bound to: 1'b1 
	Parameter P[UART_BASE] bound to: 64'b0000000000000000000000000000000000010000000000000000000000000000 
	Parameter P[UART_RANGE] bound to: 64'b0000000000000000000000000000000000000000000000000000000000000111 
	Parameter P[PLIC_SUPPORTED] bound to: 1'b0 
	Parameter P[PLIC_BASE] bound to: 64'b0000000000000000000000000000000000001100000000000000000000000000 
	Parameter P[PLIC_RANGE] bound to: 64'b0000000000000000000000000000000000000011111111111111111111111111 
	Parameter P[SDC_SUPPORTED] bound to: 1'b0 
	Parameter P[SDC_BASE] bound to: 64'b0000000000000000000000000000000000000000000000010011000000000000 
	Parameter P[SDC_RANGE] bound to: 64'b0000000000000000000000000000000000000000000000000000000001111111 
	Parameter P[SPI_SUPPORTED] bound to: 1'b0 
	Parameter P[SPI_BASE] bound to: 64'b0000000000000000000000000000000000010000000001000000000000000000 
	Parameter P[SPI_RANGE] bound to: 64'b0000000000000000000000000000000000000000000000000000111111111111 
	Parameter P[GPIO_LOOPBACK_TEST] bound to: 1'b0 
	Parameter P[SPI_LOOPBACK_TEST] bound to: 1'b1 
	Parameter P[UART_PRESCALE] bound to: 32'sb00000000000000000000000000000001 
	Parameter P[PLIC_NUM_SRC] bound to: 32'sb00000000000000000000000000001010 
	Parameter P[PLIC_NUM_SRC_LT_32] bound to: 1'b1 
	Parameter P[PLIC_GPIO_ID] bound to: 32'sb00000000000000000000000000000011 
	Parameter P[PLIC_UART_ID] bound to: 32'sb00000000000000000000000000001010 
	Parameter P[PLIC_SPI_ID] bound to: 32'sb00000000000000000000000000000110 
	Parameter P[PLIC_SDC_ID] bound to: 32'sb00000000000000000000000000001001 
	Parameter P[BPRED_SUPPORTED] bound to: 1'b1 
	Parameter P[BPRED_TYPE] bound to: 32'b00000000000000000000000000000100 
	Parameter P[BPRED_NUM_LHR] bound to: 32'sb00000000000000000000000000000110 
	Parameter P[BPRED_SIZE] bound to: 32'sb00000000000000000000000000001010 
	Parameter P[BTB_SIZE] bound to: 32'sb00000000000000000000000000001010 
	Parameter P[RAS_SIZE] bound to: 32'sb00000000000000000000000000010000 
	Parameter P[INSTR_CLASS_PRED] bound to: 1'b1 
	Parameter P[RADIX] bound to: 32'sb00000000000000000000000000000100 
	Parameter P[DIVCOPIES] bound to: 32'sb00000000000000000000000000000100 
	Parameter P[ZBA_SUPPORTED] bound to: 1'b0 
	Parameter P[ZBB_SUPPORTED] bound to: 1'b1 
	Parameter P[ZBC_SUPPORTED] bound to: 1'b0 
	Parameter P[ZBS_SUPPORTED] bound to: 1'b0 
	Parameter P[ZCA_SUPPORTED] bound to: 1'b1 
	Parameter P[ZCB_SUPPORTED] bound to: 1'b0 
	Parameter P[ZCD_SUPPORTED] bound to: 1'b0 
	Parameter P[ZCF_SUPPORTED] bound to: 1'b1 
	Parameter P[ZBKB_SUPPORTED] bound to: 1'b0 
	Parameter P[ZBKC_SUPPORTED] bound to: 1'b0 
	Parameter P[ZBKX_SUPPORTED] bound to: 1'b0 
	Parameter P[ZKND_SUPPORTED] bound to: 1'b0 
	Parameter P[ZKNE_SUPPORTED] bound to: 1'b0 
	Parameter P[ZKNH_SUPPORTED] bound to: 1'b0 
	Parameter P[ZKN_SUPPORTED] bound to: 1'b0 
	Parameter P[USE_SRAM] bound to: 1'b1 
	Parameter P[M_MODE] bound to: 2'b00 
	Parameter P[S_MODE] bound to: 2'b01 
	Parameter P[U_MODE] bound to: 2'b10 
	Parameter P[VPN_SEGMENT_BITS] bound to: 32'sb00000000000000000000000000000011 
	Parameter P[VPN_BITS] bound to: 32'sb00000000000000000000000000000100 
	Parameter P[PPN_BITS] bound to: 32'sb00000000000000000000000000100000 
	Parameter P[PA_BITS] bound to: 32'sb00000000000000000000000001000000 
	Parameter P[SVMODE_BITS] bound to: 32'sb00000000000000000000000000000011 
	Parameter P[ASID_BASE] bound to: 32'sb00000000000000000000000000000100 
	Parameter P[ASID_BITS] bound to: 32'sb00000000000000000000000000000100 
	Parameter P[NO_TRANSLATE] bound to: 4'b0011 
	Parameter P[SV32] bound to: 4'b0000 
	Parameter P[SV39] bound to: 4'b0001 
	Parameter P[SV48] bound to: 4'b0010 
	Parameter P[A_SUPPORTED] bound to: 1'b0 
	Parameter P[B_SUPPORTED] bound to: 1'b0 
	Parameter P[C_SUPPORTED] bound to: 1'b0 
	Parameter P[D_SUPPORTED] bound to: 1'b0 
	Parameter P[E_SUPPORTED] bound to: 1'b0 
	Parameter P[F_SUPPORTED] bound to: 1'b0 
	Parameter P[I_SUPPORTED] bound to: 1'b0 
	Parameter P[M_SUPPORTED] bound to: 1'b1 
	Parameter P[Q_SUPPORTED] bound to: 1'b0 
	Parameter P[S_SUPPORTED] bound to: 1'b1 
	Parameter P[U_SUPPORTED] bound to: 1'b1 
	Parameter P[LOG_XLEN] bound to: 32'sb00000000000000000000000000000110 
	Parameter P[FLEN] bound to: 32'sb00000000000000000000000001000000 
	Parameter P[LLEN] bound to: 32'sb00000000000000000000000001000000 
INFO: [Synth 8-155] case statement is not full and has no default [/home/ishfisav/wally_1/wally_1.srcs/sources_1/imports/cvw/src/ieu/bmu/bmuctrl.sv:95]
INFO: [Synth 8-155] case statement is not full and has no default [/home/ishfisav/wally_1/wally_1.srcs/sources_1/imports/cvw/src/ieu/bmu/bmuctrl.sv:112]
INFO: [Synth 8-155] case statement is not full and has no default [/home/ishfisav/wally_1/wally_1.srcs/sources_1/imports/cvw/src/ieu/bmu/bmuctrl.sv:155]
INFO: [Synth 8-155] case statement is not full and has no default [/home/ishfisav/wally_1/wally_1.srcs/sources_1/imports/cvw/src/ieu/bmu/bmuctrl.sv:182]
INFO: [Synth 8-155] case statement is not full and has no default [/home/ishfisav/wally_1/wally_1.srcs/sources_1/imports/cvw/src/ieu/bmu/bmuctrl.sv:196]
	Parameter WIDTH bound to: 12 - type: integer 
INFO: [Synth 8-155] case statement is not full and has no default [/home/ishfisav/wally_1/wally_1.srcs/sources_1/imports/cvw/src/ieu/controller.sv:244]
INFO: [Synth 8-155] case statement is not full and has no default [/home/ishfisav/wally_1/wally_1.srcs/sources_1/imports/cvw/src/ieu/controller.sv:407]
	Parameter WIDTH bound to: 45 - type: integer 
	Parameter WIDTH bound to: 25 - type: integer 
	Parameter P[XLEN] bound to: 32'sb00000000000000000000000001000000 
	Parameter P[IEEE754] bound to: 1'b0 
	Parameter P[MISA] bound to: 32'sb00000000000000000000000000000000 
	Parameter P[AHBW] bound to: 32'sb00000000000000000000000001000000 
	Parameter P[RAM_LATENCY] bound to: 32'sb00000000000000000000000000000000 
	Parameter P[BURST_EN] bound to: 1'b1 
	Parameter P[ZICSR_SUPPORTED] bound to: 1'b1 
	Parameter P[ZIFENCEI_SUPPORTED] bound to: 1'b1 
	Parameter P[COUNTERS] bound to: 12'b000000100000 
	Parameter P[ZICNTR_SUPPORTED] bound to: 1'b1 
	Parameter P[ZIHPM_SUPPORTED] bound to: 1'b1 
	Parameter P[ZFH_SUPPORTED] bound to: 1'b1 
	Parameter P[ZFA_SUPPORTED] bound to: 1'b1 
	Parameter P[SSTC_SUPPORTED] bound to: 1'b1 
	Parameter P[VIRTMEM_SUPPORTED] bound to: 1'b1 
	Parameter P[VECTORED_INTERRUPTS_SUPPORTED] bound to: 1'b1 
	Parameter P[BIGENDIAN_SUPPORTED] bound to: 1'b1 
	Parameter P[SVADU_SUPPORTED] bound to: 1'b1 
	Parameter P[ZMMUL_SUPPORTED] bound to: 1'b1 
	Parameter P[ZICBOM_SUPPORTED] bound to: 1'b1 
	Parameter P[ZICBOZ_SUPPORTED] bound to: 1'b1 
	Parameter P[ZICBOP_SUPPORTED] bound to: 1'b1 
	Parameter P[ZICCLSM_SUPPORTED] bound to: 1'b1 
	Parameter P[ZICOND_SUPPORTED] bound to: 1'b1 
	Parameter P[SVPBMT_SUPPORTED] bound to: 1'b1 
	Parameter P[SVNAPOT_SUPPORTED] bound to: 1'b1 
	Parameter P[SVINVAL_SUPPORTED] bound to: 1'b1 
	Parameter P[ZAAMO_SUPPORTED] bound to: 1'b1 
	Parameter P[ZALRSC_SUPPORTED] bound to: 1'b1 
	Parameter P[BUS_SUPPORTED] bound to: 1'b1 
	Parameter P[DCACHE_SUPPORTED] bound to: 1'b1 
	Parameter P[ICACHE_SUPPORTED] bound to: 1'b1 
	Parameter P[ITLB_ENTRIES] bound to: 32'sb00000000000000000000000000100000 
	Parameter P[DTLB_ENTRIES] bound to: 32'sb00000000000000000000000000100000 
	Parameter P[DCACHE_NUMWAYS] bound to: 32'sb00000000000000000000000000000100 
	Parameter P[DCACHE_WAYSIZEINBYTES] bound to: 32'sb00000000000000000001000000000000 
	Parameter P[DCACHE_LINELENINBITS] bound to: 32'sb00000000000000000000001000000000 
	Parameter P[ICACHE_NUMWAYS] bound to: 32'sb00000000000000000000000000000100 
	Parameter P[ICACHE_WAYSIZEINBYTES] bound to: 32'sb00000000000000000001000000000000 
	Parameter P[ICACHE_LINELENINBITS] bound to: 32'sb00000000000000000000001000000000 
	Parameter P[CACHE_SRAMLEN] bound to: 32'sb00000000000000000000000010000000 
	Parameter P[IDIV_BITSPERCYCLE] bound to: 32'sb00000000000000000000000000000100 
	Parameter P[IDIV_ON_FPU] bound to: 1'b1 
	Parameter P[PMP_ENTRIES] bound to: 32'sb00000000000000000000000000010000 
	Parameter P[RESET_VECTOR] bound to: 64'b0000000000000000000000000000000010000000000000000000000000000000 
	Parameter P[WFI_TIMEOUT_BIT] bound to: 32'sb00000000000000000000000000010000 
	Parameter P[DTIM_SUPPORTED] bound to: 1'b0 
	Parameter P[DTIM_BASE] bound to: 64'b0000000000000000000000000000000010000000000000000000000000000000 
	Parameter P[DTIM_RANGE] bound to: 64'b0000000000000000000000000000000000000000011111111111111111111111 
	Parameter P[IROM_SUPPORTED] bound to: 1'b0 
	Parameter P[IROM_BASE] bound to: 64'b0000000000000000000000000000000010000000000000000000000000000000 
	Parameter P[IROM_RANGE] bound to: 64'b0000000000000000000000000000000000000000011111111111111111111111 
	Parameter P[BOOTROM_SUPPORTED] bound to: 1'b0 
	Parameter P[BOOTROM_BASE] bound to: 64'b0000000000000000000000000000000000000000000000000001000000000000 
	Parameter P[BOOTROM_RANGE] bound to: 64'b0000000000000000000000000000000000000000000000000000111111111111 
	Parameter P[BOOTROM_PRELOAD] bound to: 1'b0 
	Parameter P[UNCORE_RAM_SUPPORTED] bound to: 1'b1 
	Parameter P[UNCORE_RAM_BASE] bound to: 64'b0000000000000000000000000000000010000000000000000000000000000000 
	Parameter P[UNCORE_RAM_RANGE] bound to: 64'b0000000000000000000000000000000000000000000000001001000000000000 
	Parameter P[UNCORE_RAM_PRELOAD] bound to: 1'b0 
	Parameter P[EXT_MEM_SUPPORTED] bound to: 1'b0 
	Parameter P[EXT_MEM_BASE] bound to: 64'b0000000000000000000000000000000010000000000000000000000000000000 
	Parameter P[EXT_MEM_RANGE] bound to: 64'b0000000000000000000000000000000000000111111111111111111111111111 
	Parameter P[CLINT_SUPPORTED] bound to: 1'b0 
	Parameter P[CLINT_BASE] bound to: 64'b0000000000000000000000000000000000000010000000000000000000000000 
	Parameter P[CLINT_RANGE] bound to: 64'b0000000000000000000000000000000000000000000000001111111111111111 
	Parameter P[GPIO_SUPPORTED] bound to: 1'b0 
	Parameter P[GPIO_BASE] bound to: 64'b0000000000000000000000000000000000010000000001100000000000000000 
	Parameter P[GPIO_RANGE] bound to: 64'b0000000000000000000000000000000000000000000000000000000011111111 
	Parameter P[UART_SUPPORTED] bound to: 1'b1 
	Parameter P[UART_BASE] bound to: 64'b0000000000000000000000000000000000010000000000000000000000000000 
	Parameter P[UART_RANGE] bound to: 64'b0000000000000000000000000000000000000000000000000000000000000111 
	Parameter P[PLIC_SUPPORTED] bound to: 1'b0 
	Parameter P[PLIC_BASE] bound to: 64'b0000000000000000000000000000000000001100000000000000000000000000 
	Parameter P[PLIC_RANGE] bound to: 64'b0000000000000000000000000000000000000011111111111111111111111111 
	Parameter P[SDC_SUPPORTED] bound to: 1'b0 
	Parameter P[SDC_BASE] bound to: 64'b0000000000000000000000000000000000000000000000010011000000000000 
	Parameter P[SDC_RANGE] bound to: 64'b0000000000000000000000000000000000000000000000000000000001111111 
	Parameter P[SPI_SUPPORTED] bound to: 1'b0 
	Parameter P[SPI_BASE] bound to: 64'b0000000000000000000000000000000000010000000001000000000000000000 
	Parameter P[SPI_RANGE] bound to: 64'b0000000000000000000000000000000000000000000000000000111111111111 
	Parameter P[GPIO_LOOPBACK_TEST] bound to: 1'b0 
	Parameter P[SPI_LOOPBACK_TEST] bound to: 1'b1 
	Parameter P[UART_PRESCALE] bound to: 32'sb00000000000000000000000000000001 
	Parameter P[PLIC_NUM_SRC] bound to: 32'sb00000000000000000000000000001010 
	Parameter P[PLIC_NUM_SRC_LT_32] bound to: 1'b1 
	Parameter P[PLIC_GPIO_ID] bound to: 32'sb00000000000000000000000000000011 
	Parameter P[PLIC_UART_ID] bound to: 32'sb00000000000000000000000000001010 
	Parameter P[PLIC_SPI_ID] bound to: 32'sb00000000000000000000000000000110 
	Parameter P[PLIC_SDC_ID] bound to: 32'sb00000000000000000000000000001001 
	Parameter P[BPRED_SUPPORTED] bound to: 1'b1 
	Parameter P[BPRED_TYPE] bound to: 32'b00000000000000000000000000000100 
	Parameter P[BPRED_NUM_LHR] bound to: 32'sb00000000000000000000000000000110 
	Parameter P[BPRED_SIZE] bound to: 32'sb00000000000000000000000000001010 
	Parameter P[BTB_SIZE] bound to: 32'sb00000000000000000000000000001010 
	Parameter P[RAS_SIZE] bound to: 32'sb00000000000000000000000000010000 
	Parameter P[INSTR_CLASS_PRED] bound to: 1'b1 
	Parameter P[RADIX] bound to: 32'sb00000000000000000000000000000100 
	Parameter P[DIVCOPIES] bound to: 32'sb00000000000000000000000000000100 
	Parameter P[ZBA_SUPPORTED] bound to: 1'b0 
	Parameter P[ZBB_SUPPORTED] bound to: 1'b1 
	Parameter P[ZBC_SUPPORTED] bound to: 1'b0 
	Parameter P[ZBS_SUPPORTED] bound to: 1'b0 
	Parameter P[ZCA_SUPPORTED] bound to: 1'b1 
	Parameter P[ZCB_SUPPORTED] bound to: 1'b0 
	Parameter P[ZCD_SUPPORTED] bound to: 1'b0 
	Parameter P[ZCF_SUPPORTED] bound to: 1'b1 
	Parameter P[ZBKB_SUPPORTED] bound to: 1'b0 
	Parameter P[ZBKC_SUPPORTED] bound to: 1'b0 
	Parameter P[ZBKX_SUPPORTED] bound to: 1'b0 
	Parameter P[ZKND_SUPPORTED] bound to: 1'b0 
	Parameter P[ZKNE_SUPPORTED] bound to: 1'b0 
	Parameter P[ZKNH_SUPPORTED] bound to: 1'b0 
	Parameter P[ZKN_SUPPORTED] bound to: 1'b0 
	Parameter P[USE_SRAM] bound to: 1'b1 
	Parameter P[M_MODE] bound to: 2'b00 
	Parameter P[S_MODE] bound to: 2'b01 
	Parameter P[U_MODE] bound to: 2'b10 
	Parameter P[VPN_SEGMENT_BITS] bound to: 32'sb00000000000000000000000000000011 
	Parameter P[VPN_BITS] bound to: 32'sb00000000000000000000000000000100 
	Parameter P[PPN_BITS] bound to: 32'sb00000000000000000000000000100000 
	Parameter P[PA_BITS] bound to: 32'sb00000000000000000000000001000000 
	Parameter P[SVMODE_BITS] bound to: 32'sb00000000000000000000000000000011 
	Parameter P[ASID_BASE] bound to: 32'sb00000000000000000000000000000100 
	Parameter P[ASID_BITS] bound to: 32'sb00000000000000000000000000000100 
	Parameter P[NO_TRANSLATE] bound to: 4'b0011 
	Parameter P[SV32] bound to: 4'b0000 
	Parameter P[SV39] bound to: 4'b0001 
	Parameter P[SV48] bound to: 4'b0010 
	Parameter P[A_SUPPORTED] bound to: 1'b0 
	Parameter P[B_SUPPORTED] bound to: 1'b0 
	Parameter P[C_SUPPORTED] bound to: 1'b0 
	Parameter P[D_SUPPORTED] bound to: 1'b0 
	Parameter P[E_SUPPORTED] bound to: 1'b0 
	Parameter P[F_SUPPORTED] bound to: 1'b0 
	Parameter P[I_SUPPORTED] bound to: 1'b0 
	Parameter P[M_SUPPORTED] bound to: 1'b1 
	Parameter P[Q_SUPPORTED] bound to: 1'b0 
	Parameter P[S_SUPPORTED] bound to: 1'b1 
	Parameter P[U_SUPPORTED] bound to: 1'b1 
	Parameter P[LOG_XLEN] bound to: 32'sb00000000000000000000000000000110 
	Parameter P[FLEN] bound to: 32'sb00000000000000000000000001000000 
	Parameter P[LLEN] bound to: 32'sb00000000000000000000000001000000 
	Parameter XLEN bound to: 64 - type: integer 
	Parameter E_SUPPORTED bound to: 1'b0 
	Parameter P[XLEN] bound to: 32'sb00000000000000000000000001000000 
	Parameter P[IEEE754] bound to: 1'b0 
	Parameter P[MISA] bound to: 32'sb00000000000000000000000000000000 
	Parameter P[AHBW] bound to: 32'sb00000000000000000000000001000000 
	Parameter P[RAM_LATENCY] bound to: 32'sb00000000000000000000000000000000 
	Parameter P[BURST_EN] bound to: 1'b1 
	Parameter P[ZICSR_SUPPORTED] bound to: 1'b1 
	Parameter P[ZIFENCEI_SUPPORTED] bound to: 1'b1 
	Parameter P[COUNTERS] bound to: 12'b000000100000 
	Parameter P[ZICNTR_SUPPORTED] bound to: 1'b1 
	Parameter P[ZIHPM_SUPPORTED] bound to: 1'b1 
	Parameter P[ZFH_SUPPORTED] bound to: 1'b1 
	Parameter P[ZFA_SUPPORTED] bound to: 1'b1 
	Parameter P[SSTC_SUPPORTED] bound to: 1'b1 
	Parameter P[VIRTMEM_SUPPORTED] bound to: 1'b1 
	Parameter P[VECTORED_INTERRUPTS_SUPPORTED] bound to: 1'b1 
	Parameter P[BIGENDIAN_SUPPORTED] bound to: 1'b1 
	Parameter P[SVADU_SUPPORTED] bound to: 1'b1 
	Parameter P[ZMMUL_SUPPORTED] bound to: 1'b1 
	Parameter P[ZICBOM_SUPPORTED] bound to: 1'b1 
	Parameter P[ZICBOZ_SUPPORTED] bound to: 1'b1 
	Parameter P[ZICBOP_SUPPORTED] bound to: 1'b1 
	Parameter P[ZICCLSM_SUPPORTED] bound to: 1'b1 
	Parameter P[ZICOND_SUPPORTED] bound to: 1'b1 
	Parameter P[SVPBMT_SUPPORTED] bound to: 1'b1 
	Parameter P[SVNAPOT_SUPPORTED] bound to: 1'b1 
	Parameter P[SVINVAL_SUPPORTED] bound to: 1'b1 
	Parameter P[ZAAMO_SUPPORTED] bound to: 1'b1 
	Parameter P[ZALRSC_SUPPORTED] bound to: 1'b1 
	Parameter P[BUS_SUPPORTED] bound to: 1'b1 
	Parameter P[DCACHE_SUPPORTED] bound to: 1'b1 
	Parameter P[ICACHE_SUPPORTED] bound to: 1'b1 
	Parameter P[ITLB_ENTRIES] bound to: 32'sb00000000000000000000000000100000 
	Parameter P[DTLB_ENTRIES] bound to: 32'sb00000000000000000000000000100000 
	Parameter P[DCACHE_NUMWAYS] bound to: 32'sb00000000000000000000000000000100 
	Parameter P[DCACHE_WAYSIZEINBYTES] bound to: 32'sb00000000000000000001000000000000 
	Parameter P[DCACHE_LINELENINBITS] bound to: 32'sb00000000000000000000001000000000 
	Parameter P[ICACHE_NUMWAYS] bound to: 32'sb00000000000000000000000000000100 
	Parameter P[ICACHE_WAYSIZEINBYTES] bound to: 32'sb00000000000000000001000000000000 
	Parameter P[ICACHE_LINELENINBITS] bound to: 32'sb00000000000000000000001000000000 
	Parameter P[CACHE_SRAMLEN] bound to: 32'sb00000000000000000000000010000000 
	Parameter P[IDIV_BITSPERCYCLE] bound to: 32'sb00000000000000000000000000000100 
	Parameter P[IDIV_ON_FPU] bound to: 1'b1 
	Parameter P[PMP_ENTRIES] bound to: 32'sb00000000000000000000000000010000 
	Parameter P[RESET_VECTOR] bound to: 64'b0000000000000000000000000000000010000000000000000000000000000000 
	Parameter P[WFI_TIMEOUT_BIT] bound to: 32'sb00000000000000000000000000010000 
	Parameter P[DTIM_SUPPORTED] bound to: 1'b0 
	Parameter P[DTIM_BASE] bound to: 64'b0000000000000000000000000000000010000000000000000000000000000000 
	Parameter P[DTIM_RANGE] bound to: 64'b0000000000000000000000000000000000000000011111111111111111111111 
	Parameter P[IROM_SUPPORTED] bound to: 1'b0 
	Parameter P[IROM_BASE] bound to: 64'b0000000000000000000000000000000010000000000000000000000000000000 
	Parameter P[IROM_RANGE] bound to: 64'b0000000000000000000000000000000000000000011111111111111111111111 
	Parameter P[BOOTROM_SUPPORTED] bound to: 1'b0 
	Parameter P[BOOTROM_BASE] bound to: 64'b0000000000000000000000000000000000000000000000000001000000000000 
	Parameter P[BOOTROM_RANGE] bound to: 64'b0000000000000000000000000000000000000000000000000000111111111111 
	Parameter P[BOOTROM_PRELOAD] bound to: 1'b0 
	Parameter P[UNCORE_RAM_SUPPORTED] bound to: 1'b1 
	Parameter P[UNCORE_RAM_BASE] bound to: 64'b0000000000000000000000000000000010000000000000000000000000000000 
	Parameter P[UNCORE_RAM_RANGE] bound to: 64'b0000000000000000000000000000000000000000000000001001000000000000 
	Parameter P[UNCORE_RAM_PRELOAD] bound to: 1'b0 
	Parameter P[EXT_MEM_SUPPORTED] bound to: 1'b0 
	Parameter P[EXT_MEM_BASE] bound to: 64'b0000000000000000000000000000000010000000000000000000000000000000 
	Parameter P[EXT_MEM_RANGE] bound to: 64'b0000000000000000000000000000000000000111111111111111111111111111 
	Parameter P[CLINT_SUPPORTED] bound to: 1'b0 
	Parameter P[CLINT_BASE] bound to: 64'b0000000000000000000000000000000000000010000000000000000000000000 
	Parameter P[CLINT_RANGE] bound to: 64'b0000000000000000000000000000000000000000000000001111111111111111 
	Parameter P[GPIO_SUPPORTED] bound to: 1'b0 
	Parameter P[GPIO_BASE] bound to: 64'b0000000000000000000000000000000000010000000001100000000000000000 
	Parameter P[GPIO_RANGE] bound to: 64'b0000000000000000000000000000000000000000000000000000000011111111 
	Parameter P[UART_SUPPORTED] bound to: 1'b1 
	Parameter P[UART_BASE] bound to: 64'b0000000000000000000000000000000000010000000000000000000000000000 
	Parameter P[UART_RANGE] bound to: 64'b0000000000000000000000000000000000000000000000000000000000000111 
	Parameter P[PLIC_SUPPORTED] bound to: 1'b0 
	Parameter P[PLIC_BASE] bound to: 64'b0000000000000000000000000000000000001100000000000000000000000000 
	Parameter P[PLIC_RANGE] bound to: 64'b0000000000000000000000000000000000000011111111111111111111111111 
	Parameter P[SDC_SUPPORTED] bound to: 1'b0 
	Parameter P[SDC_BASE] bound to: 64'b0000000000000000000000000000000000000000000000010011000000000000 
	Parameter P[SDC_RANGE] bound to: 64'b0000000000000000000000000000000000000000000000000000000001111111 
	Parameter P[SPI_SUPPORTED] bound to: 1'b0 
	Parameter P[SPI_BASE] bound to: 64'b0000000000000000000000000000000000010000000001000000000000000000 
	Parameter P[SPI_RANGE] bound to: 64'b0000000000000000000000000000000000000000000000000000111111111111 
	Parameter P[GPIO_LOOPBACK_TEST] bound to: 1'b0 
	Parameter P[SPI_LOOPBACK_TEST] bound to: 1'b1 
	Parameter P[UART_PRESCALE] bound to: 32'sb00000000000000000000000000000001 
	Parameter P[PLIC_NUM_SRC] bound to: 32'sb00000000000000000000000000001010 
	Parameter P[PLIC_NUM_SRC_LT_32] bound to: 1'b1 
	Parameter P[PLIC_GPIO_ID] bound to: 32'sb00000000000000000000000000000011 
	Parameter P[PLIC_UART_ID] bound to: 32'sb00000000000000000000000000001010 
	Parameter P[PLIC_SPI_ID] bound to: 32'sb00000000000000000000000000000110 
	Parameter P[PLIC_SDC_ID] bound to: 32'sb00000000000000000000000000001001 
	Parameter P[BPRED_SUPPORTED] bound to: 1'b1 
	Parameter P[BPRED_TYPE] bound to: 32'b00000000000000000000000000000100 
	Parameter P[BPRED_NUM_LHR] bound to: 32'sb00000000000000000000000000000110 
	Parameter P[BPRED_SIZE] bound to: 32'sb00000000000000000000000000001010 
	Parameter P[BTB_SIZE] bound to: 32'sb00000000000000000000000000001010 
	Parameter P[RAS_SIZE] bound to: 32'sb00000000000000000000000000010000 
	Parameter P[INSTR_CLASS_PRED] bound to: 1'b1 
	Parameter P[RADIX] bound to: 32'sb00000000000000000000000000000100 
	Parameter P[DIVCOPIES] bound to: 32'sb00000000000000000000000000000100 
	Parameter P[ZBA_SUPPORTED] bound to: 1'b0 
	Parameter P[ZBB_SUPPORTED] bound to: 1'b1 
	Parameter P[ZBC_SUPPORTED] bound to: 1'b0 
	Parameter P[ZBS_SUPPORTED] bound to: 1'b0 
	Parameter P[ZCA_SUPPORTED] bound to: 1'b1 
	Parameter P[ZCB_SUPPORTED] bound to: 1'b0 
	Parameter P[ZCD_SUPPORTED] bound to: 1'b0 
	Parameter P[ZCF_SUPPORTED] bound to: 1'b1 
	Parameter P[ZBKB_SUPPORTED] bound to: 1'b0 
	Parameter P[ZBKC_SUPPORTED] bound to: 1'b0 
	Parameter P[ZBKX_SUPPORTED] bound to: 1'b0 
	Parameter P[ZKND_SUPPORTED] bound to: 1'b0 
	Parameter P[ZKNE_SUPPORTED] bound to: 1'b0 
	Parameter P[ZKNH_SUPPORTED] bound to: 1'b0 
	Parameter P[ZKN_SUPPORTED] bound to: 1'b0 
	Parameter P[USE_SRAM] bound to: 1'b1 
	Parameter P[M_MODE] bound to: 2'b00 
	Parameter P[S_MODE] bound to: 2'b01 
	Parameter P[U_MODE] bound to: 2'b10 
	Parameter P[VPN_SEGMENT_BITS] bound to: 32'sb00000000000000000000000000000011 
	Parameter P[VPN_BITS] bound to: 32'sb00000000000000000000000000000100 
	Parameter P[PPN_BITS] bound to: 32'sb00000000000000000000000000100000 
	Parameter P[PA_BITS] bound to: 32'sb00000000000000000000000001000000 
	Parameter P[SVMODE_BITS] bound to: 32'sb00000000000000000000000000000011 
	Parameter P[ASID_BASE] bound to: 32'sb00000000000000000000000000000100 
	Parameter P[ASID_BITS] bound to: 32'sb00000000000000000000000000000100 
	Parameter P[NO_TRANSLATE] bound to: 4'b0011 
	Parameter P[SV32] bound to: 4'b0000 
	Parameter P[SV39] bound to: 4'b0001 
	Parameter P[SV48] bound to: 4'b0010 
	Parameter P[A_SUPPORTED] bound to: 1'b0 
	Parameter P[B_SUPPORTED] bound to: 1'b0 
	Parameter P[C_SUPPORTED] bound to: 1'b0 
	Parameter P[D_SUPPORTED] bound to: 1'b0 
	Parameter P[E_SUPPORTED] bound to: 1'b0 
	Parameter P[F_SUPPORTED] bound to: 1'b0 
	Parameter P[I_SUPPORTED] bound to: 1'b0 
	Parameter P[M_SUPPORTED] bound to: 1'b1 
	Parameter P[Q_SUPPORTED] bound to: 1'b0 
	Parameter P[S_SUPPORTED] bound to: 1'b1 
	Parameter P[U_SUPPORTED] bound to: 1'b1 
	Parameter P[LOG_XLEN] bound to: 32'sb00000000000000000000000000000110 
	Parameter P[FLEN] bound to: 32'sb00000000000000000000000001000000 
	Parameter P[LLEN] bound to: 32'sb00000000000000000000000001000000 
	Parameter WIDTH bound to: 64 - type: integer 
	Parameter P[XLEN] bound to: 32'sb00000000000000000000000001000000 
	Parameter P[IEEE754] bound to: 1'b0 
	Parameter P[MISA] bound to: 32'sb00000000000000000000000000000000 
	Parameter P[AHBW] bound to: 32'sb00000000000000000000000001000000 
	Parameter P[RAM_LATENCY] bound to: 32'sb00000000000000000000000000000000 
	Parameter P[BURST_EN] bound to: 1'b1 
	Parameter P[ZICSR_SUPPORTED] bound to: 1'b1 
	Parameter P[ZIFENCEI_SUPPORTED] bound to: 1'b1 
	Parameter P[COUNTERS] bound to: 12'b000000100000 
	Parameter P[ZICNTR_SUPPORTED] bound to: 1'b1 
	Parameter P[ZIHPM_SUPPORTED] bound to: 1'b1 
	Parameter P[ZFH_SUPPORTED] bound to: 1'b1 
	Parameter P[ZFA_SUPPORTED] bound to: 1'b1 
	Parameter P[SSTC_SUPPORTED] bound to: 1'b1 
	Parameter P[VIRTMEM_SUPPORTED] bound to: 1'b1 
	Parameter P[VECTORED_INTERRUPTS_SUPPORTED] bound to: 1'b1 
	Parameter P[BIGENDIAN_SUPPORTED] bound to: 1'b1 
	Parameter P[SVADU_SUPPORTED] bound to: 1'b1 
	Parameter P[ZMMUL_SUPPORTED] bound to: 1'b1 
	Parameter P[ZICBOM_SUPPORTED] bound to: 1'b1 
	Parameter P[ZICBOZ_SUPPORTED] bound to: 1'b1 
	Parameter P[ZICBOP_SUPPORTED] bound to: 1'b1 
	Parameter P[ZICCLSM_SUPPORTED] bound to: 1'b1 
	Parameter P[ZICOND_SUPPORTED] bound to: 1'b1 
	Parameter P[SVPBMT_SUPPORTED] bound to: 1'b1 
	Parameter P[SVNAPOT_SUPPORTED] bound to: 1'b1 
	Parameter P[SVINVAL_SUPPORTED] bound to: 1'b1 
	Parameter P[ZAAMO_SUPPORTED] bound to: 1'b1 
	Parameter P[ZALRSC_SUPPORTED] bound to: 1'b1 
	Parameter P[BUS_SUPPORTED] bound to: 1'b1 
	Parameter P[DCACHE_SUPPORTED] bound to: 1'b1 
	Parameter P[ICACHE_SUPPORTED] bound to: 1'b1 
	Parameter P[ITLB_ENTRIES] bound to: 32'sb00000000000000000000000000100000 
	Parameter P[DTLB_ENTRIES] bound to: 32'sb00000000000000000000000000100000 
	Parameter P[DCACHE_NUMWAYS] bound to: 32'sb00000000000000000000000000000100 
	Parameter P[DCACHE_WAYSIZEINBYTES] bound to: 32'sb00000000000000000001000000000000 
	Parameter P[DCACHE_LINELENINBITS] bound to: 32'sb00000000000000000000001000000000 
	Parameter P[ICACHE_NUMWAYS] bound to: 32'sb00000000000000000000000000000100 
	Parameter P[ICACHE_WAYSIZEINBYTES] bound to: 32'sb00000000000000000001000000000000 
	Parameter P[ICACHE_LINELENINBITS] bound to: 32'sb00000000000000000000001000000000 
	Parameter P[CACHE_SRAMLEN] bound to: 32'sb00000000000000000000000010000000 
	Parameter P[IDIV_BITSPERCYCLE] bound to: 32'sb00000000000000000000000000000100 
	Parameter P[IDIV_ON_FPU] bound to: 1'b1 
	Parameter P[PMP_ENTRIES] bound to: 32'sb00000000000000000000000000010000 
	Parameter P[RESET_VECTOR] bound to: 64'b0000000000000000000000000000000010000000000000000000000000000000 
	Parameter P[WFI_TIMEOUT_BIT] bound to: 32'sb00000000000000000000000000010000 
	Parameter P[DTIM_SUPPORTED] bound to: 1'b0 
	Parameter P[DTIM_BASE] bound to: 64'b0000000000000000000000000000000010000000000000000000000000000000 
	Parameter P[DTIM_RANGE] bound to: 64'b0000000000000000000000000000000000000000011111111111111111111111 
	Parameter P[IROM_SUPPORTED] bound to: 1'b0 
	Parameter P[IROM_BASE] bound to: 64'b0000000000000000000000000000000010000000000000000000000000000000 
	Parameter P[IROM_RANGE] bound to: 64'b0000000000000000000000000000000000000000011111111111111111111111 
	Parameter P[BOOTROM_SUPPORTED] bound to: 1'b0 
	Parameter P[BOOTROM_BASE] bound to: 64'b0000000000000000000000000000000000000000000000000001000000000000 
	Parameter P[BOOTROM_RANGE] bound to: 64'b0000000000000000000000000000000000000000000000000000111111111111 
	Parameter P[BOOTROM_PRELOAD] bound to: 1'b0 
	Parameter P[UNCORE_RAM_SUPPORTED] bound to: 1'b1 
	Parameter P[UNCORE_RAM_BASE] bound to: 64'b0000000000000000000000000000000010000000000000000000000000000000 
	Parameter P[UNCORE_RAM_RANGE] bound to: 64'b0000000000000000000000000000000000000000000000001001000000000000 
	Parameter P[UNCORE_RAM_PRELOAD] bound to: 1'b0 
	Parameter P[EXT_MEM_SUPPORTED] bound to: 1'b0 
	Parameter P[EXT_MEM_BASE] bound to: 64'b0000000000000000000000000000000010000000000000000000000000000000 
	Parameter P[EXT_MEM_RANGE] bound to: 64'b0000000000000000000000000000000000000111111111111111111111111111 
	Parameter P[CLINT_SUPPORTED] bound to: 1'b0 
	Parameter P[CLINT_BASE] bound to: 64'b0000000000000000000000000000000000000010000000000000000000000000 
	Parameter P[CLINT_RANGE] bound to: 64'b0000000000000000000000000000000000000000000000001111111111111111 
	Parameter P[GPIO_SUPPORTED] bound to: 1'b0 
	Parameter P[GPIO_BASE] bound to: 64'b0000000000000000000000000000000000010000000001100000000000000000 
	Parameter P[GPIO_RANGE] bound to: 64'b0000000000000000000000000000000000000000000000000000000011111111 
	Parameter P[UART_SUPPORTED] bound to: 1'b1 
	Parameter P[UART_BASE] bound to: 64'b0000000000000000000000000000000000010000000000000000000000000000 
	Parameter P[UART_RANGE] bound to: 64'b0000000000000000000000000000000000000000000000000000000000000111 
	Parameter P[PLIC_SUPPORTED] bound to: 1'b0 
	Parameter P[PLIC_BASE] bound to: 64'b0000000000000000000000000000000000001100000000000000000000000000 
	Parameter P[PLIC_RANGE] bound to: 64'b0000000000000000000000000000000000000011111111111111111111111111 
	Parameter P[SDC_SUPPORTED] bound to: 1'b0 
	Parameter P[SDC_BASE] bound to: 64'b0000000000000000000000000000000000000000000000010011000000000000 
	Parameter P[SDC_RANGE] bound to: 64'b0000000000000000000000000000000000000000000000000000000001111111 
	Parameter P[SPI_SUPPORTED] bound to: 1'b0 
	Parameter P[SPI_BASE] bound to: 64'b0000000000000000000000000000000000010000000001000000000000000000 
	Parameter P[SPI_RANGE] bound to: 64'b0000000000000000000000000000000000000000000000000000111111111111 
	Parameter P[GPIO_LOOPBACK_TEST] bound to: 1'b0 
	Parameter P[SPI_LOOPBACK_TEST] bound to: 1'b1 
	Parameter P[UART_PRESCALE] bound to: 32'sb00000000000000000000000000000001 
	Parameter P[PLIC_NUM_SRC] bound to: 32'sb00000000000000000000000000001010 
	Parameter P[PLIC_NUM_SRC_LT_32] bound to: 1'b1 
	Parameter P[PLIC_GPIO_ID] bound to: 32'sb00000000000000000000000000000011 
	Parameter P[PLIC_UART_ID] bound to: 32'sb00000000000000000000000000001010 
	Parameter P[PLIC_SPI_ID] bound to: 32'sb00000000000000000000000000000110 
	Parameter P[PLIC_SDC_ID] bound to: 32'sb00000000000000000000000000001001 
	Parameter P[BPRED_SUPPORTED] bound to: 1'b1 
	Parameter P[BPRED_TYPE] bound to: 32'b00000000000000000000000000000100 
	Parameter P[BPRED_NUM_LHR] bound to: 32'sb00000000000000000000000000000110 
	Parameter P[BPRED_SIZE] bound to: 32'sb00000000000000000000000000001010 
	Parameter P[BTB_SIZE] bound to: 32'sb00000000000000000000000000001010 
	Parameter P[RAS_SIZE] bound to: 32'sb00000000000000000000000000010000 
	Parameter P[INSTR_CLASS_PRED] bound to: 1'b1 
	Parameter P[RADIX] bound to: 32'sb00000000000000000000000000000100 
	Parameter P[DIVCOPIES] bound to: 32'sb00000000000000000000000000000100 
	Parameter P[ZBA_SUPPORTED] bound to: 1'b0 
	Parameter P[ZBB_SUPPORTED] bound to: 1'b1 
	Parameter P[ZBC_SUPPORTED] bound to: 1'b0 
	Parameter P[ZBS_SUPPORTED] bound to: 1'b0 
	Parameter P[ZCA_SUPPORTED] bound to: 1'b1 
	Parameter P[ZCB_SUPPORTED] bound to: 1'b0 
	Parameter P[ZCD_SUPPORTED] bound to: 1'b0 
	Parameter P[ZCF_SUPPORTED] bound to: 1'b1 
	Parameter P[ZBKB_SUPPORTED] bound to: 1'b0 
	Parameter P[ZBKC_SUPPORTED] bound to: 1'b0 
	Parameter P[ZBKX_SUPPORTED] bound to: 1'b0 
	Parameter P[ZKND_SUPPORTED] bound to: 1'b0 
	Parameter P[ZKNE_SUPPORTED] bound to: 1'b0 
	Parameter P[ZKNH_SUPPORTED] bound to: 1'b0 
	Parameter P[ZKN_SUPPORTED] bound to: 1'b0 
	Parameter P[USE_SRAM] bound to: 1'b1 
	Parameter P[M_MODE] bound to: 2'b00 
	Parameter P[S_MODE] bound to: 2'b01 
	Parameter P[U_MODE] bound to: 2'b10 
	Parameter P[VPN_SEGMENT_BITS] bound to: 32'sb00000000000000000000000000000011 
	Parameter P[VPN_BITS] bound to: 32'sb00000000000000000000000000000100 
	Parameter P[PPN_BITS] bound to: 32'sb00000000000000000000000000100000 
	Parameter P[PA_BITS] bound to: 32'sb00000000000000000000000001000000 
	Parameter P[SVMODE_BITS] bound to: 32'sb00000000000000000000000000000011 
	Parameter P[ASID_BASE] bound to: 32'sb00000000000000000000000000000100 
	Parameter P[ASID_BITS] bound to: 32'sb00000000000000000000000000000100 
	Parameter P[NO_TRANSLATE] bound to: 4'b0011 
	Parameter P[SV32] bound to: 4'b0000 
	Parameter P[SV39] bound to: 4'b0001 
	Parameter P[SV48] bound to: 4'b0010 
	Parameter P[A_SUPPORTED] bound to: 1'b0 
	Parameter P[B_SUPPORTED] bound to: 1'b0 
	Parameter P[C_SUPPORTED] bound to: 1'b0 
	Parameter P[D_SUPPORTED] bound to: 1'b0 
	Parameter P[E_SUPPORTED] bound to: 1'b0 
	Parameter P[F_SUPPORTED] bound to: 1'b0 
	Parameter P[I_SUPPORTED] bound to: 1'b0 
	Parameter P[M_SUPPORTED] bound to: 1'b1 
	Parameter P[Q_SUPPORTED] bound to: 1'b0 
	Parameter P[S_SUPPORTED] bound to: 1'b1 
	Parameter P[U_SUPPORTED] bound to: 1'b1 
	Parameter P[LOG_XLEN] bound to: 32'sb00000000000000000000000000000110 
	Parameter P[FLEN] bound to: 32'sb00000000000000000000000001000000 
	Parameter P[LLEN] bound to: 32'sb00000000000000000000000001000000 
	Parameter P[XLEN] bound to: 32'sb00000000000000000000000001000000 
	Parameter P[IEEE754] bound to: 1'b0 
	Parameter P[MISA] bound to: 32'sb00000000000000000000000000000000 
	Parameter P[AHBW] bound to: 32'sb00000000000000000000000001000000 
	Parameter P[RAM_LATENCY] bound to: 32'sb00000000000000000000000000000000 
	Parameter P[BURST_EN] bound to: 1'b1 
	Parameter P[ZICSR_SUPPORTED] bound to: 1'b1 
	Parameter P[ZIFENCEI_SUPPORTED] bound to: 1'b1 
	Parameter P[COUNTERS] bound to: 12'b000000100000 
	Parameter P[ZICNTR_SUPPORTED] bound to: 1'b1 
	Parameter P[ZIHPM_SUPPORTED] bound to: 1'b1 
	Parameter P[ZFH_SUPPORTED] bound to: 1'b1 
	Parameter P[ZFA_SUPPORTED] bound to: 1'b1 
	Parameter P[SSTC_SUPPORTED] bound to: 1'b1 
	Parameter P[VIRTMEM_SUPPORTED] bound to: 1'b1 
	Parameter P[VECTORED_INTERRUPTS_SUPPORTED] bound to: 1'b1 
	Parameter P[BIGENDIAN_SUPPORTED] bound to: 1'b1 
	Parameter P[SVADU_SUPPORTED] bound to: 1'b1 
	Parameter P[ZMMUL_SUPPORTED] bound to: 1'b1 
	Parameter P[ZICBOM_SUPPORTED] bound to: 1'b1 
	Parameter P[ZICBOZ_SUPPORTED] bound to: 1'b1 
	Parameter P[ZICBOP_SUPPORTED] bound to: 1'b1 
	Parameter P[ZICCLSM_SUPPORTED] bound to: 1'b1 
	Parameter P[ZICOND_SUPPORTED] bound to: 1'b1 
	Parameter P[SVPBMT_SUPPORTED] bound to: 1'b1 
	Parameter P[SVNAPOT_SUPPORTED] bound to: 1'b1 
	Parameter P[SVINVAL_SUPPORTED] bound to: 1'b1 
	Parameter P[ZAAMO_SUPPORTED] bound to: 1'b1 
	Parameter P[ZALRSC_SUPPORTED] bound to: 1'b1 
	Parameter P[BUS_SUPPORTED] bound to: 1'b1 
	Parameter P[DCACHE_SUPPORTED] bound to: 1'b1 
	Parameter P[ICACHE_SUPPORTED] bound to: 1'b1 
	Parameter P[ITLB_ENTRIES] bound to: 32'sb00000000000000000000000000100000 
	Parameter P[DTLB_ENTRIES] bound to: 32'sb00000000000000000000000000100000 
	Parameter P[DCACHE_NUMWAYS] bound to: 32'sb00000000000000000000000000000100 
	Parameter P[DCACHE_WAYSIZEINBYTES] bound to: 32'sb00000000000000000001000000000000 
	Parameter P[DCACHE_LINELENINBITS] bound to: 32'sb00000000000000000000001000000000 
	Parameter P[ICACHE_NUMWAYS] bound to: 32'sb00000000000000000000000000000100 
	Parameter P[ICACHE_WAYSIZEINBYTES] bound to: 32'sb00000000000000000001000000000000 
	Parameter P[ICACHE_LINELENINBITS] bound to: 32'sb00000000000000000000001000000000 
	Parameter P[CACHE_SRAMLEN] bound to: 32'sb00000000000000000000000010000000 
	Parameter P[IDIV_BITSPERCYCLE] bound to: 32'sb00000000000000000000000000000100 
	Parameter P[IDIV_ON_FPU] bound to: 1'b1 
	Parameter P[PMP_ENTRIES] bound to: 32'sb00000000000000000000000000010000 
	Parameter P[RESET_VECTOR] bound to: 64'b0000000000000000000000000000000010000000000000000000000000000000 
	Parameter P[WFI_TIMEOUT_BIT] bound to: 32'sb00000000000000000000000000010000 
	Parameter P[DTIM_SUPPORTED] bound to: 1'b0 
	Parameter P[DTIM_BASE] bound to: 64'b0000000000000000000000000000000010000000000000000000000000000000 
	Parameter P[DTIM_RANGE] bound to: 64'b0000000000000000000000000000000000000000011111111111111111111111 
	Parameter P[IROM_SUPPORTED] bound to: 1'b0 
	Parameter P[IROM_BASE] bound to: 64'b0000000000000000000000000000000010000000000000000000000000000000 
	Parameter P[IROM_RANGE] bound to: 64'b0000000000000000000000000000000000000000011111111111111111111111 
	Parameter P[BOOTROM_SUPPORTED] bound to: 1'b0 
	Parameter P[BOOTROM_BASE] bound to: 64'b0000000000000000000000000000000000000000000000000001000000000000 
	Parameter P[BOOTROM_RANGE] bound to: 64'b0000000000000000000000000000000000000000000000000000111111111111 
	Parameter P[BOOTROM_PRELOAD] bound to: 1'b0 
	Parameter P[UNCORE_RAM_SUPPORTED] bound to: 1'b1 
	Parameter P[UNCORE_RAM_BASE] bound to: 64'b0000000000000000000000000000000010000000000000000000000000000000 
	Parameter P[UNCORE_RAM_RANGE] bound to: 64'b0000000000000000000000000000000000000000000000001001000000000000 
	Parameter P[UNCORE_RAM_PRELOAD] bound to: 1'b0 
	Parameter P[EXT_MEM_SUPPORTED] bound to: 1'b0 
	Parameter P[EXT_MEM_BASE] bound to: 64'b0000000000000000000000000000000010000000000000000000000000000000 
	Parameter P[EXT_MEM_RANGE] bound to: 64'b0000000000000000000000000000000000000111111111111111111111111111 
	Parameter P[CLINT_SUPPORTED] bound to: 1'b0 
	Parameter P[CLINT_BASE] bound to: 64'b0000000000000000000000000000000000000010000000000000000000000000 
	Parameter P[CLINT_RANGE] bound to: 64'b0000000000000000000000000000000000000000000000001111111111111111 
	Parameter P[GPIO_SUPPORTED] bound to: 1'b0 
	Parameter P[GPIO_BASE] bound to: 64'b0000000000000000000000000000000000010000000001100000000000000000 
	Parameter P[GPIO_RANGE] bound to: 64'b0000000000000000000000000000000000000000000000000000000011111111 
	Parameter P[UART_SUPPORTED] bound to: 1'b1 
	Parameter P[UART_BASE] bound to: 64'b0000000000000000000000000000000000010000000000000000000000000000 
	Parameter P[UART_RANGE] bound to: 64'b0000000000000000000000000000000000000000000000000000000000000111 
	Parameter P[PLIC_SUPPORTED] bound to: 1'b0 
	Parameter P[PLIC_BASE] bound to: 64'b0000000000000000000000000000000000001100000000000000000000000000 
	Parameter P[PLIC_RANGE] bound to: 64'b0000000000000000000000000000000000000011111111111111111111111111 
	Parameter P[SDC_SUPPORTED] bound to: 1'b0 
	Parameter P[SDC_BASE] bound to: 64'b0000000000000000000000000000000000000000000000010011000000000000 
	Parameter P[SDC_RANGE] bound to: 64'b0000000000000000000000000000000000000000000000000000000001111111 
	Parameter P[SPI_SUPPORTED] bound to: 1'b0 
	Parameter P[SPI_BASE] bound to: 64'b0000000000000000000000000000000000010000000001000000000000000000 
	Parameter P[SPI_RANGE] bound to: 64'b0000000000000000000000000000000000000000000000000000111111111111 
	Parameter P[GPIO_LOOPBACK_TEST] bound to: 1'b0 
	Parameter P[SPI_LOOPBACK_TEST] bound to: 1'b1 
	Parameter P[UART_PRESCALE] bound to: 32'sb00000000000000000000000000000001 
	Parameter P[PLIC_NUM_SRC] bound to: 32'sb00000000000000000000000000001010 
	Parameter P[PLIC_NUM_SRC_LT_32] bound to: 1'b1 
	Parameter P[PLIC_GPIO_ID] bound to: 32'sb00000000000000000000000000000011 
	Parameter P[PLIC_UART_ID] bound to: 32'sb00000000000000000000000000001010 
	Parameter P[PLIC_SPI_ID] bound to: 32'sb00000000000000000000000000000110 
	Parameter P[PLIC_SDC_ID] bound to: 32'sb00000000000000000000000000001001 
	Parameter P[BPRED_SUPPORTED] bound to: 1'b1 
	Parameter P[BPRED_TYPE] bound to: 32'b00000000000000000000000000000100 
	Parameter P[BPRED_NUM_LHR] bound to: 32'sb00000000000000000000000000000110 
	Parameter P[BPRED_SIZE] bound to: 32'sb00000000000000000000000000001010 
	Parameter P[BTB_SIZE] bound to: 32'sb00000000000000000000000000001010 
	Parameter P[RAS_SIZE] bound to: 32'sb00000000000000000000000000010000 
	Parameter P[INSTR_CLASS_PRED] bound to: 1'b1 
	Parameter P[RADIX] bound to: 32'sb00000000000000000000000000000100 
	Parameter P[DIVCOPIES] bound to: 32'sb00000000000000000000000000000100 
	Parameter P[ZBA_SUPPORTED] bound to: 1'b0 
	Parameter P[ZBB_SUPPORTED] bound to: 1'b1 
	Parameter P[ZBC_SUPPORTED] bound to: 1'b0 
	Parameter P[ZBS_SUPPORTED] bound to: 1'b0 
	Parameter P[ZCA_SUPPORTED] bound to: 1'b1 
	Parameter P[ZCB_SUPPORTED] bound to: 1'b0 
	Parameter P[ZCD_SUPPORTED] bound to: 1'b0 
	Parameter P[ZCF_SUPPORTED] bound to: 1'b1 
	Parameter P[ZBKB_SUPPORTED] bound to: 1'b0 
	Parameter P[ZBKC_SUPPORTED] bound to: 1'b0 
	Parameter P[ZBKX_SUPPORTED] bound to: 1'b0 
	Parameter P[ZKND_SUPPORTED] bound to: 1'b0 
	Parameter P[ZKNE_SUPPORTED] bound to: 1'b0 
	Parameter P[ZKNH_SUPPORTED] bound to: 1'b0 
	Parameter P[ZKN_SUPPORTED] bound to: 1'b0 
	Parameter P[USE_SRAM] bound to: 1'b1 
	Parameter P[M_MODE] bound to: 2'b00 
	Parameter P[S_MODE] bound to: 2'b01 
	Parameter P[U_MODE] bound to: 2'b10 
	Parameter P[VPN_SEGMENT_BITS] bound to: 32'sb00000000000000000000000000000011 
	Parameter P[VPN_BITS] bound to: 32'sb00000000000000000000000000000100 
	Parameter P[PPN_BITS] bound to: 32'sb00000000000000000000000000100000 
	Parameter P[PA_BITS] bound to: 32'sb00000000000000000000000001000000 
	Parameter P[SVMODE_BITS] bound to: 32'sb00000000000000000000000000000011 
	Parameter P[ASID_BASE] bound to: 32'sb00000000000000000000000000000100 
	Parameter P[ASID_BITS] bound to: 32'sb00000000000000000000000000000100 
	Parameter P[NO_TRANSLATE] bound to: 4'b0011 
	Parameter P[SV32] bound to: 4'b0000 
	Parameter P[SV39] bound to: 4'b0001 
	Parameter P[SV48] bound to: 4'b0010 
	Parameter P[A_SUPPORTED] bound to: 1'b0 
	Parameter P[B_SUPPORTED] bound to: 1'b0 
	Parameter P[C_SUPPORTED] bound to: 1'b0 
	Parameter P[D_SUPPORTED] bound to: 1'b0 
	Parameter P[E_SUPPORTED] bound to: 1'b0 
	Parameter P[F_SUPPORTED] bound to: 1'b0 
	Parameter P[I_SUPPORTED] bound to: 1'b0 
	Parameter P[M_SUPPORTED] bound to: 1'b1 
	Parameter P[Q_SUPPORTED] bound to: 1'b0 
	Parameter P[S_SUPPORTED] bound to: 1'b1 
	Parameter P[U_SUPPORTED] bound to: 1'b1 
	Parameter P[LOG_XLEN] bound to: 32'sb00000000000000000000000000000110 
	Parameter P[FLEN] bound to: 32'sb00000000000000000000000001000000 
	Parameter P[LLEN] bound to: 32'sb00000000000000000000000001000000 
	Parameter WIDTH bound to: 64 - type: integer 
	Parameter WIDTH bound to: 64 - type: integer 
	Parameter WIDTH bound to: 64 - type: integer 
	Parameter WIDTH bound to: 64 - type: integer 
	Parameter WIDTH bound to: 64 - type: integer 
WARNING: [Synth 8-324] index -1 out of range [/home/ishfisav/wally_1/wally_1.srcs/sources_1/imports/cvw/src/generic/lzc.sv:36]
WARNING: [Synth 8-324] index -1 out of range [/home/ishfisav/wally_1/wally_1.srcs/sources_1/imports/cvw/src/generic/lzc.sv:36]
	Parameter WIDTH bound to: 64 - type: integer 
	Parameter WIDTH bound to: 64 - type: integer 
	Parameter WIDTH bound to: 64 - type: integer 
	Parameter P[XLEN] bound to: 32'sb00000000000000000000000001000000 
	Parameter P[IEEE754] bound to: 1'b0 
	Parameter P[MISA] bound to: 32'sb00000000000000000000000000000000 
	Parameter P[AHBW] bound to: 32'sb00000000000000000000000001000000 
	Parameter P[RAM_LATENCY] bound to: 32'sb00000000000000000000000000000000 
	Parameter P[BURST_EN] bound to: 1'b1 
	Parameter P[ZICSR_SUPPORTED] bound to: 1'b1 
	Parameter P[ZIFENCEI_SUPPORTED] bound to: 1'b1 
	Parameter P[COUNTERS] bound to: 12'b000000100000 
	Parameter P[ZICNTR_SUPPORTED] bound to: 1'b1 
	Parameter P[ZIHPM_SUPPORTED] bound to: 1'b1 
	Parameter P[ZFH_SUPPORTED] bound to: 1'b1 
	Parameter P[ZFA_SUPPORTED] bound to: 1'b1 
	Parameter P[SSTC_SUPPORTED] bound to: 1'b1 
	Parameter P[VIRTMEM_SUPPORTED] bound to: 1'b1 
	Parameter P[VECTORED_INTERRUPTS_SUPPORTED] bound to: 1'b1 
	Parameter P[BIGENDIAN_SUPPORTED] bound to: 1'b1 
	Parameter P[SVADU_SUPPORTED] bound to: 1'b1 
	Parameter P[ZMMUL_SUPPORTED] bound to: 1'b1 
	Parameter P[ZICBOM_SUPPORTED] bound to: 1'b1 
	Parameter P[ZICBOZ_SUPPORTED] bound to: 1'b1 
	Parameter P[ZICBOP_SUPPORTED] bound to: 1'b1 
	Parameter P[ZICCLSM_SUPPORTED] bound to: 1'b1 
	Parameter P[ZICOND_SUPPORTED] bound to: 1'b1 
	Parameter P[SVPBMT_SUPPORTED] bound to: 1'b1 
	Parameter P[SVNAPOT_SUPPORTED] bound to: 1'b1 
	Parameter P[SVINVAL_SUPPORTED] bound to: 1'b1 
	Parameter P[ZAAMO_SUPPORTED] bound to: 1'b1 
	Parameter P[ZALRSC_SUPPORTED] bound to: 1'b1 
	Parameter P[BUS_SUPPORTED] bound to: 1'b1 
	Parameter P[DCACHE_SUPPORTED] bound to: 1'b1 
	Parameter P[ICACHE_SUPPORTED] bound to: 1'b1 
	Parameter P[ITLB_ENTRIES] bound to: 32'sb00000000000000000000000000100000 
	Parameter P[DTLB_ENTRIES] bound to: 32'sb00000000000000000000000000100000 
	Parameter P[DCACHE_NUMWAYS] bound to: 32'sb00000000000000000000000000000100 
	Parameter P[DCACHE_WAYSIZEINBYTES] bound to: 32'sb00000000000000000001000000000000 
	Parameter P[DCACHE_LINELENINBITS] bound to: 32'sb00000000000000000000001000000000 
	Parameter P[ICACHE_NUMWAYS] bound to: 32'sb00000000000000000000000000000100 
	Parameter P[ICACHE_WAYSIZEINBYTES] bound to: 32'sb00000000000000000001000000000000 
	Parameter P[ICACHE_LINELENINBITS] bound to: 32'sb00000000000000000000001000000000 
	Parameter P[CACHE_SRAMLEN] bound to: 32'sb00000000000000000000000010000000 
	Parameter P[IDIV_BITSPERCYCLE] bound to: 32'sb00000000000000000000000000000100 
	Parameter P[IDIV_ON_FPU] bound to: 1'b1 
	Parameter P[PMP_ENTRIES] bound to: 32'sb00000000000000000000000000010000 
	Parameter P[RESET_VECTOR] bound to: 64'b0000000000000000000000000000000010000000000000000000000000000000 
	Parameter P[WFI_TIMEOUT_BIT] bound to: 32'sb00000000000000000000000000010000 
	Parameter P[DTIM_SUPPORTED] bound to: 1'b0 
	Parameter P[DTIM_BASE] bound to: 64'b0000000000000000000000000000000010000000000000000000000000000000 
	Parameter P[DTIM_RANGE] bound to: 64'b0000000000000000000000000000000000000000011111111111111111111111 
	Parameter P[IROM_SUPPORTED] bound to: 1'b0 
	Parameter P[IROM_BASE] bound to: 64'b0000000000000000000000000000000010000000000000000000000000000000 
	Parameter P[IROM_RANGE] bound to: 64'b0000000000000000000000000000000000000000011111111111111111111111 
	Parameter P[BOOTROM_SUPPORTED] bound to: 1'b0 
	Parameter P[BOOTROM_BASE] bound to: 64'b0000000000000000000000000000000000000000000000000001000000000000 
	Parameter P[BOOTROM_RANGE] bound to: 64'b0000000000000000000000000000000000000000000000000000111111111111 
	Parameter P[BOOTROM_PRELOAD] bound to: 1'b0 
	Parameter P[UNCORE_RAM_SUPPORTED] bound to: 1'b1 
	Parameter P[UNCORE_RAM_BASE] bound to: 64'b0000000000000000000000000000000010000000000000000000000000000000 
	Parameter P[UNCORE_RAM_RANGE] bound to: 64'b0000000000000000000000000000000000000000000000001001000000000000 
	Parameter P[UNCORE_RAM_PRELOAD] bound to: 1'b0 
	Parameter P[EXT_MEM_SUPPORTED] bound to: 1'b0 
	Parameter P[EXT_MEM_BASE] bound to: 64'b0000000000000000000000000000000010000000000000000000000000000000 
	Parameter P[EXT_MEM_RANGE] bound to: 64'b0000000000000000000000000000000000000111111111111111111111111111 
	Parameter P[CLINT_SUPPORTED] bound to: 1'b0 
	Parameter P[CLINT_BASE] bound to: 64'b0000000000000000000000000000000000000010000000000000000000000000 
	Parameter P[CLINT_RANGE] bound to: 64'b0000000000000000000000000000000000000000000000001111111111111111 
	Parameter P[GPIO_SUPPORTED] bound to: 1'b0 
	Parameter P[GPIO_BASE] bound to: 64'b0000000000000000000000000000000000010000000001100000000000000000 
	Parameter P[GPIO_RANGE] bound to: 64'b0000000000000000000000000000000000000000000000000000000011111111 
	Parameter P[UART_SUPPORTED] bound to: 1'b1 
	Parameter P[UART_BASE] bound to: 64'b0000000000000000000000000000000000010000000000000000000000000000 
	Parameter P[UART_RANGE] bound to: 64'b0000000000000000000000000000000000000000000000000000000000000111 
	Parameter P[PLIC_SUPPORTED] bound to: 1'b0 
	Parameter P[PLIC_BASE] bound to: 64'b0000000000000000000000000000000000001100000000000000000000000000 
	Parameter P[PLIC_RANGE] bound to: 64'b0000000000000000000000000000000000000011111111111111111111111111 
	Parameter P[SDC_SUPPORTED] bound to: 1'b0 
	Parameter P[SDC_BASE] bound to: 64'b0000000000000000000000000000000000000000000000010011000000000000 
	Parameter P[SDC_RANGE] bound to: 64'b0000000000000000000000000000000000000000000000000000000001111111 
	Parameter P[SPI_SUPPORTED] bound to: 1'b0 
	Parameter P[SPI_BASE] bound to: 64'b0000000000000000000000000000000000010000000001000000000000000000 
	Parameter P[SPI_RANGE] bound to: 64'b0000000000000000000000000000000000000000000000000000111111111111 
	Parameter P[GPIO_LOOPBACK_TEST] bound to: 1'b0 
	Parameter P[SPI_LOOPBACK_TEST] bound to: 1'b1 
	Parameter P[UART_PRESCALE] bound to: 32'sb00000000000000000000000000000001 
	Parameter P[PLIC_NUM_SRC] bound to: 32'sb00000000000000000000000000001010 
	Parameter P[PLIC_NUM_SRC_LT_32] bound to: 1'b1 
	Parameter P[PLIC_GPIO_ID] bound to: 32'sb00000000000000000000000000000011 
	Parameter P[PLIC_UART_ID] bound to: 32'sb00000000000000000000000000001010 
	Parameter P[PLIC_SPI_ID] bound to: 32'sb00000000000000000000000000000110 
	Parameter P[PLIC_SDC_ID] bound to: 32'sb00000000000000000000000000001001 
	Parameter P[BPRED_SUPPORTED] bound to: 1'b1 
	Parameter P[BPRED_TYPE] bound to: 32'b00000000000000000000000000000100 
	Parameter P[BPRED_NUM_LHR] bound to: 32'sb00000000000000000000000000000110 
	Parameter P[BPRED_SIZE] bound to: 32'sb00000000000000000000000000001010 
	Parameter P[BTB_SIZE] bound to: 32'sb00000000000000000000000000001010 
	Parameter P[RAS_SIZE] bound to: 32'sb00000000000000000000000000010000 
	Parameter P[INSTR_CLASS_PRED] bound to: 1'b1 
	Parameter P[RADIX] bound to: 32'sb00000000000000000000000000000100 
	Parameter P[DIVCOPIES] bound to: 32'sb00000000000000000000000000000100 
	Parameter P[ZBA_SUPPORTED] bound to: 1'b0 
	Parameter P[ZBB_SUPPORTED] bound to: 1'b1 
	Parameter P[ZBC_SUPPORTED] bound to: 1'b0 
	Parameter P[ZBS_SUPPORTED] bound to: 1'b0 
	Parameter P[ZCA_SUPPORTED] bound to: 1'b1 
	Parameter P[ZCB_SUPPORTED] bound to: 1'b0 
	Parameter P[ZCD_SUPPORTED] bound to: 1'b0 
	Parameter P[ZCF_SUPPORTED] bound to: 1'b1 
	Parameter P[ZBKB_SUPPORTED] bound to: 1'b0 
	Parameter P[ZBKC_SUPPORTED] bound to: 1'b0 
	Parameter P[ZBKX_SUPPORTED] bound to: 1'b0 
	Parameter P[ZKND_SUPPORTED] bound to: 1'b0 
	Parameter P[ZKNE_SUPPORTED] bound to: 1'b0 
	Parameter P[ZKNH_SUPPORTED] bound to: 1'b0 
	Parameter P[ZKN_SUPPORTED] bound to: 1'b0 
	Parameter P[USE_SRAM] bound to: 1'b1 
	Parameter P[M_MODE] bound to: 2'b00 
	Parameter P[S_MODE] bound to: 2'b01 
	Parameter P[U_MODE] bound to: 2'b10 
	Parameter P[VPN_SEGMENT_BITS] bound to: 32'sb00000000000000000000000000000011 
	Parameter P[VPN_BITS] bound to: 32'sb00000000000000000000000000000100 
	Parameter P[PPN_BITS] bound to: 32'sb00000000000000000000000000100000 
	Parameter P[PA_BITS] bound to: 32'sb00000000000000000000000001000000 
	Parameter P[SVMODE_BITS] bound to: 32'sb00000000000000000000000000000011 
	Parameter P[ASID_BASE] bound to: 32'sb00000000000000000000000000000100 
	Parameter P[ASID_BITS] bound to: 32'sb00000000000000000000000000000100 
	Parameter P[NO_TRANSLATE] bound to: 4'b0011 
	Parameter P[SV32] bound to: 4'b0000 
	Parameter P[SV39] bound to: 4'b0001 
	Parameter P[SV48] bound to: 4'b0010 
	Parameter P[A_SUPPORTED] bound to: 1'b0 
	Parameter P[B_SUPPORTED] bound to: 1'b0 
	Parameter P[C_SUPPORTED] bound to: 1'b0 
	Parameter P[D_SUPPORTED] bound to: 1'b0 
	Parameter P[E_SUPPORTED] bound to: 1'b0 
	Parameter P[F_SUPPORTED] bound to: 1'b0 
	Parameter P[I_SUPPORTED] bound to: 1'b0 
	Parameter P[M_SUPPORTED] bound to: 1'b1 
	Parameter P[Q_SUPPORTED] bound to: 1'b0 
	Parameter P[S_SUPPORTED] bound to: 1'b1 
	Parameter P[U_SUPPORTED] bound to: 1'b1 
	Parameter P[LOG_XLEN] bound to: 32'sb00000000000000000000000000000110 
	Parameter P[FLEN] bound to: 32'sb00000000000000000000000001000000 
	Parameter P[LLEN] bound to: 32'sb00000000000000000000000001000000 
	Parameter WIDTH bound to: 64 - type: integer 
	Parameter P[XLEN] bound to: 32'sb00000000000000000000000001000000 
	Parameter P[IEEE754] bound to: 1'b0 
	Parameter P[MISA] bound to: 32'sb00000000000000000000000000000000 
	Parameter P[AHBW] bound to: 32'sb00000000000000000000000001000000 
	Parameter P[RAM_LATENCY] bound to: 32'sb00000000000000000000000000000000 
	Parameter P[BURST_EN] bound to: 1'b1 
	Parameter P[ZICSR_SUPPORTED] bound to: 1'b1 
	Parameter P[ZIFENCEI_SUPPORTED] bound to: 1'b1 
	Parameter P[COUNTERS] bound to: 12'b000000100000 
	Parameter P[ZICNTR_SUPPORTED] bound to: 1'b1 
	Parameter P[ZIHPM_SUPPORTED] bound to: 1'b1 
	Parameter P[ZFH_SUPPORTED] bound to: 1'b1 
	Parameter P[ZFA_SUPPORTED] bound to: 1'b1 
	Parameter P[SSTC_SUPPORTED] bound to: 1'b1 
	Parameter P[VIRTMEM_SUPPORTED] bound to: 1'b1 
	Parameter P[VECTORED_INTERRUPTS_SUPPORTED] bound to: 1'b1 
	Parameter P[BIGENDIAN_SUPPORTED] bound to: 1'b1 
	Parameter P[SVADU_SUPPORTED] bound to: 1'b1 
	Parameter P[ZMMUL_SUPPORTED] bound to: 1'b1 
	Parameter P[ZICBOM_SUPPORTED] bound to: 1'b1 
	Parameter P[ZICBOZ_SUPPORTED] bound to: 1'b1 
	Parameter P[ZICBOP_SUPPORTED] bound to: 1'b1 
	Parameter P[ZICCLSM_SUPPORTED] bound to: 1'b1 
	Parameter P[ZICOND_SUPPORTED] bound to: 1'b1 
	Parameter P[SVPBMT_SUPPORTED] bound to: 1'b1 
	Parameter P[SVNAPOT_SUPPORTED] bound to: 1'b1 
	Parameter P[SVINVAL_SUPPORTED] bound to: 1'b1 
	Parameter P[ZAAMO_SUPPORTED] bound to: 1'b1 
	Parameter P[ZALRSC_SUPPORTED] bound to: 1'b1 
	Parameter P[BUS_SUPPORTED] bound to: 1'b1 
	Parameter P[DCACHE_SUPPORTED] bound to: 1'b1 
	Parameter P[ICACHE_SUPPORTED] bound to: 1'b1 
	Parameter P[ITLB_ENTRIES] bound to: 32'sb00000000000000000000000000100000 
	Parameter P[DTLB_ENTRIES] bound to: 32'sb00000000000000000000000000100000 
	Parameter P[DCACHE_NUMWAYS] bound to: 32'sb00000000000000000000000000000100 
	Parameter P[DCACHE_WAYSIZEINBYTES] bound to: 32'sb00000000000000000001000000000000 
	Parameter P[DCACHE_LINELENINBITS] bound to: 32'sb00000000000000000000001000000000 
	Parameter P[ICACHE_NUMWAYS] bound to: 32'sb00000000000000000000000000000100 
	Parameter P[ICACHE_WAYSIZEINBYTES] bound to: 32'sb00000000000000000001000000000000 
	Parameter P[ICACHE_LINELENINBITS] bound to: 32'sb00000000000000000000001000000000 
	Parameter P[CACHE_SRAMLEN] bound to: 32'sb00000000000000000000000010000000 
	Parameter P[IDIV_BITSPERCYCLE] bound to: 32'sb00000000000000000000000000000100 
	Parameter P[IDIV_ON_FPU] bound to: 1'b1 
	Parameter P[PMP_ENTRIES] bound to: 32'sb00000000000000000000000000010000 
	Parameter P[RESET_VECTOR] bound to: 64'b0000000000000000000000000000000010000000000000000000000000000000 
	Parameter P[WFI_TIMEOUT_BIT] bound to: 32'sb00000000000000000000000000010000 
	Parameter P[DTIM_SUPPORTED] bound to: 1'b0 
	Parameter P[DTIM_BASE] bound to: 64'b0000000000000000000000000000000010000000000000000000000000000000 
	Parameter P[DTIM_RANGE] bound to: 64'b0000000000000000000000000000000000000000011111111111111111111111 
	Parameter P[IROM_SUPPORTED] bound to: 1'b0 
	Parameter P[IROM_BASE] bound to: 64'b0000000000000000000000000000000010000000000000000000000000000000 
	Parameter P[IROM_RANGE] bound to: 64'b0000000000000000000000000000000000000000011111111111111111111111 
	Parameter P[BOOTROM_SUPPORTED] bound to: 1'b0 
	Parameter P[BOOTROM_BASE] bound to: 64'b0000000000000000000000000000000000000000000000000001000000000000 
	Parameter P[BOOTROM_RANGE] bound to: 64'b0000000000000000000000000000000000000000000000000000111111111111 
	Parameter P[BOOTROM_PRELOAD] bound to: 1'b0 
	Parameter P[UNCORE_RAM_SUPPORTED] bound to: 1'b1 
	Parameter P[UNCORE_RAM_BASE] bound to: 64'b0000000000000000000000000000000010000000000000000000000000000000 
	Parameter P[UNCORE_RAM_RANGE] bound to: 64'b0000000000000000000000000000000000000000000000001001000000000000 
	Parameter P[UNCORE_RAM_PRELOAD] bound to: 1'b0 
	Parameter P[EXT_MEM_SUPPORTED] bound to: 1'b0 
	Parameter P[EXT_MEM_BASE] bound to: 64'b0000000000000000000000000000000010000000000000000000000000000000 
	Parameter P[EXT_MEM_RANGE] bound to: 64'b0000000000000000000000000000000000000111111111111111111111111111 
	Parameter P[CLINT_SUPPORTED] bound to: 1'b0 
	Parameter P[CLINT_BASE] bound to: 64'b0000000000000000000000000000000000000010000000000000000000000000 
	Parameter P[CLINT_RANGE] bound to: 64'b0000000000000000000000000000000000000000000000001111111111111111 
	Parameter P[GPIO_SUPPORTED] bound to: 1'b0 
	Parameter P[GPIO_BASE] bound to: 64'b0000000000000000000000000000000000010000000001100000000000000000 
	Parameter P[GPIO_RANGE] bound to: 64'b0000000000000000000000000000000000000000000000000000000011111111 
	Parameter P[UART_SUPPORTED] bound to: 1'b1 
	Parameter P[UART_BASE] bound to: 64'b0000000000000000000000000000000000010000000000000000000000000000 
	Parameter P[UART_RANGE] bound to: 64'b0000000000000000000000000000000000000000000000000000000000000111 
	Parameter P[PLIC_SUPPORTED] bound to: 1'b0 
	Parameter P[PLIC_BASE] bound to: 64'b0000000000000000000000000000000000001100000000000000000000000000 
	Parameter P[PLIC_RANGE] bound to: 64'b0000000000000000000000000000000000000011111111111111111111111111 
	Parameter P[SDC_SUPPORTED] bound to: 1'b0 
	Parameter P[SDC_BASE] bound to: 64'b0000000000000000000000000000000000000000000000010011000000000000 
	Parameter P[SDC_RANGE] bound to: 64'b0000000000000000000000000000000000000000000000000000000001111111 
	Parameter P[SPI_SUPPORTED] bound to: 1'b0 
	Parameter P[SPI_BASE] bound to: 64'b0000000000000000000000000000000000010000000001000000000000000000 
	Parameter P[SPI_RANGE] bound to: 64'b0000000000000000000000000000000000000000000000000000111111111111 
	Parameter P[GPIO_LOOPBACK_TEST] bound to: 1'b0 
	Parameter P[SPI_LOOPBACK_TEST] bound to: 1'b1 
	Parameter P[UART_PRESCALE] bound to: 32'sb00000000000000000000000000000001 
	Parameter P[PLIC_NUM_SRC] bound to: 32'sb00000000000000000000000000001010 
	Parameter P[PLIC_NUM_SRC_LT_32] bound to: 1'b1 
	Parameter P[PLIC_GPIO_ID] bound to: 32'sb00000000000000000000000000000011 
	Parameter P[PLIC_UART_ID] bound to: 32'sb00000000000000000000000000001010 
	Parameter P[PLIC_SPI_ID] bound to: 32'sb00000000000000000000000000000110 
	Parameter P[PLIC_SDC_ID] bound to: 32'sb00000000000000000000000000001001 
	Parameter P[BPRED_SUPPORTED] bound to: 1'b1 
	Parameter P[BPRED_TYPE] bound to: 32'b00000000000000000000000000000100 
	Parameter P[BPRED_NUM_LHR] bound to: 32'sb00000000000000000000000000000110 
	Parameter P[BPRED_SIZE] bound to: 32'sb00000000000000000000000000001010 
	Parameter P[BTB_SIZE] bound to: 32'sb00000000000000000000000000001010 
	Parameter P[RAS_SIZE] bound to: 32'sb00000000000000000000000000010000 
	Parameter P[INSTR_CLASS_PRED] bound to: 1'b1 
	Parameter P[RADIX] bound to: 32'sb00000000000000000000000000000100 
	Parameter P[DIVCOPIES] bound to: 32'sb00000000000000000000000000000100 
	Parameter P[ZBA_SUPPORTED] bound to: 1'b0 
	Parameter P[ZBB_SUPPORTED] bound to: 1'b1 
	Parameter P[ZBC_SUPPORTED] bound to: 1'b0 
	Parameter P[ZBS_SUPPORTED] bound to: 1'b0 
	Parameter P[ZCA_SUPPORTED] bound to: 1'b1 
	Parameter P[ZCB_SUPPORTED] bound to: 1'b0 
	Parameter P[ZCD_SUPPORTED] bound to: 1'b0 
	Parameter P[ZCF_SUPPORTED] bound to: 1'b1 
	Parameter P[ZBKB_SUPPORTED] bound to: 1'b0 
	Parameter P[ZBKC_SUPPORTED] bound to: 1'b0 
	Parameter P[ZBKX_SUPPORTED] bound to: 1'b0 
	Parameter P[ZKND_SUPPORTED] bound to: 1'b0 
	Parameter P[ZKNE_SUPPORTED] bound to: 1'b0 
	Parameter P[ZKNH_SUPPORTED] bound to: 1'b0 
	Parameter P[ZKN_SUPPORTED] bound to: 1'b0 
	Parameter P[USE_SRAM] bound to: 1'b1 
	Parameter P[M_MODE] bound to: 2'b00 
	Parameter P[S_MODE] bound to: 2'b01 
	Parameter P[U_MODE] bound to: 2'b10 
	Parameter P[VPN_SEGMENT_BITS] bound to: 32'sb00000000000000000000000000000011 
	Parameter P[VPN_BITS] bound to: 32'sb00000000000000000000000000000100 
	Parameter P[PPN_BITS] bound to: 32'sb00000000000000000000000000100000 
	Parameter P[PA_BITS] bound to: 32'sb00000000000000000000000001000000 
	Parameter P[SVMODE_BITS] bound to: 32'sb00000000000000000000000000000011 
	Parameter P[ASID_BASE] bound to: 32'sb00000000000000000000000000000100 
	Parameter P[ASID_BITS] bound to: 32'sb00000000000000000000000000000100 
	Parameter P[NO_TRANSLATE] bound to: 4'b0011 
	Parameter P[SV32] bound to: 4'b0000 
	Parameter P[SV39] bound to: 4'b0001 
	Parameter P[SV48] bound to: 4'b0010 
	Parameter P[A_SUPPORTED] bound to: 1'b0 
	Parameter P[B_SUPPORTED] bound to: 1'b0 
	Parameter P[C_SUPPORTED] bound to: 1'b0 
	Parameter P[D_SUPPORTED] bound to: 1'b0 
	Parameter P[E_SUPPORTED] bound to: 1'b0 
	Parameter P[F_SUPPORTED] bound to: 1'b0 
	Parameter P[I_SUPPORTED] bound to: 1'b0 
	Parameter P[M_SUPPORTED] bound to: 1'b1 
	Parameter P[Q_SUPPORTED] bound to: 1'b0 
	Parameter P[S_SUPPORTED] bound to: 1'b1 
	Parameter P[U_SUPPORTED] bound to: 1'b1 
	Parameter P[LOG_XLEN] bound to: 32'sb00000000000000000000000000000110 
	Parameter P[FLEN] bound to: 32'sb00000000000000000000000001000000 
	Parameter P[LLEN] bound to: 32'sb00000000000000000000000001000000 
	Parameter P[XLEN] bound to: 32'sb00000000000000000000000001000000 
	Parameter P[IEEE754] bound to: 1'b0 
	Parameter P[MISA] bound to: 32'sb00000000000000000000000000000000 
	Parameter P[AHBW] bound to: 32'sb00000000000000000000000001000000 
	Parameter P[RAM_LATENCY] bound to: 32'sb00000000000000000000000000000000 
	Parameter P[BURST_EN] bound to: 1'b1 
	Parameter P[ZICSR_SUPPORTED] bound to: 1'b1 
	Parameter P[ZIFENCEI_SUPPORTED] bound to: 1'b1 
	Parameter P[COUNTERS] bound to: 12'b000000100000 
	Parameter P[ZICNTR_SUPPORTED] bound to: 1'b1 
	Parameter P[ZIHPM_SUPPORTED] bound to: 1'b1 
	Parameter P[ZFH_SUPPORTED] bound to: 1'b1 
	Parameter P[ZFA_SUPPORTED] bound to: 1'b1 
	Parameter P[SSTC_SUPPORTED] bound to: 1'b1 
	Parameter P[VIRTMEM_SUPPORTED] bound to: 1'b1 
	Parameter P[VECTORED_INTERRUPTS_SUPPORTED] bound to: 1'b1 
	Parameter P[BIGENDIAN_SUPPORTED] bound to: 1'b1 
	Parameter P[SVADU_SUPPORTED] bound to: 1'b1 
	Parameter P[ZMMUL_SUPPORTED] bound to: 1'b1 
	Parameter P[ZICBOM_SUPPORTED] bound to: 1'b1 
	Parameter P[ZICBOZ_SUPPORTED] bound to: 1'b1 
	Parameter P[ZICBOP_SUPPORTED] bound to: 1'b1 
	Parameter P[ZICCLSM_SUPPORTED] bound to: 1'b1 
	Parameter P[ZICOND_SUPPORTED] bound to: 1'b1 
	Parameter P[SVPBMT_SUPPORTED] bound to: 1'b1 
	Parameter P[SVNAPOT_SUPPORTED] bound to: 1'b1 
	Parameter P[SVINVAL_SUPPORTED] bound to: 1'b1 
	Parameter P[ZAAMO_SUPPORTED] bound to: 1'b1 
	Parameter P[ZALRSC_SUPPORTED] bound to: 1'b1 
	Parameter P[BUS_SUPPORTED] bound to: 1'b1 
	Parameter P[DCACHE_SUPPORTED] bound to: 1'b1 
	Parameter P[ICACHE_SUPPORTED] bound to: 1'b1 
	Parameter P[ITLB_ENTRIES] bound to: 32'sb00000000000000000000000000100000 
	Parameter P[DTLB_ENTRIES] bound to: 32'sb00000000000000000000000000100000 
	Parameter P[DCACHE_NUMWAYS] bound to: 32'sb00000000000000000000000000000100 
	Parameter P[DCACHE_WAYSIZEINBYTES] bound to: 32'sb00000000000000000001000000000000 
	Parameter P[DCACHE_LINELENINBITS] bound to: 32'sb00000000000000000000001000000000 
	Parameter P[ICACHE_NUMWAYS] bound to: 32'sb00000000000000000000000000000100 
	Parameter P[ICACHE_WAYSIZEINBYTES] bound to: 32'sb00000000000000000001000000000000 
	Parameter P[ICACHE_LINELENINBITS] bound to: 32'sb00000000000000000000001000000000 
	Parameter P[CACHE_SRAMLEN] bound to: 32'sb00000000000000000000000010000000 
	Parameter P[IDIV_BITSPERCYCLE] bound to: 32'sb00000000000000000000000000000100 
	Parameter P[IDIV_ON_FPU] bound to: 1'b1 
	Parameter P[PMP_ENTRIES] bound to: 32'sb00000000000000000000000000010000 
	Parameter P[RESET_VECTOR] bound to: 64'b0000000000000000000000000000000010000000000000000000000000000000 
	Parameter P[WFI_TIMEOUT_BIT] bound to: 32'sb00000000000000000000000000010000 
	Parameter P[DTIM_SUPPORTED] bound to: 1'b0 
	Parameter P[DTIM_BASE] bound to: 64'b0000000000000000000000000000000010000000000000000000000000000000 
	Parameter P[DTIM_RANGE] bound to: 64'b0000000000000000000000000000000000000000011111111111111111111111 
	Parameter P[IROM_SUPPORTED] bound to: 1'b0 
	Parameter P[IROM_BASE] bound to: 64'b0000000000000000000000000000000010000000000000000000000000000000 
	Parameter P[IROM_RANGE] bound to: 64'b0000000000000000000000000000000000000000011111111111111111111111 
	Parameter P[BOOTROM_SUPPORTED] bound to: 1'b0 
	Parameter P[BOOTROM_BASE] bound to: 64'b0000000000000000000000000000000000000000000000000001000000000000 
	Parameter P[BOOTROM_RANGE] bound to: 64'b0000000000000000000000000000000000000000000000000000111111111111 
	Parameter P[BOOTROM_PRELOAD] bound to: 1'b0 
	Parameter P[UNCORE_RAM_SUPPORTED] bound to: 1'b1 
	Parameter P[UNCORE_RAM_BASE] bound to: 64'b0000000000000000000000000000000010000000000000000000000000000000 
	Parameter P[UNCORE_RAM_RANGE] bound to: 64'b0000000000000000000000000000000000000000000000001001000000000000 
	Parameter P[UNCORE_RAM_PRELOAD] bound to: 1'b0 
	Parameter P[EXT_MEM_SUPPORTED] bound to: 1'b0 
	Parameter P[EXT_MEM_BASE] bound to: 64'b0000000000000000000000000000000010000000000000000000000000000000 
	Parameter P[EXT_MEM_RANGE] bound to: 64'b0000000000000000000000000000000000000111111111111111111111111111 
	Parameter P[CLINT_SUPPORTED] bound to: 1'b0 
	Parameter P[CLINT_BASE] bound to: 64'b0000000000000000000000000000000000000010000000000000000000000000 
	Parameter P[CLINT_RANGE] bound to: 64'b0000000000000000000000000000000000000000000000001111111111111111 
	Parameter P[GPIO_SUPPORTED] bound to: 1'b0 
	Parameter P[GPIO_BASE] bound to: 64'b0000000000000000000000000000000000010000000001100000000000000000 
	Parameter P[GPIO_RANGE] bound to: 64'b0000000000000000000000000000000000000000000000000000000011111111 
	Parameter P[UART_SUPPORTED] bound to: 1'b1 
	Parameter P[UART_BASE] bound to: 64'b0000000000000000000000000000000000010000000000000000000000000000 
	Parameter P[UART_RANGE] bound to: 64'b0000000000000000000000000000000000000000000000000000000000000111 
	Parameter P[PLIC_SUPPORTED] bound to: 1'b0 
	Parameter P[PLIC_BASE] bound to: 64'b0000000000000000000000000000000000001100000000000000000000000000 
	Parameter P[PLIC_RANGE] bound to: 64'b0000000000000000000000000000000000000011111111111111111111111111 
	Parameter P[SDC_SUPPORTED] bound to: 1'b0 
	Parameter P[SDC_BASE] bound to: 64'b0000000000000000000000000000000000000000000000010011000000000000 
	Parameter P[SDC_RANGE] bound to: 64'b0000000000000000000000000000000000000000000000000000000001111111 
	Parameter P[SPI_SUPPORTED] bound to: 1'b0 
	Parameter P[SPI_BASE] bound to: 64'b0000000000000000000000000000000000010000000001000000000000000000 
	Parameter P[SPI_RANGE] bound to: 64'b0000000000000000000000000000000000000000000000000000111111111111 
	Parameter P[GPIO_LOOPBACK_TEST] bound to: 1'b0 
	Parameter P[SPI_LOOPBACK_TEST] bound to: 1'b1 
	Parameter P[UART_PRESCALE] bound to: 32'sb00000000000000000000000000000001 
	Parameter P[PLIC_NUM_SRC] bound to: 32'sb00000000000000000000000000001010 
	Parameter P[PLIC_NUM_SRC_LT_32] bound to: 1'b1 
	Parameter P[PLIC_GPIO_ID] bound to: 32'sb00000000000000000000000000000011 
	Parameter P[PLIC_UART_ID] bound to: 32'sb00000000000000000000000000001010 
	Parameter P[PLIC_SPI_ID] bound to: 32'sb00000000000000000000000000000110 
	Parameter P[PLIC_SDC_ID] bound to: 32'sb00000000000000000000000000001001 
	Parameter P[BPRED_SUPPORTED] bound to: 1'b1 
	Parameter P[BPRED_TYPE] bound to: 32'b00000000000000000000000000000100 
	Parameter P[BPRED_NUM_LHR] bound to: 32'sb00000000000000000000000000000110 
	Parameter P[BPRED_SIZE] bound to: 32'sb00000000000000000000000000001010 
	Parameter P[BTB_SIZE] bound to: 32'sb00000000000000000000000000001010 
	Parameter P[RAS_SIZE] bound to: 32'sb00000000000000000000000000010000 
	Parameter P[INSTR_CLASS_PRED] bound to: 1'b1 
	Parameter P[RADIX] bound to: 32'sb00000000000000000000000000000100 
	Parameter P[DIVCOPIES] bound to: 32'sb00000000000000000000000000000100 
	Parameter P[ZBA_SUPPORTED] bound to: 1'b0 
	Parameter P[ZBB_SUPPORTED] bound to: 1'b1 
	Parameter P[ZBC_SUPPORTED] bound to: 1'b0 
	Parameter P[ZBS_SUPPORTED] bound to: 1'b0 
	Parameter P[ZCA_SUPPORTED] bound to: 1'b1 
	Parameter P[ZCB_SUPPORTED] bound to: 1'b0 
	Parameter P[ZCD_SUPPORTED] bound to: 1'b0 
	Parameter P[ZCF_SUPPORTED] bound to: 1'b1 
	Parameter P[ZBKB_SUPPORTED] bound to: 1'b0 
	Parameter P[ZBKC_SUPPORTED] bound to: 1'b0 
	Parameter P[ZBKX_SUPPORTED] bound to: 1'b0 
	Parameter P[ZKND_SUPPORTED] bound to: 1'b0 
	Parameter P[ZKNE_SUPPORTED] bound to: 1'b0 
	Parameter P[ZKNH_SUPPORTED] bound to: 1'b0 
	Parameter P[ZKN_SUPPORTED] bound to: 1'b0 
	Parameter P[USE_SRAM] bound to: 1'b1 
	Parameter P[M_MODE] bound to: 2'b00 
	Parameter P[S_MODE] bound to: 2'b01 
	Parameter P[U_MODE] bound to: 2'b10 
	Parameter P[VPN_SEGMENT_BITS] bound to: 32'sb00000000000000000000000000000011 
	Parameter P[VPN_BITS] bound to: 32'sb00000000000000000000000000000100 
	Parameter P[PPN_BITS] bound to: 32'sb00000000000000000000000000100000 
	Parameter P[PA_BITS] bound to: 32'sb00000000000000000000000001000000 
	Parameter P[SVMODE_BITS] bound to: 32'sb00000000000000000000000000000011 
	Parameter P[ASID_BASE] bound to: 32'sb00000000000000000000000000000100 
	Parameter P[ASID_BITS] bound to: 32'sb00000000000000000000000000000100 
	Parameter P[NO_TRANSLATE] bound to: 4'b0011 
	Parameter P[SV32] bound to: 4'b0000 
	Parameter P[SV39] bound to: 4'b0001 
	Parameter P[SV48] bound to: 4'b0010 
	Parameter P[A_SUPPORTED] bound to: 1'b0 
	Parameter P[B_SUPPORTED] bound to: 1'b0 
	Parameter P[C_SUPPORTED] bound to: 1'b0 
	Parameter P[D_SUPPORTED] bound to: 1'b0 
	Parameter P[E_SUPPORTED] bound to: 1'b0 
	Parameter P[F_SUPPORTED] bound to: 1'b0 
	Parameter P[I_SUPPORTED] bound to: 1'b0 
	Parameter P[M_SUPPORTED] bound to: 1'b1 
	Parameter P[Q_SUPPORTED] bound to: 1'b0 
	Parameter P[S_SUPPORTED] bound to: 1'b1 
	Parameter P[U_SUPPORTED] bound to: 1'b1 
	Parameter P[LOG_XLEN] bound to: 32'sb00000000000000000000000000000110 
	Parameter P[FLEN] bound to: 32'sb00000000000000000000000001000000 
	Parameter P[LLEN] bound to: 32'sb00000000000000000000000001000000 
WARNING: [Synth 8-693] zero replication count - replication ignored [/home/ishfisav/wally_1/wally_1.srcs/sources_1/imports/cvw/src/lsu/align.sv:103]
INFO: [Synth 8-226] default block is never used [/home/ishfisav/wally_1/wally_1.srcs/sources_1/imports/cvw/src/lsu/align.sv:109]
	Parameter WIDTH bound to: 128 - type: integer 
	Parameter WIDTH bound to: 16 - type: integer 
	Parameter P[XLEN] bound to: 32'sb00000000000000000000000001000000 
	Parameter P[IEEE754] bound to: 1'b0 
	Parameter P[MISA] bound to: 32'sb00000000000000000000000000000000 
	Parameter P[AHBW] bound to: 32'sb00000000000000000000000001000000 
	Parameter P[RAM_LATENCY] bound to: 32'sb00000000000000000000000000000000 
	Parameter P[BURST_EN] bound to: 1'b1 
	Parameter P[ZICSR_SUPPORTED] bound to: 1'b1 
	Parameter P[ZIFENCEI_SUPPORTED] bound to: 1'b1 
	Parameter P[COUNTERS] bound to: 12'b000000100000 
	Parameter P[ZICNTR_SUPPORTED] bound to: 1'b1 
	Parameter P[ZIHPM_SUPPORTED] bound to: 1'b1 
	Parameter P[ZFH_SUPPORTED] bound to: 1'b1 
	Parameter P[ZFA_SUPPORTED] bound to: 1'b1 
	Parameter P[SSTC_SUPPORTED] bound to: 1'b1 
	Parameter P[VIRTMEM_SUPPORTED] bound to: 1'b1 
	Parameter P[VECTORED_INTERRUPTS_SUPPORTED] bound to: 1'b1 
	Parameter P[BIGENDIAN_SUPPORTED] bound to: 1'b1 
	Parameter P[SVADU_SUPPORTED] bound to: 1'b1 
	Parameter P[ZMMUL_SUPPORTED] bound to: 1'b1 
	Parameter P[ZICBOM_SUPPORTED] bound to: 1'b1 
	Parameter P[ZICBOZ_SUPPORTED] bound to: 1'b1 
	Parameter P[ZICBOP_SUPPORTED] bound to: 1'b1 
	Parameter P[ZICCLSM_SUPPORTED] bound to: 1'b1 
	Parameter P[ZICOND_SUPPORTED] bound to: 1'b1 
	Parameter P[SVPBMT_SUPPORTED] bound to: 1'b1 
	Parameter P[SVNAPOT_SUPPORTED] bound to: 1'b1 
	Parameter P[SVINVAL_SUPPORTED] bound to: 1'b1 
	Parameter P[ZAAMO_SUPPORTED] bound to: 1'b1 
	Parameter P[ZALRSC_SUPPORTED] bound to: 1'b1 
	Parameter P[BUS_SUPPORTED] bound to: 1'b1 
	Parameter P[DCACHE_SUPPORTED] bound to: 1'b1 
	Parameter P[ICACHE_SUPPORTED] bound to: 1'b1 
	Parameter P[ITLB_ENTRIES] bound to: 32'sb00000000000000000000000000100000 
	Parameter P[DTLB_ENTRIES] bound to: 32'sb00000000000000000000000000100000 
	Parameter P[DCACHE_NUMWAYS] bound to: 32'sb00000000000000000000000000000100 
	Parameter P[DCACHE_WAYSIZEINBYTES] bound to: 32'sb00000000000000000001000000000000 
	Parameter P[DCACHE_LINELENINBITS] bound to: 32'sb00000000000000000000001000000000 
	Parameter P[ICACHE_NUMWAYS] bound to: 32'sb00000000000000000000000000000100 
	Parameter P[ICACHE_WAYSIZEINBYTES] bound to: 32'sb00000000000000000001000000000000 
	Parameter P[ICACHE_LINELENINBITS] bound to: 32'sb00000000000000000000001000000000 
	Parameter P[CACHE_SRAMLEN] bound to: 32'sb00000000000000000000000010000000 
	Parameter P[IDIV_BITSPERCYCLE] bound to: 32'sb00000000000000000000000000000100 
	Parameter P[IDIV_ON_FPU] bound to: 1'b1 
	Parameter P[PMP_ENTRIES] bound to: 32'sb00000000000000000000000000010000 
	Parameter P[RESET_VECTOR] bound to: 64'b0000000000000000000000000000000010000000000000000000000000000000 
	Parameter P[WFI_TIMEOUT_BIT] bound to: 32'sb00000000000000000000000000010000 
	Parameter P[DTIM_SUPPORTED] bound to: 1'b0 
	Parameter P[DTIM_BASE] bound to: 64'b0000000000000000000000000000000010000000000000000000000000000000 
	Parameter P[DTIM_RANGE] bound to: 64'b0000000000000000000000000000000000000000011111111111111111111111 
	Parameter P[IROM_SUPPORTED] bound to: 1'b0 
	Parameter P[IROM_BASE] bound to: 64'b0000000000000000000000000000000010000000000000000000000000000000 
	Parameter P[IROM_RANGE] bound to: 64'b0000000000000000000000000000000000000000011111111111111111111111 
	Parameter P[BOOTROM_SUPPORTED] bound to: 1'b0 
	Parameter P[BOOTROM_BASE] bound to: 64'b0000000000000000000000000000000000000000000000000001000000000000 
	Parameter P[BOOTROM_RANGE] bound to: 64'b0000000000000000000000000000000000000000000000000000111111111111 
	Parameter P[BOOTROM_PRELOAD] bound to: 1'b0 
	Parameter P[UNCORE_RAM_SUPPORTED] bound to: 1'b1 
	Parameter P[UNCORE_RAM_BASE] bound to: 64'b0000000000000000000000000000000010000000000000000000000000000000 
	Parameter P[UNCORE_RAM_RANGE] bound to: 64'b0000000000000000000000000000000000000000000000001001000000000000 
	Parameter P[UNCORE_RAM_PRELOAD] bound to: 1'b0 
	Parameter P[EXT_MEM_SUPPORTED] bound to: 1'b0 
	Parameter P[EXT_MEM_BASE] bound to: 64'b0000000000000000000000000000000010000000000000000000000000000000 
	Parameter P[EXT_MEM_RANGE] bound to: 64'b0000000000000000000000000000000000000111111111111111111111111111 
	Parameter P[CLINT_SUPPORTED] bound to: 1'b0 
	Parameter P[CLINT_BASE] bound to: 64'b0000000000000000000000000000000000000010000000000000000000000000 
	Parameter P[CLINT_RANGE] bound to: 64'b0000000000000000000000000000000000000000000000001111111111111111 
	Parameter P[GPIO_SUPPORTED] bound to: 1'b0 
	Parameter P[GPIO_BASE] bound to: 64'b0000000000000000000000000000000000010000000001100000000000000000 
	Parameter P[GPIO_RANGE] bound to: 64'b0000000000000000000000000000000000000000000000000000000011111111 
	Parameter P[UART_SUPPORTED] bound to: 1'b1 
	Parameter P[UART_BASE] bound to: 64'b0000000000000000000000000000000000010000000000000000000000000000 
	Parameter P[UART_RANGE] bound to: 64'b0000000000000000000000000000000000000000000000000000000000000111 
	Parameter P[PLIC_SUPPORTED] bound to: 1'b0 
	Parameter P[PLIC_BASE] bound to: 64'b0000000000000000000000000000000000001100000000000000000000000000 
	Parameter P[PLIC_RANGE] bound to: 64'b0000000000000000000000000000000000000011111111111111111111111111 
	Parameter P[SDC_SUPPORTED] bound to: 1'b0 
	Parameter P[SDC_BASE] bound to: 64'b0000000000000000000000000000000000000000000000010011000000000000 
	Parameter P[SDC_RANGE] bound to: 64'b0000000000000000000000000000000000000000000000000000000001111111 
	Parameter P[SPI_SUPPORTED] bound to: 1'b0 
	Parameter P[SPI_BASE] bound to: 64'b0000000000000000000000000000000000010000000001000000000000000000 
	Parameter P[SPI_RANGE] bound to: 64'b0000000000000000000000000000000000000000000000000000111111111111 
	Parameter P[GPIO_LOOPBACK_TEST] bound to: 1'b0 
	Parameter P[SPI_LOOPBACK_TEST] bound to: 1'b1 
	Parameter P[UART_PRESCALE] bound to: 32'sb00000000000000000000000000000001 
	Parameter P[PLIC_NUM_SRC] bound to: 32'sb00000000000000000000000000001010 
	Parameter P[PLIC_NUM_SRC_LT_32] bound to: 1'b1 
	Parameter P[PLIC_GPIO_ID] bound to: 32'sb00000000000000000000000000000011 
	Parameter P[PLIC_UART_ID] bound to: 32'sb00000000000000000000000000001010 
	Parameter P[PLIC_SPI_ID] bound to: 32'sb00000000000000000000000000000110 
	Parameter P[PLIC_SDC_ID] bound to: 32'sb00000000000000000000000000001001 
	Parameter P[BPRED_SUPPORTED] bound to: 1'b1 
	Parameter P[BPRED_TYPE] bound to: 32'b00000000000000000000000000000100 
	Parameter P[BPRED_NUM_LHR] bound to: 32'sb00000000000000000000000000000110 
	Parameter P[BPRED_SIZE] bound to: 32'sb00000000000000000000000000001010 
	Parameter P[BTB_SIZE] bound to: 32'sb00000000000000000000000000001010 
	Parameter P[RAS_SIZE] bound to: 32'sb00000000000000000000000000010000 
	Parameter P[INSTR_CLASS_PRED] bound to: 1'b1 
	Parameter P[RADIX] bound to: 32'sb00000000000000000000000000000100 
	Parameter P[DIVCOPIES] bound to: 32'sb00000000000000000000000000000100 
	Parameter P[ZBA_SUPPORTED] bound to: 1'b0 
	Parameter P[ZBB_SUPPORTED] bound to: 1'b1 
	Parameter P[ZBC_SUPPORTED] bound to: 1'b0 
	Parameter P[ZBS_SUPPORTED] bound to: 1'b0 
	Parameter P[ZCA_SUPPORTED] bound to: 1'b1 
	Parameter P[ZCB_SUPPORTED] bound to: 1'b0 
	Parameter P[ZCD_SUPPORTED] bound to: 1'b0 
	Parameter P[ZCF_SUPPORTED] bound to: 1'b1 
	Parameter P[ZBKB_SUPPORTED] bound to: 1'b0 
	Parameter P[ZBKC_SUPPORTED] bound to: 1'b0 
	Parameter P[ZBKX_SUPPORTED] bound to: 1'b0 
	Parameter P[ZKND_SUPPORTED] bound to: 1'b0 
	Parameter P[ZKNE_SUPPORTED] bound to: 1'b0 
	Parameter P[ZKNH_SUPPORTED] bound to: 1'b0 
	Parameter P[ZKN_SUPPORTED] bound to: 1'b0 
	Parameter P[USE_SRAM] bound to: 1'b1 
	Parameter P[M_MODE] bound to: 2'b00 
	Parameter P[S_MODE] bound to: 2'b01 
	Parameter P[U_MODE] bound to: 2'b10 
	Parameter P[VPN_SEGMENT_BITS] bound to: 32'sb00000000000000000000000000000011 
	Parameter P[VPN_BITS] bound to: 32'sb00000000000000000000000000000100 
	Parameter P[PPN_BITS] bound to: 32'sb00000000000000000000000000100000 
	Parameter P[PA_BITS] bound to: 32'sb00000000000000000000000001000000 
	Parameter P[SVMODE_BITS] bound to: 32'sb00000000000000000000000000000011 
	Parameter P[ASID_BASE] bound to: 32'sb00000000000000000000000000000100 
	Parameter P[ASID_BITS] bound to: 32'sb00000000000000000000000000000100 
	Parameter P[NO_TRANSLATE] bound to: 4'b0011 
	Parameter P[SV32] bound to: 4'b0000 
	Parameter P[SV39] bound to: 4'b0001 
	Parameter P[SV48] bound to: 4'b0010 
	Parameter P[A_SUPPORTED] bound to: 1'b0 
	Parameter P[B_SUPPORTED] bound to: 1'b0 
	Parameter P[C_SUPPORTED] bound to: 1'b0 
	Parameter P[D_SUPPORTED] bound to: 1'b0 
	Parameter P[E_SUPPORTED] bound to: 1'b0 
	Parameter P[F_SUPPORTED] bound to: 1'b0 
	Parameter P[I_SUPPORTED] bound to: 1'b0 
	Parameter P[M_SUPPORTED] bound to: 1'b1 
	Parameter P[Q_SUPPORTED] bound to: 1'b0 
	Parameter P[S_SUPPORTED] bound to: 1'b1 
	Parameter P[U_SUPPORTED] bound to: 1'b1 
	Parameter P[LOG_XLEN] bound to: 32'sb00000000000000000000000000000110 
	Parameter P[FLEN] bound to: 32'sb00000000000000000000000001000000 
	Parameter P[LLEN] bound to: 32'sb00000000000000000000000001000000 
	Parameter WIDTH bound to: 6 - type: integer 
	Parameter WIDTH bound to: 2 - type: integer 
	Parameter WIDTH bound to: 7 - type: integer 
	Parameter WIDTH bound to: 66 - type: integer 
	Parameter P[XLEN] bound to: 32'sb00000000000000000000000001000000 
	Parameter P[IEEE754] bound to: 1'b0 
	Parameter P[MISA] bound to: 32'sb00000000000000000000000000000000 
	Parameter P[AHBW] bound to: 32'sb00000000000000000000000001000000 
	Parameter P[RAM_LATENCY] bound to: 32'sb00000000000000000000000000000000 
	Parameter P[BURST_EN] bound to: 1'b1 
	Parameter P[ZICSR_SUPPORTED] bound to: 1'b1 
	Parameter P[ZIFENCEI_SUPPORTED] bound to: 1'b1 
	Parameter P[COUNTERS] bound to: 12'b000000100000 
	Parameter P[ZICNTR_SUPPORTED] bound to: 1'b1 
	Parameter P[ZIHPM_SUPPORTED] bound to: 1'b1 
	Parameter P[ZFH_SUPPORTED] bound to: 1'b1 
	Parameter P[ZFA_SUPPORTED] bound to: 1'b1 
	Parameter P[SSTC_SUPPORTED] bound to: 1'b1 
	Parameter P[VIRTMEM_SUPPORTED] bound to: 1'b1 
	Parameter P[VECTORED_INTERRUPTS_SUPPORTED] bound to: 1'b1 
	Parameter P[BIGENDIAN_SUPPORTED] bound to: 1'b1 
	Parameter P[SVADU_SUPPORTED] bound to: 1'b1 
	Parameter P[ZMMUL_SUPPORTED] bound to: 1'b1 
	Parameter P[ZICBOM_SUPPORTED] bound to: 1'b1 
	Parameter P[ZICBOZ_SUPPORTED] bound to: 1'b1 
	Parameter P[ZICBOP_SUPPORTED] bound to: 1'b1 
	Parameter P[ZICCLSM_SUPPORTED] bound to: 1'b1 
	Parameter P[ZICOND_SUPPORTED] bound to: 1'b1 
	Parameter P[SVPBMT_SUPPORTED] bound to: 1'b1 
	Parameter P[SVNAPOT_SUPPORTED] bound to: 1'b1 
	Parameter P[SVINVAL_SUPPORTED] bound to: 1'b1 
	Parameter P[ZAAMO_SUPPORTED] bound to: 1'b1 
	Parameter P[ZALRSC_SUPPORTED] bound to: 1'b1 
	Parameter P[BUS_SUPPORTED] bound to: 1'b1 
	Parameter P[DCACHE_SUPPORTED] bound to: 1'b1 
	Parameter P[ICACHE_SUPPORTED] bound to: 1'b1 
	Parameter P[ITLB_ENTRIES] bound to: 32'sb00000000000000000000000000100000 
	Parameter P[DTLB_ENTRIES] bound to: 32'sb00000000000000000000000000100000 
	Parameter P[DCACHE_NUMWAYS] bound to: 32'sb00000000000000000000000000000100 
	Parameter P[DCACHE_WAYSIZEINBYTES] bound to: 32'sb00000000000000000001000000000000 
	Parameter P[DCACHE_LINELENINBITS] bound to: 32'sb00000000000000000000001000000000 
	Parameter P[ICACHE_NUMWAYS] bound to: 32'sb00000000000000000000000000000100 
	Parameter P[ICACHE_WAYSIZEINBYTES] bound to: 32'sb00000000000000000001000000000000 
	Parameter P[ICACHE_LINELENINBITS] bound to: 32'sb00000000000000000000001000000000 
	Parameter P[CACHE_SRAMLEN] bound to: 32'sb00000000000000000000000010000000 
	Parameter P[IDIV_BITSPERCYCLE] bound to: 32'sb00000000000000000000000000000100 
	Parameter P[IDIV_ON_FPU] bound to: 1'b1 
	Parameter P[PMP_ENTRIES] bound to: 32'sb00000000000000000000000000010000 
	Parameter P[RESET_VECTOR] bound to: 64'b0000000000000000000000000000000010000000000000000000000000000000 
	Parameter P[WFI_TIMEOUT_BIT] bound to: 32'sb00000000000000000000000000010000 
	Parameter P[DTIM_SUPPORTED] bound to: 1'b0 
	Parameter P[DTIM_BASE] bound to: 64'b0000000000000000000000000000000010000000000000000000000000000000 
	Parameter P[DTIM_RANGE] bound to: 64'b0000000000000000000000000000000000000000011111111111111111111111 
	Parameter P[IROM_SUPPORTED] bound to: 1'b0 
	Parameter P[IROM_BASE] bound to: 64'b0000000000000000000000000000000010000000000000000000000000000000 
	Parameter P[IROM_RANGE] bound to: 64'b0000000000000000000000000000000000000000011111111111111111111111 
	Parameter P[BOOTROM_SUPPORTED] bound to: 1'b0 
	Parameter P[BOOTROM_BASE] bound to: 64'b0000000000000000000000000000000000000000000000000001000000000000 
	Parameter P[BOOTROM_RANGE] bound to: 64'b0000000000000000000000000000000000000000000000000000111111111111 
	Parameter P[BOOTROM_PRELOAD] bound to: 1'b0 
	Parameter P[UNCORE_RAM_SUPPORTED] bound to: 1'b1 
	Parameter P[UNCORE_RAM_BASE] bound to: 64'b0000000000000000000000000000000010000000000000000000000000000000 
	Parameter P[UNCORE_RAM_RANGE] bound to: 64'b0000000000000000000000000000000000000000000000001001000000000000 
	Parameter P[UNCORE_RAM_PRELOAD] bound to: 1'b0 
	Parameter P[EXT_MEM_SUPPORTED] bound to: 1'b0 
	Parameter P[EXT_MEM_BASE] bound to: 64'b0000000000000000000000000000000010000000000000000000000000000000 
	Parameter P[EXT_MEM_RANGE] bound to: 64'b0000000000000000000000000000000000000111111111111111111111111111 
	Parameter P[CLINT_SUPPORTED] bound to: 1'b0 
	Parameter P[CLINT_BASE] bound to: 64'b0000000000000000000000000000000000000010000000000000000000000000 
	Parameter P[CLINT_RANGE] bound to: 64'b0000000000000000000000000000000000000000000000001111111111111111 
	Parameter P[GPIO_SUPPORTED] bound to: 1'b0 
	Parameter P[GPIO_BASE] bound to: 64'b0000000000000000000000000000000000010000000001100000000000000000 
	Parameter P[GPIO_RANGE] bound to: 64'b0000000000000000000000000000000000000000000000000000000011111111 
	Parameter P[UART_SUPPORTED] bound to: 1'b1 
	Parameter P[UART_BASE] bound to: 64'b0000000000000000000000000000000000010000000000000000000000000000 
	Parameter P[UART_RANGE] bound to: 64'b0000000000000000000000000000000000000000000000000000000000000111 
	Parameter P[PLIC_SUPPORTED] bound to: 1'b0 
	Parameter P[PLIC_BASE] bound to: 64'b0000000000000000000000000000000000001100000000000000000000000000 
	Parameter P[PLIC_RANGE] bound to: 64'b0000000000000000000000000000000000000011111111111111111111111111 
	Parameter P[SDC_SUPPORTED] bound to: 1'b0 
	Parameter P[SDC_BASE] bound to: 64'b0000000000000000000000000000000000000000000000010011000000000000 
	Parameter P[SDC_RANGE] bound to: 64'b0000000000000000000000000000000000000000000000000000000001111111 
	Parameter P[SPI_SUPPORTED] bound to: 1'b0 
	Parameter P[SPI_BASE] bound to: 64'b0000000000000000000000000000000000010000000001000000000000000000 
	Parameter P[SPI_RANGE] bound to: 64'b0000000000000000000000000000000000000000000000000000111111111111 
	Parameter P[GPIO_LOOPBACK_TEST] bound to: 1'b0 
	Parameter P[SPI_LOOPBACK_TEST] bound to: 1'b1 
	Parameter P[UART_PRESCALE] bound to: 32'sb00000000000000000000000000000001 
	Parameter P[PLIC_NUM_SRC] bound to: 32'sb00000000000000000000000000001010 
	Parameter P[PLIC_NUM_SRC_LT_32] bound to: 1'b1 
	Parameter P[PLIC_GPIO_ID] bound to: 32'sb00000000000000000000000000000011 
	Parameter P[PLIC_UART_ID] bound to: 32'sb00000000000000000000000000001010 
	Parameter P[PLIC_SPI_ID] bound to: 32'sb00000000000000000000000000000110 
	Parameter P[PLIC_SDC_ID] bound to: 32'sb00000000000000000000000000001001 
	Parameter P[BPRED_SUPPORTED] bound to: 1'b1 
	Parameter P[BPRED_TYPE] bound to: 32'b00000000000000000000000000000100 
	Parameter P[BPRED_NUM_LHR] bound to: 32'sb00000000000000000000000000000110 
	Parameter P[BPRED_SIZE] bound to: 32'sb00000000000000000000000000001010 
	Parameter P[BTB_SIZE] bound to: 32'sb00000000000000000000000000001010 
	Parameter P[RAS_SIZE] bound to: 32'sb00000000000000000000000000010000 
	Parameter P[INSTR_CLASS_PRED] bound to: 1'b1 
	Parameter P[RADIX] bound to: 32'sb00000000000000000000000000000100 
	Parameter P[DIVCOPIES] bound to: 32'sb00000000000000000000000000000100 
	Parameter P[ZBA_SUPPORTED] bound to: 1'b0 
	Parameter P[ZBB_SUPPORTED] bound to: 1'b1 
	Parameter P[ZBC_SUPPORTED] bound to: 1'b0 
	Parameter P[ZBS_SUPPORTED] bound to: 1'b0 
	Parameter P[ZCA_SUPPORTED] bound to: 1'b1 
	Parameter P[ZCB_SUPPORTED] bound to: 1'b0 
	Parameter P[ZCD_SUPPORTED] bound to: 1'b0 
	Parameter P[ZCF_SUPPORTED] bound to: 1'b1 
	Parameter P[ZBKB_SUPPORTED] bound to: 1'b0 
	Parameter P[ZBKC_SUPPORTED] bound to: 1'b0 
	Parameter P[ZBKX_SUPPORTED] bound to: 1'b0 
	Parameter P[ZKND_SUPPORTED] bound to: 1'b0 
	Parameter P[ZKNE_SUPPORTED] bound to: 1'b0 
	Parameter P[ZKNH_SUPPORTED] bound to: 1'b0 
	Parameter P[ZKN_SUPPORTED] bound to: 1'b0 
	Parameter P[USE_SRAM] bound to: 1'b1 
	Parameter P[M_MODE] bound to: 2'b00 
	Parameter P[S_MODE] bound to: 2'b01 
	Parameter P[U_MODE] bound to: 2'b10 
	Parameter P[VPN_SEGMENT_BITS] bound to: 32'sb00000000000000000000000000000011 
	Parameter P[VPN_BITS] bound to: 32'sb00000000000000000000000000000100 
	Parameter P[PPN_BITS] bound to: 32'sb00000000000000000000000000100000 
	Parameter P[PA_BITS] bound to: 32'sb00000000000000000000000001000000 
	Parameter P[SVMODE_BITS] bound to: 32'sb00000000000000000000000000000011 
	Parameter P[ASID_BASE] bound to: 32'sb00000000000000000000000000000100 
	Parameter P[ASID_BITS] bound to: 32'sb00000000000000000000000000000100 
	Parameter P[NO_TRANSLATE] bound to: 4'b0011 
	Parameter P[SV32] bound to: 4'b0000 
	Parameter P[SV39] bound to: 4'b0001 
	Parameter P[SV48] bound to: 4'b0010 
	Parameter P[A_SUPPORTED] bound to: 1'b0 
	Parameter P[B_SUPPORTED] bound to: 1'b0 
	Parameter P[C_SUPPORTED] bound to: 1'b0 
	Parameter P[D_SUPPORTED] bound to: 1'b0 
	Parameter P[E_SUPPORTED] bound to: 1'b0 
	Parameter P[F_SUPPORTED] bound to: 1'b0 
	Parameter P[I_SUPPORTED] bound to: 1'b0 
	Parameter P[M_SUPPORTED] bound to: 1'b1 
	Parameter P[Q_SUPPORTED] bound to: 1'b0 
	Parameter P[S_SUPPORTED] bound to: 1'b1 
	Parameter P[U_SUPPORTED] bound to: 1'b1 
	Parameter P[LOG_XLEN] bound to: 32'sb00000000000000000000000000000110 
	Parameter P[FLEN] bound to: 32'sb00000000000000000000000001000000 
	Parameter P[LLEN] bound to: 32'sb00000000000000000000000001000000 
	Parameter TLB_ENTRIES bound to: 32 - type: integer 
	Parameter IMMU bound to: 0 - type: integer 
	Parameter P[XLEN] bound to: 32'sb00000000000000000000000001000000 
	Parameter P[IEEE754] bound to: 1'b0 
	Parameter P[MISA] bound to: 32'sb00000000000000000000000000000000 
	Parameter P[AHBW] bound to: 32'sb00000000000000000000000001000000 
	Parameter P[RAM_LATENCY] bound to: 32'sb00000000000000000000000000000000 
	Parameter P[BURST_EN] bound to: 1'b1 
	Parameter P[ZICSR_SUPPORTED] bound to: 1'b1 
	Parameter P[ZIFENCEI_SUPPORTED] bound to: 1'b1 
	Parameter P[COUNTERS] bound to: 12'b000000100000 
	Parameter P[ZICNTR_SUPPORTED] bound to: 1'b1 
	Parameter P[ZIHPM_SUPPORTED] bound to: 1'b1 
	Parameter P[ZFH_SUPPORTED] bound to: 1'b1 
	Parameter P[ZFA_SUPPORTED] bound to: 1'b1 
	Parameter P[SSTC_SUPPORTED] bound to: 1'b1 
	Parameter P[VIRTMEM_SUPPORTED] bound to: 1'b1 
	Parameter P[VECTORED_INTERRUPTS_SUPPORTED] bound to: 1'b1 
	Parameter P[BIGENDIAN_SUPPORTED] bound to: 1'b1 
	Parameter P[SVADU_SUPPORTED] bound to: 1'b1 
	Parameter P[ZMMUL_SUPPORTED] bound to: 1'b1 
	Parameter P[ZICBOM_SUPPORTED] bound to: 1'b1 
	Parameter P[ZICBOZ_SUPPORTED] bound to: 1'b1 
	Parameter P[ZICBOP_SUPPORTED] bound to: 1'b1 
	Parameter P[ZICCLSM_SUPPORTED] bound to: 1'b1 
	Parameter P[ZICOND_SUPPORTED] bound to: 1'b1 
	Parameter P[SVPBMT_SUPPORTED] bound to: 1'b1 
	Parameter P[SVNAPOT_SUPPORTED] bound to: 1'b1 
	Parameter P[SVINVAL_SUPPORTED] bound to: 1'b1 
	Parameter P[ZAAMO_SUPPORTED] bound to: 1'b1 
	Parameter P[ZALRSC_SUPPORTED] bound to: 1'b1 
	Parameter P[BUS_SUPPORTED] bound to: 1'b1 
	Parameter P[DCACHE_SUPPORTED] bound to: 1'b1 
	Parameter P[ICACHE_SUPPORTED] bound to: 1'b1 
	Parameter P[ITLB_ENTRIES] bound to: 32'sb00000000000000000000000000100000 
	Parameter P[DTLB_ENTRIES] bound to: 32'sb00000000000000000000000000100000 
	Parameter P[DCACHE_NUMWAYS] bound to: 32'sb00000000000000000000000000000100 
	Parameter P[DCACHE_WAYSIZEINBYTES] bound to: 32'sb00000000000000000001000000000000 
	Parameter P[DCACHE_LINELENINBITS] bound to: 32'sb00000000000000000000001000000000 
	Parameter P[ICACHE_NUMWAYS] bound to: 32'sb00000000000000000000000000000100 
	Parameter P[ICACHE_WAYSIZEINBYTES] bound to: 32'sb00000000000000000001000000000000 
	Parameter P[ICACHE_LINELENINBITS] bound to: 32'sb00000000000000000000001000000000 
	Parameter P[CACHE_SRAMLEN] bound to: 32'sb00000000000000000000000010000000 
	Parameter P[IDIV_BITSPERCYCLE] bound to: 32'sb00000000000000000000000000000100 
	Parameter P[IDIV_ON_FPU] bound to: 1'b1 
	Parameter P[PMP_ENTRIES] bound to: 32'sb00000000000000000000000000010000 
	Parameter P[RESET_VECTOR] bound to: 64'b0000000000000000000000000000000010000000000000000000000000000000 
	Parameter P[WFI_TIMEOUT_BIT] bound to: 32'sb00000000000000000000000000010000 
	Parameter P[DTIM_SUPPORTED] bound to: 1'b0 
	Parameter P[DTIM_BASE] bound to: 64'b0000000000000000000000000000000010000000000000000000000000000000 
	Parameter P[DTIM_RANGE] bound to: 64'b0000000000000000000000000000000000000000011111111111111111111111 
	Parameter P[IROM_SUPPORTED] bound to: 1'b0 
	Parameter P[IROM_BASE] bound to: 64'b0000000000000000000000000000000010000000000000000000000000000000 
	Parameter P[IROM_RANGE] bound to: 64'b0000000000000000000000000000000000000000011111111111111111111111 
	Parameter P[BOOTROM_SUPPORTED] bound to: 1'b0 
	Parameter P[BOOTROM_BASE] bound to: 64'b0000000000000000000000000000000000000000000000000001000000000000 
	Parameter P[BOOTROM_RANGE] bound to: 64'b0000000000000000000000000000000000000000000000000000111111111111 
	Parameter P[BOOTROM_PRELOAD] bound to: 1'b0 
	Parameter P[UNCORE_RAM_SUPPORTED] bound to: 1'b1 
	Parameter P[UNCORE_RAM_BASE] bound to: 64'b0000000000000000000000000000000010000000000000000000000000000000 
	Parameter P[UNCORE_RAM_RANGE] bound to: 64'b0000000000000000000000000000000000000000000000001001000000000000 
	Parameter P[UNCORE_RAM_PRELOAD] bound to: 1'b0 
	Parameter P[EXT_MEM_SUPPORTED] bound to: 1'b0 
	Parameter P[EXT_MEM_BASE] bound to: 64'b0000000000000000000000000000000010000000000000000000000000000000 
	Parameter P[EXT_MEM_RANGE] bound to: 64'b0000000000000000000000000000000000000111111111111111111111111111 
	Parameter P[CLINT_SUPPORTED] bound to: 1'b0 
	Parameter P[CLINT_BASE] bound to: 64'b0000000000000000000000000000000000000010000000000000000000000000 
	Parameter P[CLINT_RANGE] bound to: 64'b0000000000000000000000000000000000000000000000001111111111111111 
	Parameter P[GPIO_SUPPORTED] bound to: 1'b0 
	Parameter P[GPIO_BASE] bound to: 64'b0000000000000000000000000000000000010000000001100000000000000000 
	Parameter P[GPIO_RANGE] bound to: 64'b0000000000000000000000000000000000000000000000000000000011111111 
	Parameter P[UART_SUPPORTED] bound to: 1'b1 
	Parameter P[UART_BASE] bound to: 64'b0000000000000000000000000000000000010000000000000000000000000000 
	Parameter P[UART_RANGE] bound to: 64'b0000000000000000000000000000000000000000000000000000000000000111 
	Parameter P[PLIC_SUPPORTED] bound to: 1'b0 
	Parameter P[PLIC_BASE] bound to: 64'b0000000000000000000000000000000000001100000000000000000000000000 
	Parameter P[PLIC_RANGE] bound to: 64'b0000000000000000000000000000000000000011111111111111111111111111 
	Parameter P[SDC_SUPPORTED] bound to: 1'b0 
	Parameter P[SDC_BASE] bound to: 64'b0000000000000000000000000000000000000000000000010011000000000000 
	Parameter P[SDC_RANGE] bound to: 64'b0000000000000000000000000000000000000000000000000000000001111111 
	Parameter P[SPI_SUPPORTED] bound to: 1'b0 
	Parameter P[SPI_BASE] bound to: 64'b0000000000000000000000000000000000010000000001000000000000000000 
	Parameter P[SPI_RANGE] bound to: 64'b0000000000000000000000000000000000000000000000000000111111111111 
	Parameter P[GPIO_LOOPBACK_TEST] bound to: 1'b0 
	Parameter P[SPI_LOOPBACK_TEST] bound to: 1'b1 
	Parameter P[UART_PRESCALE] bound to: 32'sb00000000000000000000000000000001 
	Parameter P[PLIC_NUM_SRC] bound to: 32'sb00000000000000000000000000001010 
	Parameter P[PLIC_NUM_SRC_LT_32] bound to: 1'b1 
	Parameter P[PLIC_GPIO_ID] bound to: 32'sb00000000000000000000000000000011 
	Parameter P[PLIC_UART_ID] bound to: 32'sb00000000000000000000000000001010 
	Parameter P[PLIC_SPI_ID] bound to: 32'sb00000000000000000000000000000110 
	Parameter P[PLIC_SDC_ID] bound to: 32'sb00000000000000000000000000001001 
	Parameter P[BPRED_SUPPORTED] bound to: 1'b1 
	Parameter P[BPRED_TYPE] bound to: 32'b00000000000000000000000000000100 
	Parameter P[BPRED_NUM_LHR] bound to: 32'sb00000000000000000000000000000110 
	Parameter P[BPRED_SIZE] bound to: 32'sb00000000000000000000000000001010 
	Parameter P[BTB_SIZE] bound to: 32'sb00000000000000000000000000001010 
	Parameter P[RAS_SIZE] bound to: 32'sb00000000000000000000000000010000 
	Parameter P[INSTR_CLASS_PRED] bound to: 1'b1 
	Parameter P[RADIX] bound to: 32'sb00000000000000000000000000000100 
	Parameter P[DIVCOPIES] bound to: 32'sb00000000000000000000000000000100 
	Parameter P[ZBA_SUPPORTED] bound to: 1'b0 
	Parameter P[ZBB_SUPPORTED] bound to: 1'b1 
	Parameter P[ZBC_SUPPORTED] bound to: 1'b0 
	Parameter P[ZBS_SUPPORTED] bound to: 1'b0 
	Parameter P[ZCA_SUPPORTED] bound to: 1'b1 
	Parameter P[ZCB_SUPPORTED] bound to: 1'b0 
	Parameter P[ZCD_SUPPORTED] bound to: 1'b0 
	Parameter P[ZCF_SUPPORTED] bound to: 1'b1 
	Parameter P[ZBKB_SUPPORTED] bound to: 1'b0 
	Parameter P[ZBKC_SUPPORTED] bound to: 1'b0 
	Parameter P[ZBKX_SUPPORTED] bound to: 1'b0 
	Parameter P[ZKND_SUPPORTED] bound to: 1'b0 
	Parameter P[ZKNE_SUPPORTED] bound to: 1'b0 
	Parameter P[ZKNH_SUPPORTED] bound to: 1'b0 
	Parameter P[ZKN_SUPPORTED] bound to: 1'b0 
	Parameter P[USE_SRAM] bound to: 1'b1 
	Parameter P[M_MODE] bound to: 2'b00 
	Parameter P[S_MODE] bound to: 2'b01 
	Parameter P[U_MODE] bound to: 2'b10 
	Parameter P[VPN_SEGMENT_BITS] bound to: 32'sb00000000000000000000000000000011 
	Parameter P[VPN_BITS] bound to: 32'sb00000000000000000000000000000100 
	Parameter P[PPN_BITS] bound to: 32'sb00000000000000000000000000100000 
	Parameter P[PA_BITS] bound to: 32'sb00000000000000000000000001000000 
	Parameter P[SVMODE_BITS] bound to: 32'sb00000000000000000000000000000011 
	Parameter P[ASID_BASE] bound to: 32'sb00000000000000000000000000000100 
	Parameter P[ASID_BITS] bound to: 32'sb00000000000000000000000000000100 
	Parameter P[NO_TRANSLATE] bound to: 4'b0011 
	Parameter P[SV32] bound to: 4'b0000 
	Parameter P[SV39] bound to: 4'b0001 
	Parameter P[SV48] bound to: 4'b0010 
	Parameter P[A_SUPPORTED] bound to: 1'b0 
	Parameter P[B_SUPPORTED] bound to: 1'b0 
	Parameter P[C_SUPPORTED] bound to: 1'b0 
	Parameter P[D_SUPPORTED] bound to: 1'b0 
	Parameter P[E_SUPPORTED] bound to: 1'b0 
	Parameter P[F_SUPPORTED] bound to: 1'b0 
	Parameter P[I_SUPPORTED] bound to: 1'b0 
	Parameter P[M_SUPPORTED] bound to: 1'b1 
	Parameter P[Q_SUPPORTED] bound to: 1'b0 
	Parameter P[S_SUPPORTED] bound to: 1'b1 
	Parameter P[U_SUPPORTED] bound to: 1'b1 
	Parameter P[LOG_XLEN] bound to: 32'sb00000000000000000000000000000110 
	Parameter P[FLEN] bound to: 32'sb00000000000000000000000001000000 
	Parameter P[LLEN] bound to: 32'sb00000000000000000000000001000000 
	Parameter TLB_ENTRIES bound to: 32 - type: integer 
	Parameter ITLB bound to: 0 - type: integer 
	Parameter P[XLEN] bound to: 32'sb00000000000000000000000001000000 
	Parameter P[IEEE754] bound to: 1'b0 
	Parameter P[MISA] bound to: 32'sb00000000000000000000000000000000 
	Parameter P[AHBW] bound to: 32'sb00000000000000000000000001000000 
	Parameter P[RAM_LATENCY] bound to: 32'sb00000000000000000000000000000000 
	Parameter P[BURST_EN] bound to: 1'b1 
	Parameter P[ZICSR_SUPPORTED] bound to: 1'b1 
	Parameter P[ZIFENCEI_SUPPORTED] bound to: 1'b1 
	Parameter P[COUNTERS] bound to: 12'b000000100000 
	Parameter P[ZICNTR_SUPPORTED] bound to: 1'b1 
	Parameter P[ZIHPM_SUPPORTED] bound to: 1'b1 
	Parameter P[ZFH_SUPPORTED] bound to: 1'b1 
	Parameter P[ZFA_SUPPORTED] bound to: 1'b1 
	Parameter P[SSTC_SUPPORTED] bound to: 1'b1 
	Parameter P[VIRTMEM_SUPPORTED] bound to: 1'b1 
	Parameter P[VECTORED_INTERRUPTS_SUPPORTED] bound to: 1'b1 
	Parameter P[BIGENDIAN_SUPPORTED] bound to: 1'b1 
	Parameter P[SVADU_SUPPORTED] bound to: 1'b1 
	Parameter P[ZMMUL_SUPPORTED] bound to: 1'b1 
	Parameter P[ZICBOM_SUPPORTED] bound to: 1'b1 
	Parameter P[ZICBOZ_SUPPORTED] bound to: 1'b1 
	Parameter P[ZICBOP_SUPPORTED] bound to: 1'b1 
	Parameter P[ZICCLSM_SUPPORTED] bound to: 1'b1 
	Parameter P[ZICOND_SUPPORTED] bound to: 1'b1 
	Parameter P[SVPBMT_SUPPORTED] bound to: 1'b1 
	Parameter P[SVNAPOT_SUPPORTED] bound to: 1'b1 
	Parameter P[SVINVAL_SUPPORTED] bound to: 1'b1 
	Parameter P[ZAAMO_SUPPORTED] bound to: 1'b1 
	Parameter P[ZALRSC_SUPPORTED] bound to: 1'b1 
	Parameter P[BUS_SUPPORTED] bound to: 1'b1 
	Parameter P[DCACHE_SUPPORTED] bound to: 1'b1 
	Parameter P[ICACHE_SUPPORTED] bound to: 1'b1 
	Parameter P[ITLB_ENTRIES] bound to: 32'sb00000000000000000000000000100000 
	Parameter P[DTLB_ENTRIES] bound to: 32'sb00000000000000000000000000100000 
	Parameter P[DCACHE_NUMWAYS] bound to: 32'sb00000000000000000000000000000100 
	Parameter P[DCACHE_WAYSIZEINBYTES] bound to: 32'sb00000000000000000001000000000000 
	Parameter P[DCACHE_LINELENINBITS] bound to: 32'sb00000000000000000000001000000000 
	Parameter P[ICACHE_NUMWAYS] bound to: 32'sb00000000000000000000000000000100 
	Parameter P[ICACHE_WAYSIZEINBYTES] bound to: 32'sb00000000000000000001000000000000 
	Parameter P[ICACHE_LINELENINBITS] bound to: 32'sb00000000000000000000001000000000 
	Parameter P[CACHE_SRAMLEN] bound to: 32'sb00000000000000000000000010000000 
	Parameter P[IDIV_BITSPERCYCLE] bound to: 32'sb00000000000000000000000000000100 
	Parameter P[IDIV_ON_FPU] bound to: 1'b1 
	Parameter P[PMP_ENTRIES] bound to: 32'sb00000000000000000000000000010000 
	Parameter P[RESET_VECTOR] bound to: 64'b0000000000000000000000000000000010000000000000000000000000000000 
	Parameter P[WFI_TIMEOUT_BIT] bound to: 32'sb00000000000000000000000000010000 
	Parameter P[DTIM_SUPPORTED] bound to: 1'b0 
	Parameter P[DTIM_BASE] bound to: 64'b0000000000000000000000000000000010000000000000000000000000000000 
	Parameter P[DTIM_RANGE] bound to: 64'b0000000000000000000000000000000000000000011111111111111111111111 
	Parameter P[IROM_SUPPORTED] bound to: 1'b0 
	Parameter P[IROM_BASE] bound to: 64'b0000000000000000000000000000000010000000000000000000000000000000 
	Parameter P[IROM_RANGE] bound to: 64'b0000000000000000000000000000000000000000011111111111111111111111 
	Parameter P[BOOTROM_SUPPORTED] bound to: 1'b0 
	Parameter P[BOOTROM_BASE] bound to: 64'b0000000000000000000000000000000000000000000000000001000000000000 
	Parameter P[BOOTROM_RANGE] bound to: 64'b0000000000000000000000000000000000000000000000000000111111111111 
	Parameter P[BOOTROM_PRELOAD] bound to: 1'b0 
	Parameter P[UNCORE_RAM_SUPPORTED] bound to: 1'b1 
	Parameter P[UNCORE_RAM_BASE] bound to: 64'b0000000000000000000000000000000010000000000000000000000000000000 
	Parameter P[UNCORE_RAM_RANGE] bound to: 64'b0000000000000000000000000000000000000000000000001001000000000000 
	Parameter P[UNCORE_RAM_PRELOAD] bound to: 1'b0 
	Parameter P[EXT_MEM_SUPPORTED] bound to: 1'b0 
	Parameter P[EXT_MEM_BASE] bound to: 64'b0000000000000000000000000000000010000000000000000000000000000000 
	Parameter P[EXT_MEM_RANGE] bound to: 64'b0000000000000000000000000000000000000111111111111111111111111111 
	Parameter P[CLINT_SUPPORTED] bound to: 1'b0 
	Parameter P[CLINT_BASE] bound to: 64'b0000000000000000000000000000000000000010000000000000000000000000 
	Parameter P[CLINT_RANGE] bound to: 64'b0000000000000000000000000000000000000000000000001111111111111111 
	Parameter P[GPIO_SUPPORTED] bound to: 1'b0 
	Parameter P[GPIO_BASE] bound to: 64'b0000000000000000000000000000000000010000000001100000000000000000 
	Parameter P[GPIO_RANGE] bound to: 64'b0000000000000000000000000000000000000000000000000000000011111111 
	Parameter P[UART_SUPPORTED] bound to: 1'b1 
	Parameter P[UART_BASE] bound to: 64'b0000000000000000000000000000000000010000000000000000000000000000 
	Parameter P[UART_RANGE] bound to: 64'b0000000000000000000000000000000000000000000000000000000000000111 
	Parameter P[PLIC_SUPPORTED] bound to: 1'b0 
	Parameter P[PLIC_BASE] bound to: 64'b0000000000000000000000000000000000001100000000000000000000000000 
	Parameter P[PLIC_RANGE] bound to: 64'b0000000000000000000000000000000000000011111111111111111111111111 
	Parameter P[SDC_SUPPORTED] bound to: 1'b0 
	Parameter P[SDC_BASE] bound to: 64'b0000000000000000000000000000000000000000000000010011000000000000 
	Parameter P[SDC_RANGE] bound to: 64'b0000000000000000000000000000000000000000000000000000000001111111 
	Parameter P[SPI_SUPPORTED] bound to: 1'b0 
	Parameter P[SPI_BASE] bound to: 64'b0000000000000000000000000000000000010000000001000000000000000000 
	Parameter P[SPI_RANGE] bound to: 64'b0000000000000000000000000000000000000000000000000000111111111111 
	Parameter P[GPIO_LOOPBACK_TEST] bound to: 1'b0 
	Parameter P[SPI_LOOPBACK_TEST] bound to: 1'b1 
	Parameter P[UART_PRESCALE] bound to: 32'sb00000000000000000000000000000001 
	Parameter P[PLIC_NUM_SRC] bound to: 32'sb00000000000000000000000000001010 
	Parameter P[PLIC_NUM_SRC_LT_32] bound to: 1'b1 
	Parameter P[PLIC_GPIO_ID] bound to: 32'sb00000000000000000000000000000011 
	Parameter P[PLIC_UART_ID] bound to: 32'sb00000000000000000000000000001010 
	Parameter P[PLIC_SPI_ID] bound to: 32'sb00000000000000000000000000000110 
	Parameter P[PLIC_SDC_ID] bound to: 32'sb00000000000000000000000000001001 
	Parameter P[BPRED_SUPPORTED] bound to: 1'b1 
	Parameter P[BPRED_TYPE] bound to: 32'b00000000000000000000000000000100 
	Parameter P[BPRED_NUM_LHR] bound to: 32'sb00000000000000000000000000000110 
	Parameter P[BPRED_SIZE] bound to: 32'sb00000000000000000000000000001010 
	Parameter P[BTB_SIZE] bound to: 32'sb00000000000000000000000000001010 
	Parameter P[RAS_SIZE] bound to: 32'sb00000000000000000000000000010000 
	Parameter P[INSTR_CLASS_PRED] bound to: 1'b1 
	Parameter P[RADIX] bound to: 32'sb00000000000000000000000000000100 
	Parameter P[DIVCOPIES] bound to: 32'sb00000000000000000000000000000100 
	Parameter P[ZBA_SUPPORTED] bound to: 1'b0 
	Parameter P[ZBB_SUPPORTED] bound to: 1'b1 
	Parameter P[ZBC_SUPPORTED] bound to: 1'b0 
	Parameter P[ZBS_SUPPORTED] bound to: 1'b0 
	Parameter P[ZCA_SUPPORTED] bound to: 1'b1 
	Parameter P[ZCB_SUPPORTED] bound to: 1'b0 
	Parameter P[ZCD_SUPPORTED] bound to: 1'b0 
	Parameter P[ZCF_SUPPORTED] bound to: 1'b1 
	Parameter P[ZBKB_SUPPORTED] bound to: 1'b0 
	Parameter P[ZBKC_SUPPORTED] bound to: 1'b0 
	Parameter P[ZBKX_SUPPORTED] bound to: 1'b0 
	Parameter P[ZKND_SUPPORTED] bound to: 1'b0 
	Parameter P[ZKNE_SUPPORTED] bound to: 1'b0 
	Parameter P[ZKNH_SUPPORTED] bound to: 1'b0 
	Parameter P[ZKN_SUPPORTED] bound to: 1'b0 
	Parameter P[USE_SRAM] bound to: 1'b1 
	Parameter P[M_MODE] bound to: 2'b00 
	Parameter P[S_MODE] bound to: 2'b01 
	Parameter P[U_MODE] bound to: 2'b10 
	Parameter P[VPN_SEGMENT_BITS] bound to: 32'sb00000000000000000000000000000011 
	Parameter P[VPN_BITS] bound to: 32'sb00000000000000000000000000000100 
	Parameter P[PPN_BITS] bound to: 32'sb00000000000000000000000000100000 
	Parameter P[PA_BITS] bound to: 32'sb00000000000000000000000001000000 
	Parameter P[SVMODE_BITS] bound to: 32'sb00000000000000000000000000000011 
	Parameter P[ASID_BASE] bound to: 32'sb00000000000000000000000000000100 
	Parameter P[ASID_BITS] bound to: 32'sb00000000000000000000000000000100 
	Parameter P[NO_TRANSLATE] bound to: 4'b0011 
	Parameter P[SV32] bound to: 4'b0000 
	Parameter P[SV39] bound to: 4'b0001 
	Parameter P[SV48] bound to: 4'b0010 
	Parameter P[A_SUPPORTED] bound to: 1'b0 
	Parameter P[B_SUPPORTED] bound to: 1'b0 
	Parameter P[C_SUPPORTED] bound to: 1'b0 
	Parameter P[D_SUPPORTED] bound to: 1'b0 
	Parameter P[E_SUPPORTED] bound to: 1'b0 
	Parameter P[F_SUPPORTED] bound to: 1'b0 
	Parameter P[I_SUPPORTED] bound to: 1'b0 
	Parameter P[M_SUPPORTED] bound to: 1'b1 
	Parameter P[Q_SUPPORTED] bound to: 1'b0 
	Parameter P[S_SUPPORTED] bound to: 1'b1 
	Parameter P[U_SUPPORTED] bound to: 1'b1 
	Parameter P[LOG_XLEN] bound to: 32'sb00000000000000000000000000000110 
	Parameter P[FLEN] bound to: 32'sb00000000000000000000000001000000 
	Parameter P[LLEN] bound to: 32'sb00000000000000000000000001000000 
	Parameter ITLB[XLEN] bound to: 32'sb00000000000000000000000000000000 
	Parameter ITLB[IEEE754] bound to: 1'b0 
	Parameter ITLB[MISA] bound to: 32'sb00000000000000000000000000000000 
	Parameter ITLB[AHBW] bound to: 32'sb00000000000000000000000000000000 
	Parameter ITLB[RAM_LATENCY] bound to: 32'sb00000000000000000000000000000000 
	Parameter ITLB[BURST_EN] bound to: 1'b0 
	Parameter ITLB[ZICSR_SUPPORTED] bound to: 1'b0 
	Parameter ITLB[ZIFENCEI_SUPPORTED] bound to: 1'b0 
	Parameter ITLB[COUNTERS] bound to: 12'b000000000000 
	Parameter ITLB[ZICNTR_SUPPORTED] bound to: 1'b0 
	Parameter ITLB[ZIHPM_SUPPORTED] bound to: 1'b0 
	Parameter ITLB[ZFH_SUPPORTED] bound to: 1'b0 
	Parameter ITLB[ZFA_SUPPORTED] bound to: 1'b0 
	Parameter ITLB[SSTC_SUPPORTED] bound to: 1'b0 
	Parameter ITLB[VIRTMEM_SUPPORTED] bound to: 1'b0 
	Parameter ITLB[VECTORED_INTERRUPTS_SUPPORTED] bound to: 1'b0 
	Parameter ITLB[BIGENDIAN_SUPPORTED] bound to: 1'b0 
	Parameter ITLB[SVADU_SUPPORTED] bound to: 1'b0 
	Parameter ITLB[ZMMUL_SUPPORTED] bound to: 1'b0 
	Parameter ITLB[ZICBOM_SUPPORTED] bound to: 1'b0 
	Parameter ITLB[ZICBOZ_SUPPORTED] bound to: 1'b0 
	Parameter ITLB[ZICBOP_SUPPORTED] bound to: 1'b0 
	Parameter ITLB[ZICCLSM_SUPPORTED] bound to: 1'b0 
	Parameter ITLB[ZICOND_SUPPORTED] bound to: 1'b0 
	Parameter ITLB[SVPBMT_SUPPORTED] bound to: 1'b0 
	Parameter ITLB[SVNAPOT_SUPPORTED] bound to: 1'b0 
	Parameter ITLB[SVINVAL_SUPPORTED] bound to: 1'b0 
	Parameter ITLB[ZAAMO_SUPPORTED] bound to: 1'b0 
	Parameter ITLB[ZALRSC_SUPPORTED] bound to: 1'b0 
	Parameter ITLB[BUS_SUPPORTED] bound to: 1'b0 
	Parameter ITLB[DCACHE_SUPPORTED] bound to: 1'b0 
	Parameter ITLB[ICACHE_SUPPORTED] bound to: 1'b0 
	Parameter ITLB[ITLB_ENTRIES] bound to: 32'sb00000000000000000000000000000000 
	Parameter ITLB[DTLB_ENTRIES] bound to: 32'sb00000000000000000000000000000000 
	Parameter ITLB[DCACHE_NUMWAYS] bound to: 32'sb00000000000000000000000000000000 
	Parameter ITLB[DCACHE_WAYSIZEINBYTES] bound to: 32'sb00000000000000000000000000000000 
	Parameter ITLB[DCACHE_LINELENINBITS] bound to: 32'sb00000000000000000000000000000000 
	Parameter ITLB[ICACHE_NUMWAYS] bound to: 32'sb00000000000000000000000000000000 
	Parameter ITLB[ICACHE_WAYSIZEINBYTES] bound to: 32'sb00000000000000000000000000000000 
	Parameter ITLB[ICACHE_LINELENINBITS] bound to: 32'sb00000000000000000000000000000000 
	Parameter ITLB[CACHE_SRAMLEN] bound to: 32'sb00000000000000000000000000000000 
	Parameter ITLB[IDIV_BITSPERCYCLE] bound to: 32'sb00000000000000000000000000000000 
	Parameter ITLB[IDIV_ON_FPU] bound to: 1'b0 
	Parameter ITLB[PMP_ENTRIES] bound to: 32'sb00000000000000000000000000000000 
	Parameter ITLB[RESET_VECTOR] bound to: 64'b0000000000000000000000000000000000000000000000000000000000000000 
	Parameter ITLB[WFI_TIMEOUT_BIT] bound to: 32'sb00000000000000000000000000000000 
	Parameter ITLB[DTIM_SUPPORTED] bound to: 1'b0 
	Parameter ITLB[DTIM_BASE] bound to: 64'b0000000000000000000000000000000000000000000000000000000000000000 
	Parameter ITLB[DTIM_RANGE] bound to: 64'b0000000000000000000000000000000000000000000000000000000000000000 
	Parameter ITLB[IROM_SUPPORTED] bound to: 1'b0 
	Parameter ITLB[IROM_BASE] bound to: 64'b0000000000000000000000000000000000000000000000000000000000000000 
	Parameter ITLB[IROM_RANGE] bound to: 64'b0000000000000000000000000000000000000000000000000000000000000000 
	Parameter ITLB[BOOTROM_SUPPORTED] bound to: 1'b0 
	Parameter ITLB[BOOTROM_BASE] bound to: 64'b0000000000000000000000000000000000000000000000000000000000000000 
	Parameter ITLB[BOOTROM_RANGE] bound to: 64'b0000000000000000000000000000000000000000000000000000000000000000 
	Parameter ITLB[BOOTROM_PRELOAD] bound to: 1'b0 
	Parameter ITLB[UNCORE_RAM_SUPPORTED] bound to: 1'b0 
	Parameter ITLB[UNCORE_RAM_BASE] bound to: 64'b0000000000000000000000000000000000000000000000000000000000000000 
	Parameter ITLB[UNCORE_RAM_RANGE] bound to: 64'b0000000000000000000000000000000000000000000000000000000000000000 
	Parameter ITLB[UNCORE_RAM_PRELOAD] bound to: 1'b0 
	Parameter ITLB[EXT_MEM_SUPPORTED] bound to: 1'b0 
	Parameter ITLB[EXT_MEM_BASE] bound to: 64'b0000000000000000000000000000000000000000000000000000000000000000 
	Parameter ITLB[EXT_MEM_RANGE] bound to: 64'b0000000000000000000000000000000000000000000000000000000000000000 
	Parameter ITLB[CLINT_SUPPORTED] bound to: 1'b0 
	Parameter ITLB[CLINT_BASE] bound to: 64'b0000000000000000000000000000000000000000000000000000000000000000 
	Parameter ITLB[CLINT_RANGE] bound to: 64'b0000000000000000000000000000000000000000000000000000000000000000 
	Parameter ITLB[GPIO_SUPPORTED] bound to: 1'b0 
	Parameter ITLB[GPIO_BASE] bound to: 64'b0000000000000000000000000000000000000000000000000000000000000000 
	Parameter ITLB[GPIO_RANGE] bound to: 64'b0000000000000000000000000000000000000000000000000000000000000000 
	Parameter ITLB[UART_SUPPORTED] bound to: 1'b0 
	Parameter ITLB[UART_BASE] bound to: 64'b0000000000000000000000000000000000000000000000000000000000000000 
	Parameter ITLB[UART_RANGE] bound to: 64'b0000000000000000000000000000000000000000000000000000000000000000 
	Parameter ITLB[PLIC_SUPPORTED] bound to: 1'b0 
	Parameter ITLB[PLIC_BASE] bound to: 64'b0000000000000000000000000000000000000000000000000000000000000000 
	Parameter ITLB[PLIC_RANGE] bound to: 64'b0000000000000000000000000000000000000000000000000000000000000000 
	Parameter ITLB[SDC_SUPPORTED] bound to: 1'b0 
	Parameter ITLB[SDC_BASE] bound to: 64'b0000000000000000000000000000000000000000000000000000000000000000 
	Parameter ITLB[SDC_RANGE] bound to: 64'b0000000000000000000000000000000000000000000000000000000000000000 
	Parameter ITLB[SPI_SUPPORTED] bound to: 1'b0 
	Parameter ITLB[SPI_BASE] bound to: 64'b0000000000000000000000000000000000000000000000000000000000000000 
	Parameter ITLB[SPI_RANGE] bound to: 64'b0000000000000000000000000000000000000000000000000000000000000000 
	Parameter ITLB[GPIO_LOOPBACK_TEST] bound to: 1'b0 
	Parameter ITLB[SPI_LOOPBACK_TEST] bound to: 1'b0 
	Parameter ITLB[UART_PRESCALE] bound to: 32'sb00000000000000000000000000000000 
	Parameter ITLB[PLIC_NUM_SRC] bound to: 32'sb00000000000000000000000000000000 
	Parameter ITLB[PLIC_NUM_SRC_LT_32] bound to: 1'b0 
	Parameter ITLB[PLIC_GPIO_ID] bound to: 32'sb00000000000000000000000000000000 
	Parameter ITLB[PLIC_UART_ID] bound to: 32'sb00000000000000000000000000000000 
	Parameter ITLB[PLIC_SPI_ID] bound to: 32'sb00000000000000000000000000000000 
	Parameter ITLB[PLIC_SDC_ID] bound to: 32'sb00000000000000000000000000000000 
	Parameter ITLB[BPRED_SUPPORTED] bound to: 1'b0 
	Parameter ITLB[BPRED_TYPE] bound to: 32'b00000000000000000000000000000000 
	Parameter ITLB[BPRED_NUM_LHR] bound to: 32'sb00000000000000000000000000000000 
	Parameter ITLB[BPRED_SIZE] bound to: 32'sb00000000000000000000000000000000 
	Parameter ITLB[BTB_SIZE] bound to: 32'sb00000000000000000000000000000000 
	Parameter ITLB[RAS_SIZE] bound to: 32'sb00000000000000000000000000000000 
	Parameter ITLB[INSTR_CLASS_PRED] bound to: 1'b0 
	Parameter ITLB[RADIX] bound to: 32'sb00000000000000000000000000000000 
	Parameter ITLB[DIVCOPIES] bound to: 32'sb00000000000000000000000000000000 
	Parameter ITLB[ZBA_SUPPORTED] bound to: 1'b0 
	Parameter ITLB[ZBB_SUPPORTED] bound to: 1'b0 
	Parameter ITLB[ZBC_SUPPORTED] bound to: 1'b0 
	Parameter ITLB[ZBS_SUPPORTED] bound to: 1'b0 
	Parameter ITLB[ZCA_SUPPORTED] bound to: 1'b0 
	Parameter ITLB[ZCB_SUPPORTED] bound to: 1'b0 
	Parameter ITLB[ZCD_SUPPORTED] bound to: 1'b0 
	Parameter ITLB[ZCF_SUPPORTED] bound to: 1'b0 
	Parameter ITLB[ZBKB_SUPPORTED] bound to: 1'b0 
	Parameter ITLB[ZBKC_SUPPORTED] bound to: 1'b0 
	Parameter ITLB[ZBKX_SUPPORTED] bound to: 1'b0 
	Parameter ITLB[ZKND_SUPPORTED] bound to: 1'b0 
	Parameter ITLB[ZKNE_SUPPORTED] bound to: 1'b0 
	Parameter ITLB[ZKNH_SUPPORTED] bound to: 1'b0 
	Parameter ITLB[ZKN_SUPPORTED] bound to: 1'b0 
	Parameter ITLB[USE_SRAM] bound to: 1'b0 
	Parameter ITLB[M_MODE] bound to: 2'b00 
	Parameter ITLB[S_MODE] bound to: 2'b00 
	Parameter ITLB[U_MODE] bound to: 2'b00 
	Parameter ITLB[VPN_SEGMENT_BITS] bound to: 32'sb00000000000000000000000000000000 
	Parameter ITLB[VPN_BITS] bound to: 32'sb00000000000000000000000000000000 
	Parameter ITLB[PPN_BITS] bound to: 32'sb00000000000000000000000000000000 
	Parameter ITLB[PA_BITS] bound to: 32'sb00000000000000000000000000000000 
	Parameter ITLB[SVMODE_BITS] bound to: 32'sb00000000000000000000000000000000 
	Parameter ITLB[ASID_BASE] bound to: 32'sb00000000000000000000000000000000 
	Parameter ITLB[ASID_BITS] bound to: 32'sb00000000000000000000000000000000 
	Parameter ITLB[NO_TRANSLATE] bound to: 4'b0000 
	Parameter ITLB[SV32] bound to: 4'b0000 
	Parameter ITLB[SV39] bound to: 4'b0000 
	Parameter ITLB[SV48] bound to: 4'b0000 
	Parameter ITLB[A_SUPPORTED] bound to: 1'b0 
	Parameter ITLB[B_SUPPORTED] bound to: 1'b0 
	Parameter ITLB[C_SUPPORTED] bound to: 1'b0 
	Parameter ITLB[D_SUPPORTED] bound to: 1'b0 
	Parameter ITLB[E_SUPPORTED] bound to: 1'b0 
	Parameter ITLB[F_SUPPORTED] bound to: 1'b0 
	Parameter ITLB[I_SUPPORTED] bound to: 1'b0 
	Parameter ITLB[M_SUPPORTED] bound to: 1'b0 
	Parameter ITLB[Q_SUPPORTED] bound to: 1'b0 
	Parameter ITLB[S_SUPPORTED] bound to: 1'b0 
	Parameter ITLB[U_SUPPORTED] bound to: 1'b0 
	Parameter ITLB[LOG_XLEN] bound to: 32'sb00000000000000000000000000000000 
	Parameter ITLB[FLEN] bound to: 32'sb00000000000000000000000000000000 
	Parameter ITLB[LLEN] bound to: 32'sb00000000000000000000000000000000 
	Parameter P[XLEN] bound to: 32'sb00000000000000000000000001000000 
	Parameter P[IEEE754] bound to: 1'b0 
	Parameter P[MISA] bound to: 32'sb00000000000000000000000000000000 
	Parameter P[AHBW] bound to: 32'sb00000000000000000000000001000000 
	Parameter P[RAM_LATENCY] bound to: 32'sb00000000000000000000000000000000 
	Parameter P[BURST_EN] bound to: 1'b1 
	Parameter P[ZICSR_SUPPORTED] bound to: 1'b1 
	Parameter P[ZIFENCEI_SUPPORTED] bound to: 1'b1 
	Parameter P[COUNTERS] bound to: 12'b000000100000 
	Parameter P[ZICNTR_SUPPORTED] bound to: 1'b1 
	Parameter P[ZIHPM_SUPPORTED] bound to: 1'b1 
	Parameter P[ZFH_SUPPORTED] bound to: 1'b1 
	Parameter P[ZFA_SUPPORTED] bound to: 1'b1 
	Parameter P[SSTC_SUPPORTED] bound to: 1'b1 
	Parameter P[VIRTMEM_SUPPORTED] bound to: 1'b1 
	Parameter P[VECTORED_INTERRUPTS_SUPPORTED] bound to: 1'b1 
	Parameter P[BIGENDIAN_SUPPORTED] bound to: 1'b1 
	Parameter P[SVADU_SUPPORTED] bound to: 1'b1 
	Parameter P[ZMMUL_SUPPORTED] bound to: 1'b1 
	Parameter P[ZICBOM_SUPPORTED] bound to: 1'b1 
	Parameter P[ZICBOZ_SUPPORTED] bound to: 1'b1 
	Parameter P[ZICBOP_SUPPORTED] bound to: 1'b1 
	Parameter P[ZICCLSM_SUPPORTED] bound to: 1'b1 
	Parameter P[ZICOND_SUPPORTED] bound to: 1'b1 
	Parameter P[SVPBMT_SUPPORTED] bound to: 1'b1 
	Parameter P[SVNAPOT_SUPPORTED] bound to: 1'b1 
	Parameter P[SVINVAL_SUPPORTED] bound to: 1'b1 
	Parameter P[ZAAMO_SUPPORTED] bound to: 1'b1 
	Parameter P[ZALRSC_SUPPORTED] bound to: 1'b1 
	Parameter P[BUS_SUPPORTED] bound to: 1'b1 
	Parameter P[DCACHE_SUPPORTED] bound to: 1'b1 
	Parameter P[ICACHE_SUPPORTED] bound to: 1'b1 
	Parameter P[ITLB_ENTRIES] bound to: 32'sb00000000000000000000000000100000 
	Parameter P[DTLB_ENTRIES] bound to: 32'sb00000000000000000000000000100000 
	Parameter P[DCACHE_NUMWAYS] bound to: 32'sb00000000000000000000000000000100 
	Parameter P[DCACHE_WAYSIZEINBYTES] bound to: 32'sb00000000000000000001000000000000 
	Parameter P[DCACHE_LINELENINBITS] bound to: 32'sb00000000000000000000001000000000 
	Parameter P[ICACHE_NUMWAYS] bound to: 32'sb00000000000000000000000000000100 
	Parameter P[ICACHE_WAYSIZEINBYTES] bound to: 32'sb00000000000000000001000000000000 
	Parameter P[ICACHE_LINELENINBITS] bound to: 32'sb00000000000000000000001000000000 
	Parameter P[CACHE_SRAMLEN] bound to: 32'sb00000000000000000000000010000000 
	Parameter P[IDIV_BITSPERCYCLE] bound to: 32'sb00000000000000000000000000000100 
	Parameter P[IDIV_ON_FPU] bound to: 1'b1 
	Parameter P[PMP_ENTRIES] bound to: 32'sb00000000000000000000000000010000 
	Parameter P[RESET_VECTOR] bound to: 64'b0000000000000000000000000000000010000000000000000000000000000000 
	Parameter P[WFI_TIMEOUT_BIT] bound to: 32'sb00000000000000000000000000010000 
	Parameter P[DTIM_SUPPORTED] bound to: 1'b0 
	Parameter P[DTIM_BASE] bound to: 64'b0000000000000000000000000000000010000000000000000000000000000000 
	Parameter P[DTIM_RANGE] bound to: 64'b0000000000000000000000000000000000000000011111111111111111111111 
	Parameter P[IROM_SUPPORTED] bound to: 1'b0 
	Parameter P[IROM_BASE] bound to: 64'b0000000000000000000000000000000010000000000000000000000000000000 
	Parameter P[IROM_RANGE] bound to: 64'b0000000000000000000000000000000000000000011111111111111111111111 
	Parameter P[BOOTROM_SUPPORTED] bound to: 1'b0 
	Parameter P[BOOTROM_BASE] bound to: 64'b0000000000000000000000000000000000000000000000000001000000000000 
	Parameter P[BOOTROM_RANGE] bound to: 64'b0000000000000000000000000000000000000000000000000000111111111111 
	Parameter P[BOOTROM_PRELOAD] bound to: 1'b0 
	Parameter P[UNCORE_RAM_SUPPORTED] bound to: 1'b1 
	Parameter P[UNCORE_RAM_BASE] bound to: 64'b0000000000000000000000000000000010000000000000000000000000000000 
	Parameter P[UNCORE_RAM_RANGE] bound to: 64'b0000000000000000000000000000000000000000000000001001000000000000 
	Parameter P[UNCORE_RAM_PRELOAD] bound to: 1'b0 
	Parameter P[EXT_MEM_SUPPORTED] bound to: 1'b0 
	Parameter P[EXT_MEM_BASE] bound to: 64'b0000000000000000000000000000000010000000000000000000000000000000 
	Parameter P[EXT_MEM_RANGE] bound to: 64'b0000000000000000000000000000000000000111111111111111111111111111 
	Parameter P[CLINT_SUPPORTED] bound to: 1'b0 
	Parameter P[CLINT_BASE] bound to: 64'b0000000000000000000000000000000000000010000000000000000000000000 
	Parameter P[CLINT_RANGE] bound to: 64'b0000000000000000000000000000000000000000000000001111111111111111 
	Parameter P[GPIO_SUPPORTED] bound to: 1'b0 
	Parameter P[GPIO_BASE] bound to: 64'b0000000000000000000000000000000000010000000001100000000000000000 
	Parameter P[GPIO_RANGE] bound to: 64'b0000000000000000000000000000000000000000000000000000000011111111 
	Parameter P[UART_SUPPORTED] bound to: 1'b1 
	Parameter P[UART_BASE] bound to: 64'b0000000000000000000000000000000000010000000000000000000000000000 
	Parameter P[UART_RANGE] bound to: 64'b0000000000000000000000000000000000000000000000000000000000000111 
	Parameter P[PLIC_SUPPORTED] bound to: 1'b0 
	Parameter P[PLIC_BASE] bound to: 64'b0000000000000000000000000000000000001100000000000000000000000000 
	Parameter P[PLIC_RANGE] bound to: 64'b0000000000000000000000000000000000000011111111111111111111111111 
	Parameter P[SDC_SUPPORTED] bound to: 1'b0 
	Parameter P[SDC_BASE] bound to: 64'b0000000000000000000000000000000000000000000000010011000000000000 
	Parameter P[SDC_RANGE] bound to: 64'b0000000000000000000000000000000000000000000000000000000001111111 
	Parameter P[SPI_SUPPORTED] bound to: 1'b0 
	Parameter P[SPI_BASE] bound to: 64'b0000000000000000000000000000000000010000000001000000000000000000 
	Parameter P[SPI_RANGE] bound to: 64'b0000000000000000000000000000000000000000000000000000111111111111 
	Parameter P[GPIO_LOOPBACK_TEST] bound to: 1'b0 
	Parameter P[SPI_LOOPBACK_TEST] bound to: 1'b1 
	Parameter P[UART_PRESCALE] bound to: 32'sb00000000000000000000000000000001 
	Parameter P[PLIC_NUM_SRC] bound to: 32'sb00000000000000000000000000001010 
	Parameter P[PLIC_NUM_SRC_LT_32] bound to: 1'b1 
	Parameter P[PLIC_GPIO_ID] bound to: 32'sb00000000000000000000000000000011 
	Parameter P[PLIC_UART_ID] bound to: 32'sb00000000000000000000000000001010 
	Parameter P[PLIC_SPI_ID] bound to: 32'sb00000000000000000000000000000110 
	Parameter P[PLIC_SDC_ID] bound to: 32'sb00000000000000000000000000001001 
	Parameter P[BPRED_SUPPORTED] bound to: 1'b1 
	Parameter P[BPRED_TYPE] bound to: 32'b00000000000000000000000000000100 
	Parameter P[BPRED_NUM_LHR] bound to: 32'sb00000000000000000000000000000110 
	Parameter P[BPRED_SIZE] bound to: 32'sb00000000000000000000000000001010 
	Parameter P[BTB_SIZE] bound to: 32'sb00000000000000000000000000001010 
	Parameter P[RAS_SIZE] bound to: 32'sb00000000000000000000000000010000 
	Parameter P[INSTR_CLASS_PRED] bound to: 1'b1 
	Parameter P[RADIX] bound to: 32'sb00000000000000000000000000000100 
	Parameter P[DIVCOPIES] bound to: 32'sb00000000000000000000000000000100 
	Parameter P[ZBA_SUPPORTED] bound to: 1'b0 
	Parameter P[ZBB_SUPPORTED] bound to: 1'b1 
	Parameter P[ZBC_SUPPORTED] bound to: 1'b0 
	Parameter P[ZBS_SUPPORTED] bound to: 1'b0 
	Parameter P[ZCA_SUPPORTED] bound to: 1'b1 
	Parameter P[ZCB_SUPPORTED] bound to: 1'b0 
	Parameter P[ZCD_SUPPORTED] bound to: 1'b0 
	Parameter P[ZCF_SUPPORTED] bound to: 1'b1 
	Parameter P[ZBKB_SUPPORTED] bound to: 1'b0 
	Parameter P[ZBKC_SUPPORTED] bound to: 1'b0 
	Parameter P[ZBKX_SUPPORTED] bound to: 1'b0 
	Parameter P[ZKND_SUPPORTED] bound to: 1'b0 
	Parameter P[ZKNE_SUPPORTED] bound to: 1'b0 
	Parameter P[ZKNH_SUPPORTED] bound to: 1'b0 
	Parameter P[ZKN_SUPPORTED] bound to: 1'b0 
	Parameter P[USE_SRAM] bound to: 1'b1 
	Parameter P[M_MODE] bound to: 2'b00 
	Parameter P[S_MODE] bound to: 2'b01 
	Parameter P[U_MODE] bound to: 2'b10 
	Parameter P[VPN_SEGMENT_BITS] bound to: 32'sb00000000000000000000000000000011 
	Parameter P[VPN_BITS] bound to: 32'sb00000000000000000000000000000100 
	Parameter P[PPN_BITS] bound to: 32'sb00000000000000000000000000100000 
	Parameter P[PA_BITS] bound to: 32'sb00000000000000000000000001000000 
	Parameter P[SVMODE_BITS] bound to: 32'sb00000000000000000000000000000011 
	Parameter P[ASID_BASE] bound to: 32'sb00000000000000000000000000000100 
	Parameter P[ASID_BITS] bound to: 32'sb00000000000000000000000000000100 
	Parameter P[NO_TRANSLATE] bound to: 4'b0011 
	Parameter P[SV32] bound to: 4'b0000 
	Parameter P[SV39] bound to: 4'b0001 
	Parameter P[SV48] bound to: 4'b0010 
	Parameter P[A_SUPPORTED] bound to: 1'b0 
	Parameter P[B_SUPPORTED] bound to: 1'b0 
	Parameter P[C_SUPPORTED] bound to: 1'b0 
	Parameter P[D_SUPPORTED] bound to: 1'b0 
	Parameter P[E_SUPPORTED] bound to: 1'b0 
	Parameter P[F_SUPPORTED] bound to: 1'b0 
	Parameter P[I_SUPPORTED] bound to: 1'b0 
	Parameter P[M_SUPPORTED] bound to: 1'b1 
	Parameter P[Q_SUPPORTED] bound to: 1'b0 
	Parameter P[S_SUPPORTED] bound to: 1'b1 
	Parameter P[U_SUPPORTED] bound to: 1'b1 
	Parameter P[LOG_XLEN] bound to: 32'sb00000000000000000000000000000110 
	Parameter P[FLEN] bound to: 32'sb00000000000000000000000001000000 
	Parameter P[LLEN] bound to: 32'sb00000000000000000000000001000000 
	Parameter PA_BITS bound to: 64 - type: integer 
	Parameter XLEN bound to: 64 - type: integer 
	Parameter LINELEN bound to: 512 - type: integer 
	Parameter NUMSETS bound to: 64 - type: integer 
	Parameter NUMWAYS bound to: 4 - type: integer 
	Parameter LOGBWPL bound to: 3 - type: integer 
	Parameter WORDLEN bound to: 128 - type: integer 
	Parameter MUXINTERVAL bound to: 64 - type: integer 
	Parameter READ_ONLY_CACHE bound to: 0 - type: integer 
	Parameter WIDTH bound to: 8 - type: integer 
	Parameter WIDTH bound to: 6 - type: integer 
	Parameter WIDTH bound to: 4 - type: integer 
	Parameter P[XLEN] bound to: 32'sb00000000000000000000000001000000 
	Parameter P[IEEE754] bound to: 1'b0 
	Parameter P[MISA] bound to: 32'sb00000000000000000000000000000000 
	Parameter P[AHBW] bound to: 32'sb00000000000000000000000001000000 
	Parameter P[RAM_LATENCY] bound to: 32'sb00000000000000000000000000000000 
	Parameter P[BURST_EN] bound to: 1'b1 
	Parameter P[ZICSR_SUPPORTED] bound to: 1'b1 
	Parameter P[ZIFENCEI_SUPPORTED] bound to: 1'b1 
	Parameter P[COUNTERS] bound to: 12'b000000100000 
	Parameter P[ZICNTR_SUPPORTED] bound to: 1'b1 
	Parameter P[ZIHPM_SUPPORTED] bound to: 1'b1 
	Parameter P[ZFH_SUPPORTED] bound to: 1'b1 
	Parameter P[ZFA_SUPPORTED] bound to: 1'b1 
	Parameter P[SSTC_SUPPORTED] bound to: 1'b1 
	Parameter P[VIRTMEM_SUPPORTED] bound to: 1'b1 
	Parameter P[VECTORED_INTERRUPTS_SUPPORTED] bound to: 1'b1 
	Parameter P[BIGENDIAN_SUPPORTED] bound to: 1'b1 
	Parameter P[SVADU_SUPPORTED] bound to: 1'b1 
	Parameter P[ZMMUL_SUPPORTED] bound to: 1'b1 
	Parameter P[ZICBOM_SUPPORTED] bound to: 1'b1 
	Parameter P[ZICBOZ_SUPPORTED] bound to: 1'b1 
	Parameter P[ZICBOP_SUPPORTED] bound to: 1'b1 
	Parameter P[ZICCLSM_SUPPORTED] bound to: 1'b1 
	Parameter P[ZICOND_SUPPORTED] bound to: 1'b1 
	Parameter P[SVPBMT_SUPPORTED] bound to: 1'b1 
	Parameter P[SVNAPOT_SUPPORTED] bound to: 1'b1 
	Parameter P[SVINVAL_SUPPORTED] bound to: 1'b1 
	Parameter P[ZAAMO_SUPPORTED] bound to: 1'b1 
	Parameter P[ZALRSC_SUPPORTED] bound to: 1'b1 
	Parameter P[BUS_SUPPORTED] bound to: 1'b1 
	Parameter P[DCACHE_SUPPORTED] bound to: 1'b1 
	Parameter P[ICACHE_SUPPORTED] bound to: 1'b1 
	Parameter P[ITLB_ENTRIES] bound to: 32'sb00000000000000000000000000100000 
	Parameter P[DTLB_ENTRIES] bound to: 32'sb00000000000000000000000000100000 
	Parameter P[DCACHE_NUMWAYS] bound to: 32'sb00000000000000000000000000000100 
	Parameter P[DCACHE_WAYSIZEINBYTES] bound to: 32'sb00000000000000000001000000000000 
	Parameter P[DCACHE_LINELENINBITS] bound to: 32'sb00000000000000000000001000000000 
	Parameter P[ICACHE_NUMWAYS] bound to: 32'sb00000000000000000000000000000100 
	Parameter P[ICACHE_WAYSIZEINBYTES] bound to: 32'sb00000000000000000001000000000000 
	Parameter P[ICACHE_LINELENINBITS] bound to: 32'sb00000000000000000000001000000000 
	Parameter P[CACHE_SRAMLEN] bound to: 32'sb00000000000000000000000010000000 
	Parameter P[IDIV_BITSPERCYCLE] bound to: 32'sb00000000000000000000000000000100 
	Parameter P[IDIV_ON_FPU] bound to: 1'b1 
	Parameter P[PMP_ENTRIES] bound to: 32'sb00000000000000000000000000010000 
	Parameter P[RESET_VECTOR] bound to: 64'b0000000000000000000000000000000010000000000000000000000000000000 
	Parameter P[WFI_TIMEOUT_BIT] bound to: 32'sb00000000000000000000000000010000 
	Parameter P[DTIM_SUPPORTED] bound to: 1'b0 
	Parameter P[DTIM_BASE] bound to: 64'b0000000000000000000000000000000010000000000000000000000000000000 
	Parameter P[DTIM_RANGE] bound to: 64'b0000000000000000000000000000000000000000011111111111111111111111 
	Parameter P[IROM_SUPPORTED] bound to: 1'b0 
	Parameter P[IROM_BASE] bound to: 64'b0000000000000000000000000000000010000000000000000000000000000000 
	Parameter P[IROM_RANGE] bound to: 64'b0000000000000000000000000000000000000000011111111111111111111111 
	Parameter P[BOOTROM_SUPPORTED] bound to: 1'b0 
	Parameter P[BOOTROM_BASE] bound to: 64'b0000000000000000000000000000000000000000000000000001000000000000 
	Parameter P[BOOTROM_RANGE] bound to: 64'b0000000000000000000000000000000000000000000000000000111111111111 
	Parameter P[BOOTROM_PRELOAD] bound to: 1'b0 
	Parameter P[UNCORE_RAM_SUPPORTED] bound to: 1'b1 
	Parameter P[UNCORE_RAM_BASE] bound to: 64'b0000000000000000000000000000000010000000000000000000000000000000 
	Parameter P[UNCORE_RAM_RANGE] bound to: 64'b0000000000000000000000000000000000000000000000001001000000000000 
	Parameter P[UNCORE_RAM_PRELOAD] bound to: 1'b0 
	Parameter P[EXT_MEM_SUPPORTED] bound to: 1'b0 
	Parameter P[EXT_MEM_BASE] bound to: 64'b0000000000000000000000000000000010000000000000000000000000000000 
	Parameter P[EXT_MEM_RANGE] bound to: 64'b0000000000000000000000000000000000000111111111111111111111111111 
	Parameter P[CLINT_SUPPORTED] bound to: 1'b0 
	Parameter P[CLINT_BASE] bound to: 64'b0000000000000000000000000000000000000010000000000000000000000000 
	Parameter P[CLINT_RANGE] bound to: 64'b0000000000000000000000000000000000000000000000001111111111111111 
	Parameter P[GPIO_SUPPORTED] bound to: 1'b0 
	Parameter P[GPIO_BASE] bound to: 64'b0000000000000000000000000000000000010000000001100000000000000000 
	Parameter P[GPIO_RANGE] bound to: 64'b0000000000000000000000000000000000000000000000000000000011111111 
	Parameter P[UART_SUPPORTED] bound to: 1'b1 
	Parameter P[UART_BASE] bound to: 64'b0000000000000000000000000000000000010000000000000000000000000000 
	Parameter P[UART_RANGE] bound to: 64'b0000000000000000000000000000000000000000000000000000000000000111 
	Parameter P[PLIC_SUPPORTED] bound to: 1'b0 
	Parameter P[PLIC_BASE] bound to: 64'b0000000000000000000000000000000000001100000000000000000000000000 
	Parameter P[PLIC_RANGE] bound to: 64'b0000000000000000000000000000000000000011111111111111111111111111 
	Parameter P[SDC_SUPPORTED] bound to: 1'b0 
	Parameter P[SDC_BASE] bound to: 64'b0000000000000000000000000000000000000000000000010011000000000000 
	Parameter P[SDC_RANGE] bound to: 64'b0000000000000000000000000000000000000000000000000000000001111111 
	Parameter P[SPI_SUPPORTED] bound to: 1'b0 
	Parameter P[SPI_BASE] bound to: 64'b0000000000000000000000000000000000010000000001000000000000000000 
	Parameter P[SPI_RANGE] bound to: 64'b0000000000000000000000000000000000000000000000000000111111111111 
	Parameter P[GPIO_LOOPBACK_TEST] bound to: 1'b0 
	Parameter P[SPI_LOOPBACK_TEST] bound to: 1'b1 
	Parameter P[UART_PRESCALE] bound to: 32'sb00000000000000000000000000000001 
	Parameter P[PLIC_NUM_SRC] bound to: 32'sb00000000000000000000000000001010 
	Parameter P[PLIC_NUM_SRC_LT_32] bound to: 1'b1 
	Parameter P[PLIC_GPIO_ID] bound to: 32'sb00000000000000000000000000000011 
	Parameter P[PLIC_UART_ID] bound to: 32'sb00000000000000000000000000001010 
	Parameter P[PLIC_SPI_ID] bound to: 32'sb00000000000000000000000000000110 
	Parameter P[PLIC_SDC_ID] bound to: 32'sb00000000000000000000000000001001 
	Parameter P[BPRED_SUPPORTED] bound to: 1'b1 
	Parameter P[BPRED_TYPE] bound to: 32'b00000000000000000000000000000100 
	Parameter P[BPRED_NUM_LHR] bound to: 32'sb00000000000000000000000000000110 
	Parameter P[BPRED_SIZE] bound to: 32'sb00000000000000000000000000001010 
	Parameter P[BTB_SIZE] bound to: 32'sb00000000000000000000000000001010 
	Parameter P[RAS_SIZE] bound to: 32'sb00000000000000000000000000010000 
	Parameter P[INSTR_CLASS_PRED] bound to: 1'b1 
	Parameter P[RADIX] bound to: 32'sb00000000000000000000000000000100 
	Parameter P[DIVCOPIES] bound to: 32'sb00000000000000000000000000000100 
	Parameter P[ZBA_SUPPORTED] bound to: 1'b0 
	Parameter P[ZBB_SUPPORTED] bound to: 1'b1 
	Parameter P[ZBC_SUPPORTED] bound to: 1'b0 
	Parameter P[ZBS_SUPPORTED] bound to: 1'b0 
	Parameter P[ZCA_SUPPORTED] bound to: 1'b1 
	Parameter P[ZCB_SUPPORTED] bound to: 1'b0 
	Parameter P[ZCD_SUPPORTED] bound to: 1'b0 
	Parameter P[ZCF_SUPPORTED] bound to: 1'b1 
	Parameter P[ZBKB_SUPPORTED] bound to: 1'b0 
	Parameter P[ZBKC_SUPPORTED] bound to: 1'b0 
	Parameter P[ZBKX_SUPPORTED] bound to: 1'b0 
	Parameter P[ZKND_SUPPORTED] bound to: 1'b0 
	Parameter P[ZKNE_SUPPORTED] bound to: 1'b0 
	Parameter P[ZKNH_SUPPORTED] bound to: 1'b0 
	Parameter P[ZKN_SUPPORTED] bound to: 1'b0 
	Parameter P[USE_SRAM] bound to: 1'b1 
	Parameter P[M_MODE] bound to: 2'b00 
	Parameter P[S_MODE] bound to: 2'b01 
	Parameter P[U_MODE] bound to: 2'b10 
	Parameter P[VPN_SEGMENT_BITS] bound to: 32'sb00000000000000000000000000000011 
	Parameter P[VPN_BITS] bound to: 32'sb00000000000000000000000000000100 
	Parameter P[PPN_BITS] bound to: 32'sb00000000000000000000000000100000 
	Parameter P[PA_BITS] bound to: 32'sb00000000000000000000000001000000 
	Parameter P[SVMODE_BITS] bound to: 32'sb00000000000000000000000000000011 
	Parameter P[ASID_BASE] bound to: 32'sb00000000000000000000000000000100 
	Parameter P[ASID_BITS] bound to: 32'sb00000000000000000000000000000100 
	Parameter P[NO_TRANSLATE] bound to: 4'b0011 
	Parameter P[SV32] bound to: 4'b0000 
	Parameter P[SV39] bound to: 4'b0001 
	Parameter P[SV48] bound to: 4'b0010 
	Parameter P[A_SUPPORTED] bound to: 1'b0 
	Parameter P[B_SUPPORTED] bound to: 1'b0 
	Parameter P[C_SUPPORTED] bound to: 1'b0 
	Parameter P[D_SUPPORTED] bound to: 1'b0 
	Parameter P[E_SUPPORTED] bound to: 1'b0 
	Parameter P[F_SUPPORTED] bound to: 1'b0 
	Parameter P[I_SUPPORTED] bound to: 1'b0 
	Parameter P[M_SUPPORTED] bound to: 1'b1 
	Parameter P[Q_SUPPORTED] bound to: 1'b0 
	Parameter P[S_SUPPORTED] bound to: 1'b1 
	Parameter P[U_SUPPORTED] bound to: 1'b1 
	Parameter P[LOG_XLEN] bound to: 32'sb00000000000000000000000000000110 
	Parameter P[FLEN] bound to: 32'sb00000000000000000000000001000000 
	Parameter P[LLEN] bound to: 32'sb00000000000000000000000001000000 
	Parameter PA_BITS bound to: 64 - type: integer 
	Parameter XLEN bound to: 64 - type: integer 
	Parameter NUMSETS bound to: 64 - type: integer 
	Parameter LINELEN bound to: 512 - type: integer 
	Parameter TAGLEN bound to: 52 - type: integer 
	Parameter OFFSETLEN bound to: 6 - type: integer 
	Parameter INDEXLEN bound to: 6 - type: integer 
	Parameter READ_ONLY_CACHE bound to: 0 - type: integer 
	Parameter WIDTH bound to: 1 - type: integer 
	Parameter USE_SRAM bound to: 1'b1 
	Parameter DEPTH bound to: 64 - type: integer 
	Parameter WIDTH bound to: 128 - type: integer 
	Parameter LINELEN bound to: 512 - type: integer 
	Parameter WORDLEN bound to: 128 - type: integer 
	Parameter MUXINTERVAL bound to: 64 - type: integer 
	Parameter P[XLEN] bound to: 32'sb00000000000000000000000001000000 
	Parameter P[IEEE754] bound to: 1'b0 
	Parameter P[MISA] bound to: 32'sb00000000000000000000000000000000 
	Parameter P[AHBW] bound to: 32'sb00000000000000000000000001000000 
	Parameter P[RAM_LATENCY] bound to: 32'sb00000000000000000000000000000000 
	Parameter P[BURST_EN] bound to: 1'b1 
	Parameter P[ZICSR_SUPPORTED] bound to: 1'b1 
	Parameter P[ZIFENCEI_SUPPORTED] bound to: 1'b1 
	Parameter P[COUNTERS] bound to: 12'b000000100000 
	Parameter P[ZICNTR_SUPPORTED] bound to: 1'b1 
	Parameter P[ZIHPM_SUPPORTED] bound to: 1'b1 
	Parameter P[ZFH_SUPPORTED] bound to: 1'b1 
	Parameter P[ZFA_SUPPORTED] bound to: 1'b1 
	Parameter P[SSTC_SUPPORTED] bound to: 1'b1 
	Parameter P[VIRTMEM_SUPPORTED] bound to: 1'b1 
	Parameter P[VECTORED_INTERRUPTS_SUPPORTED] bound to: 1'b1 
	Parameter P[BIGENDIAN_SUPPORTED] bound to: 1'b1 
	Parameter P[SVADU_SUPPORTED] bound to: 1'b1 
	Parameter P[ZMMUL_SUPPORTED] bound to: 1'b1 
	Parameter P[ZICBOM_SUPPORTED] bound to: 1'b1 
	Parameter P[ZICBOZ_SUPPORTED] bound to: 1'b1 
	Parameter P[ZICBOP_SUPPORTED] bound to: 1'b1 
	Parameter P[ZICCLSM_SUPPORTED] bound to: 1'b1 
	Parameter P[ZICOND_SUPPORTED] bound to: 1'b1 
	Parameter P[SVPBMT_SUPPORTED] bound to: 1'b1 
	Parameter P[SVNAPOT_SUPPORTED] bound to: 1'b1 
	Parameter P[SVINVAL_SUPPORTED] bound to: 1'b1 
	Parameter P[ZAAMO_SUPPORTED] bound to: 1'b1 
	Parameter P[ZALRSC_SUPPORTED] bound to: 1'b1 
	Parameter P[BUS_SUPPORTED] bound to: 1'b1 
	Parameter P[DCACHE_SUPPORTED] bound to: 1'b1 
	Parameter P[ICACHE_SUPPORTED] bound to: 1'b1 
	Parameter P[ITLB_ENTRIES] bound to: 32'sb00000000000000000000000000100000 
	Parameter P[DTLB_ENTRIES] bound to: 32'sb00000000000000000000000000100000 
	Parameter P[DCACHE_NUMWAYS] bound to: 32'sb00000000000000000000000000000100 
	Parameter P[DCACHE_WAYSIZEINBYTES] bound to: 32'sb00000000000000000001000000000000 
	Parameter P[DCACHE_LINELENINBITS] bound to: 32'sb00000000000000000000001000000000 
	Parameter P[ICACHE_NUMWAYS] bound to: 32'sb00000000000000000000000000000100 
	Parameter P[ICACHE_WAYSIZEINBYTES] bound to: 32'sb00000000000000000001000000000000 
	Parameter P[ICACHE_LINELENINBITS] bound to: 32'sb00000000000000000000001000000000 
	Parameter P[CACHE_SRAMLEN] bound to: 32'sb00000000000000000000000010000000 
	Parameter P[IDIV_BITSPERCYCLE] bound to: 32'sb00000000000000000000000000000100 
	Parameter P[IDIV_ON_FPU] bound to: 1'b1 
	Parameter P[PMP_ENTRIES] bound to: 32'sb00000000000000000000000000010000 
	Parameter P[RESET_VECTOR] bound to: 64'b0000000000000000000000000000000010000000000000000000000000000000 
	Parameter P[WFI_TIMEOUT_BIT] bound to: 32'sb00000000000000000000000000010000 
	Parameter P[DTIM_SUPPORTED] bound to: 1'b0 
	Parameter P[DTIM_BASE] bound to: 64'b0000000000000000000000000000000010000000000000000000000000000000 
	Parameter P[DTIM_RANGE] bound to: 64'b0000000000000000000000000000000000000000011111111111111111111111 
	Parameter P[IROM_SUPPORTED] bound to: 1'b0 
	Parameter P[IROM_BASE] bound to: 64'b0000000000000000000000000000000010000000000000000000000000000000 
	Parameter P[IROM_RANGE] bound to: 64'b0000000000000000000000000000000000000000011111111111111111111111 
	Parameter P[BOOTROM_SUPPORTED] bound to: 1'b0 
	Parameter P[BOOTROM_BASE] bound to: 64'b0000000000000000000000000000000000000000000000000001000000000000 
	Parameter P[BOOTROM_RANGE] bound to: 64'b0000000000000000000000000000000000000000000000000000111111111111 
	Parameter P[BOOTROM_PRELOAD] bound to: 1'b0 
	Parameter P[UNCORE_RAM_SUPPORTED] bound to: 1'b1 
	Parameter P[UNCORE_RAM_BASE] bound to: 64'b0000000000000000000000000000000010000000000000000000000000000000 
	Parameter P[UNCORE_RAM_RANGE] bound to: 64'b0000000000000000000000000000000000000000000000001001000000000000 
	Parameter P[UNCORE_RAM_PRELOAD] bound to: 1'b0 
	Parameter P[EXT_MEM_SUPPORTED] bound to: 1'b0 
	Parameter P[EXT_MEM_BASE] bound to: 64'b0000000000000000000000000000000010000000000000000000000000000000 
	Parameter P[EXT_MEM_RANGE] bound to: 64'b0000000000000000000000000000000000000111111111111111111111111111 
	Parameter P[CLINT_SUPPORTED] bound to: 1'b0 
	Parameter P[CLINT_BASE] bound to: 64'b0000000000000000000000000000000000000010000000000000000000000000 
	Parameter P[CLINT_RANGE] bound to: 64'b0000000000000000000000000000000000000000000000001111111111111111 
	Parameter P[GPIO_SUPPORTED] bound to: 1'b0 
	Parameter P[GPIO_BASE] bound to: 64'b0000000000000000000000000000000000010000000001100000000000000000 
	Parameter P[GPIO_RANGE] bound to: 64'b0000000000000000000000000000000000000000000000000000000011111111 
	Parameter P[UART_SUPPORTED] bound to: 1'b1 
	Parameter P[UART_BASE] bound to: 64'b0000000000000000000000000000000000010000000000000000000000000000 
	Parameter P[UART_RANGE] bound to: 64'b0000000000000000000000000000000000000000000000000000000000000111 
	Parameter P[PLIC_SUPPORTED] bound to: 1'b0 
	Parameter P[PLIC_BASE] bound to: 64'b0000000000000000000000000000000000001100000000000000000000000000 
	Parameter P[PLIC_RANGE] bound to: 64'b0000000000000000000000000000000000000011111111111111111111111111 
	Parameter P[SDC_SUPPORTED] bound to: 1'b0 
	Parameter P[SDC_BASE] bound to: 64'b0000000000000000000000000000000000000000000000010011000000000000 
	Parameter P[SDC_RANGE] bound to: 64'b0000000000000000000000000000000000000000000000000000000001111111 
	Parameter P[SPI_SUPPORTED] bound to: 1'b0 
	Parameter P[SPI_BASE] bound to: 64'b0000000000000000000000000000000000010000000001000000000000000000 
	Parameter P[SPI_RANGE] bound to: 64'b0000000000000000000000000000000000000000000000000000111111111111 
	Parameter P[GPIO_LOOPBACK_TEST] bound to: 1'b0 
	Parameter P[SPI_LOOPBACK_TEST] bound to: 1'b1 
	Parameter P[UART_PRESCALE] bound to: 32'sb00000000000000000000000000000001 
	Parameter P[PLIC_NUM_SRC] bound to: 32'sb00000000000000000000000000001010 
	Parameter P[PLIC_NUM_SRC_LT_32] bound to: 1'b1 
	Parameter P[PLIC_GPIO_ID] bound to: 32'sb00000000000000000000000000000011 
	Parameter P[PLIC_UART_ID] bound to: 32'sb00000000000000000000000000001010 
	Parameter P[PLIC_SPI_ID] bound to: 32'sb00000000000000000000000000000110 
	Parameter P[PLIC_SDC_ID] bound to: 32'sb00000000000000000000000000001001 
	Parameter P[BPRED_SUPPORTED] bound to: 1'b1 
	Parameter P[BPRED_TYPE] bound to: 32'b00000000000000000000000000000100 
	Parameter P[BPRED_NUM_LHR] bound to: 32'sb00000000000000000000000000000110 
	Parameter P[BPRED_SIZE] bound to: 32'sb00000000000000000000000000001010 
	Parameter P[BTB_SIZE] bound to: 32'sb00000000000000000000000000001010 
	Parameter P[RAS_SIZE] bound to: 32'sb00000000000000000000000000010000 
	Parameter P[INSTR_CLASS_PRED] bound to: 1'b1 
	Parameter P[RADIX] bound to: 32'sb00000000000000000000000000000100 
	Parameter P[DIVCOPIES] bound to: 32'sb00000000000000000000000000000100 
	Parameter P[ZBA_SUPPORTED] bound to: 1'b0 
	Parameter P[ZBB_SUPPORTED] bound to: 1'b1 
	Parameter P[ZBC_SUPPORTED] bound to: 1'b0 
	Parameter P[ZBS_SUPPORTED] bound to: 1'b0 
	Parameter P[ZCA_SUPPORTED] bound to: 1'b1 
	Parameter P[ZCB_SUPPORTED] bound to: 1'b0 
	Parameter P[ZCD_SUPPORTED] bound to: 1'b0 
	Parameter P[ZCF_SUPPORTED] bound to: 1'b1 
	Parameter P[ZBKB_SUPPORTED] bound to: 1'b0 
	Parameter P[ZBKC_SUPPORTED] bound to: 1'b0 
	Parameter P[ZBKX_SUPPORTED] bound to: 1'b0 
	Parameter P[ZKND_SUPPORTED] bound to: 1'b0 
	Parameter P[ZKNE_SUPPORTED] bound to: 1'b0 
	Parameter P[ZKNH_SUPPORTED] bound to: 1'b0 
	Parameter P[ZKN_SUPPORTED] bound to: 1'b0 
	Parameter P[USE_SRAM] bound to: 1'b1 
	Parameter P[M_MODE] bound to: 2'b00 
	Parameter P[S_MODE] bound to: 2'b01 
	Parameter P[U_MODE] bound to: 2'b10 
	Parameter P[VPN_SEGMENT_BITS] bound to: 32'sb00000000000000000000000000000011 
	Parameter P[VPN_BITS] bound to: 32'sb00000000000000000000000000000100 
	Parameter P[PPN_BITS] bound to: 32'sb00000000000000000000000000100000 
	Parameter P[PA_BITS] bound to: 32'sb00000000000000000000000001000000 
	Parameter P[SVMODE_BITS] bound to: 32'sb00000000000000000000000000000011 
	Parameter P[ASID_BASE] bound to: 32'sb00000000000000000000000000000100 
	Parameter P[ASID_BITS] bound to: 32'sb00000000000000000000000000000100 
	Parameter P[NO_TRANSLATE] bound to: 4'b0011 
	Parameter P[SV32] bound to: 4'b0000 
	Parameter P[SV39] bound to: 4'b0001 
	Parameter P[SV48] bound to: 4'b0010 
	Parameter P[A_SUPPORTED] bound to: 1'b0 
	Parameter P[B_SUPPORTED] bound to: 1'b0 
	Parameter P[C_SUPPORTED] bound to: 1'b0 
	Parameter P[D_SUPPORTED] bound to: 1'b0 
	Parameter P[E_SUPPORTED] bound to: 1'b0 
	Parameter P[F_SUPPORTED] bound to: 1'b0 
	Parameter P[I_SUPPORTED] bound to: 1'b0 
	Parameter P[M_SUPPORTED] bound to: 1'b1 
	Parameter P[Q_SUPPORTED] bound to: 1'b0 
	Parameter P[S_SUPPORTED] bound to: 1'b1 
	Parameter P[U_SUPPORTED] bound to: 1'b1 
	Parameter P[LOG_XLEN] bound to: 32'sb00000000000000000000000000000110 
	Parameter P[FLEN] bound to: 32'sb00000000000000000000000001000000 
	Parameter P[LLEN] bound to: 32'sb00000000000000000000000001000000 
	Parameter READ_ONLY_CACHE bound to: 0 - type: integer 
	Parameter P[XLEN] bound to: 32'sb00000000000000000000000001000000 
	Parameter P[IEEE754] bound to: 1'b0 
	Parameter P[MISA] bound to: 32'sb00000000000000000000000000000000 
	Parameter P[AHBW] bound to: 32'sb00000000000000000000000001000000 
	Parameter P[RAM_LATENCY] bound to: 32'sb00000000000000000000000000000000 
	Parameter P[BURST_EN] bound to: 1'b1 
	Parameter P[ZICSR_SUPPORTED] bound to: 1'b1 
	Parameter P[ZIFENCEI_SUPPORTED] bound to: 1'b1 
	Parameter P[COUNTERS] bound to: 12'b000000100000 
	Parameter P[ZICNTR_SUPPORTED] bound to: 1'b1 
	Parameter P[ZIHPM_SUPPORTED] bound to: 1'b1 
	Parameter P[ZFH_SUPPORTED] bound to: 1'b1 
	Parameter P[ZFA_SUPPORTED] bound to: 1'b1 
	Parameter P[SSTC_SUPPORTED] bound to: 1'b1 
	Parameter P[VIRTMEM_SUPPORTED] bound to: 1'b1 
	Parameter P[VECTORED_INTERRUPTS_SUPPORTED] bound to: 1'b1 
	Parameter P[BIGENDIAN_SUPPORTED] bound to: 1'b1 
	Parameter P[SVADU_SUPPORTED] bound to: 1'b1 
	Parameter P[ZMMUL_SUPPORTED] bound to: 1'b1 
	Parameter P[ZICBOM_SUPPORTED] bound to: 1'b1 
	Parameter P[ZICBOZ_SUPPORTED] bound to: 1'b1 
	Parameter P[ZICBOP_SUPPORTED] bound to: 1'b1 
	Parameter P[ZICCLSM_SUPPORTED] bound to: 1'b1 
	Parameter P[ZICOND_SUPPORTED] bound to: 1'b1 
	Parameter P[SVPBMT_SUPPORTED] bound to: 1'b1 
	Parameter P[SVNAPOT_SUPPORTED] bound to: 1'b1 
	Parameter P[SVINVAL_SUPPORTED] bound to: 1'b1 
	Parameter P[ZAAMO_SUPPORTED] bound to: 1'b1 
	Parameter P[ZALRSC_SUPPORTED] bound to: 1'b1 
	Parameter P[BUS_SUPPORTED] bound to: 1'b1 
	Parameter P[DCACHE_SUPPORTED] bound to: 1'b1 
	Parameter P[ICACHE_SUPPORTED] bound to: 1'b1 
	Parameter P[ITLB_ENTRIES] bound to: 32'sb00000000000000000000000000100000 
	Parameter P[DTLB_ENTRIES] bound to: 32'sb00000000000000000000000000100000 
	Parameter P[DCACHE_NUMWAYS] bound to: 32'sb00000000000000000000000000000100 
	Parameter P[DCACHE_WAYSIZEINBYTES] bound to: 32'sb00000000000000000001000000000000 
	Parameter P[DCACHE_LINELENINBITS] bound to: 32'sb00000000000000000000001000000000 
	Parameter P[ICACHE_NUMWAYS] bound to: 32'sb00000000000000000000000000000100 
	Parameter P[ICACHE_WAYSIZEINBYTES] bound to: 32'sb00000000000000000001000000000000 
	Parameter P[ICACHE_LINELENINBITS] bound to: 32'sb00000000000000000000001000000000 
	Parameter P[CACHE_SRAMLEN] bound to: 32'sb00000000000000000000000010000000 
	Parameter P[IDIV_BITSPERCYCLE] bound to: 32'sb00000000000000000000000000000100 
	Parameter P[IDIV_ON_FPU] bound to: 1'b1 
	Parameter P[PMP_ENTRIES] bound to: 32'sb00000000000000000000000000010000 
	Parameter P[RESET_VECTOR] bound to: 64'b0000000000000000000000000000000010000000000000000000000000000000 
	Parameter P[WFI_TIMEOUT_BIT] bound to: 32'sb00000000000000000000000000010000 
	Parameter P[DTIM_SUPPORTED] bound to: 1'b0 
	Parameter P[DTIM_BASE] bound to: 64'b0000000000000000000000000000000010000000000000000000000000000000 
	Parameter P[DTIM_RANGE] bound to: 64'b0000000000000000000000000000000000000000011111111111111111111111 
	Parameter P[IROM_SUPPORTED] bound to: 1'b0 
	Parameter P[IROM_BASE] bound to: 64'b0000000000000000000000000000000010000000000000000000000000000000 
	Parameter P[IROM_RANGE] bound to: 64'b0000000000000000000000000000000000000000011111111111111111111111 
	Parameter P[BOOTROM_SUPPORTED] bound to: 1'b0 
	Parameter P[BOOTROM_BASE] bound to: 64'b0000000000000000000000000000000000000000000000000001000000000000 
	Parameter P[BOOTROM_RANGE] bound to: 64'b0000000000000000000000000000000000000000000000000000111111111111 
	Parameter P[BOOTROM_PRELOAD] bound to: 1'b0 
	Parameter P[UNCORE_RAM_SUPPORTED] bound to: 1'b1 
	Parameter P[UNCORE_RAM_BASE] bound to: 64'b0000000000000000000000000000000010000000000000000000000000000000 
	Parameter P[UNCORE_RAM_RANGE] bound to: 64'b0000000000000000000000000000000000000000000000001001000000000000 
	Parameter P[UNCORE_RAM_PRELOAD] bound to: 1'b0 
	Parameter P[EXT_MEM_SUPPORTED] bound to: 1'b0 
	Parameter P[EXT_MEM_BASE] bound to: 64'b0000000000000000000000000000000010000000000000000000000000000000 
	Parameter P[EXT_MEM_RANGE] bound to: 64'b0000000000000000000000000000000000000111111111111111111111111111 
	Parameter P[CLINT_SUPPORTED] bound to: 1'b0 
	Parameter P[CLINT_BASE] bound to: 64'b0000000000000000000000000000000000000010000000000000000000000000 
	Parameter P[CLINT_RANGE] bound to: 64'b0000000000000000000000000000000000000000000000001111111111111111 
	Parameter P[GPIO_SUPPORTED] bound to: 1'b0 
	Parameter P[GPIO_BASE] bound to: 64'b0000000000000000000000000000000000010000000001100000000000000000 
	Parameter P[GPIO_RANGE] bound to: 64'b0000000000000000000000000000000000000000000000000000000011111111 
	Parameter P[UART_SUPPORTED] bound to: 1'b1 
	Parameter P[UART_BASE] bound to: 64'b0000000000000000000000000000000000010000000000000000000000000000 
	Parameter P[UART_RANGE] bound to: 64'b0000000000000000000000000000000000000000000000000000000000000111 
	Parameter P[PLIC_SUPPORTED] bound to: 1'b0 
	Parameter P[PLIC_BASE] bound to: 64'b0000000000000000000000000000000000001100000000000000000000000000 
	Parameter P[PLIC_RANGE] bound to: 64'b0000000000000000000000000000000000000011111111111111111111111111 
	Parameter P[SDC_SUPPORTED] bound to: 1'b0 
	Parameter P[SDC_BASE] bound to: 64'b0000000000000000000000000000000000000000000000010011000000000000 
	Parameter P[SDC_RANGE] bound to: 64'b0000000000000000000000000000000000000000000000000000000001111111 
	Parameter P[SPI_SUPPORTED] bound to: 1'b0 
	Parameter P[SPI_BASE] bound to: 64'b0000000000000000000000000000000000010000000001000000000000000000 
	Parameter P[SPI_RANGE] bound to: 64'b0000000000000000000000000000000000000000000000000000111111111111 
	Parameter P[GPIO_LOOPBACK_TEST] bound to: 1'b0 
	Parameter P[SPI_LOOPBACK_TEST] bound to: 1'b1 
	Parameter P[UART_PRESCALE] bound to: 32'sb00000000000000000000000000000001 
	Parameter P[PLIC_NUM_SRC] bound to: 32'sb00000000000000000000000000001010 
	Parameter P[PLIC_NUM_SRC_LT_32] bound to: 1'b1 
	Parameter P[PLIC_GPIO_ID] bound to: 32'sb00000000000000000000000000000011 
	Parameter P[PLIC_UART_ID] bound to: 32'sb00000000000000000000000000001010 
	Parameter P[PLIC_SPI_ID] bound to: 32'sb00000000000000000000000000000110 
	Parameter P[PLIC_SDC_ID] bound to: 32'sb00000000000000000000000000001001 
	Parameter P[BPRED_SUPPORTED] bound to: 1'b1 
	Parameter P[BPRED_TYPE] bound to: 32'b00000000000000000000000000000100 
	Parameter P[BPRED_NUM_LHR] bound to: 32'sb00000000000000000000000000000110 
	Parameter P[BPRED_SIZE] bound to: 32'sb00000000000000000000000000001010 
	Parameter P[BTB_SIZE] bound to: 32'sb00000000000000000000000000001010 
	Parameter P[RAS_SIZE] bound to: 32'sb00000000000000000000000000010000 
	Parameter P[INSTR_CLASS_PRED] bound to: 1'b1 
	Parameter P[RADIX] bound to: 32'sb00000000000000000000000000000100 
	Parameter P[DIVCOPIES] bound to: 32'sb00000000000000000000000000000100 
	Parameter P[ZBA_SUPPORTED] bound to: 1'b0 
	Parameter P[ZBB_SUPPORTED] bound to: 1'b1 
	Parameter P[ZBC_SUPPORTED] bound to: 1'b0 
	Parameter P[ZBS_SUPPORTED] bound to: 1'b0 
	Parameter P[ZCA_SUPPORTED] bound to: 1'b1 
	Parameter P[ZCB_SUPPORTED] bound to: 1'b0 
	Parameter P[ZCD_SUPPORTED] bound to: 1'b0 
	Parameter P[ZCF_SUPPORTED] bound to: 1'b1 
	Parameter P[ZBKB_SUPPORTED] bound to: 1'b0 
	Parameter P[ZBKC_SUPPORTED] bound to: 1'b0 
	Parameter P[ZBKX_SUPPORTED] bound to: 1'b0 
	Parameter P[ZKND_SUPPORTED] bound to: 1'b0 
	Parameter P[ZKNE_SUPPORTED] bound to: 1'b0 
	Parameter P[ZKNH_SUPPORTED] bound to: 1'b0 
	Parameter P[ZKN_SUPPORTED] bound to: 1'b0 
	Parameter P[USE_SRAM] bound to: 1'b1 
	Parameter P[M_MODE] bound to: 2'b00 
	Parameter P[S_MODE] bound to: 2'b01 
	Parameter P[U_MODE] bound to: 2'b10 
	Parameter P[VPN_SEGMENT_BITS] bound to: 32'sb00000000000000000000000000000011 
	Parameter P[VPN_BITS] bound to: 32'sb00000000000000000000000000000100 
	Parameter P[PPN_BITS] bound to: 32'sb00000000000000000000000000100000 
	Parameter P[PA_BITS] bound to: 32'sb00000000000000000000000001000000 
	Parameter P[SVMODE_BITS] bound to: 32'sb00000000000000000000000000000011 
	Parameter P[ASID_BASE] bound to: 32'sb00000000000000000000000000000100 
	Parameter P[ASID_BITS] bound to: 32'sb00000000000000000000000000000100 
	Parameter P[NO_TRANSLATE] bound to: 4'b0011 
	Parameter P[SV32] bound to: 4'b0000 
	Parameter P[SV39] bound to: 4'b0001 
	Parameter P[SV48] bound to: 4'b0010 
	Parameter P[A_SUPPORTED] bound to: 1'b0 
	Parameter P[B_SUPPORTED] bound to: 1'b0 
	Parameter P[C_SUPPORTED] bound to: 1'b0 
	Parameter P[D_SUPPORTED] bound to: 1'b0 
	Parameter P[E_SUPPORTED] bound to: 1'b0 
	Parameter P[F_SUPPORTED] bound to: 1'b0 
	Parameter P[I_SUPPORTED] bound to: 1'b0 
	Parameter P[M_SUPPORTED] bound to: 1'b1 
	Parameter P[Q_SUPPORTED] bound to: 1'b0 
	Parameter P[S_SUPPORTED] bound to: 1'b1 
	Parameter P[U_SUPPORTED] bound to: 1'b1 
	Parameter P[LOG_XLEN] bound to: 32'sb00000000000000000000000000000110 
	Parameter P[FLEN] bound to: 32'sb00000000000000000000000001000000 
	Parameter P[LLEN] bound to: 32'sb00000000000000000000000001000000 
	Parameter BEATSPERLINE bound to: 8 - type: integer 
	Parameter AHBWLOGBWPL bound to: 3 - type: integer 
	Parameter LINELEN bound to: 512 - type: integer 
	Parameter LLENPOVERAHBW bound to: 1 - type: integer 
	Parameter READ_ONLY_CACHE bound to: 0 - type: integer 
	Parameter WORDLEN bound to: 64 - type: integer 
	Parameter WIDTH bound to: 8 - type: integer 
	Parameter BeatCountThreshold bound to: 7 - type: integer 
	Parameter AHBWLOGBWPL bound to: 3 - type: integer 
	Parameter READ_ONLY_CACHE bound to: 0 - type: integer 
	Parameter BURST_EN bound to: 1'b1 
WARNING: [Synth 8-693] zero replication count - replication ignored [/home/ishfisav/wally_1/wally_1.srcs/sources_1/imports/cvw/src/lsu/lsu.sv:359]
	Parameter P[XLEN] bound to: 32'sb00000000000000000000000001000000 
	Parameter P[IEEE754] bound to: 1'b0 
	Parameter P[MISA] bound to: 32'sb00000000000000000000000000000000 
	Parameter P[AHBW] bound to: 32'sb00000000000000000000000001000000 
	Parameter P[RAM_LATENCY] bound to: 32'sb00000000000000000000000000000000 
	Parameter P[BURST_EN] bound to: 1'b1 
	Parameter P[ZICSR_SUPPORTED] bound to: 1'b1 
	Parameter P[ZIFENCEI_SUPPORTED] bound to: 1'b1 
	Parameter P[COUNTERS] bound to: 12'b000000100000 
	Parameter P[ZICNTR_SUPPORTED] bound to: 1'b1 
	Parameter P[ZIHPM_SUPPORTED] bound to: 1'b1 
	Parameter P[ZFH_SUPPORTED] bound to: 1'b1 
	Parameter P[ZFA_SUPPORTED] bound to: 1'b1 
	Parameter P[SSTC_SUPPORTED] bound to: 1'b1 
	Parameter P[VIRTMEM_SUPPORTED] bound to: 1'b1 
	Parameter P[VECTORED_INTERRUPTS_SUPPORTED] bound to: 1'b1 
	Parameter P[BIGENDIAN_SUPPORTED] bound to: 1'b1 
	Parameter P[SVADU_SUPPORTED] bound to: 1'b1 
	Parameter P[ZMMUL_SUPPORTED] bound to: 1'b1 
	Parameter P[ZICBOM_SUPPORTED] bound to: 1'b1 
	Parameter P[ZICBOZ_SUPPORTED] bound to: 1'b1 
	Parameter P[ZICBOP_SUPPORTED] bound to: 1'b1 
	Parameter P[ZICCLSM_SUPPORTED] bound to: 1'b1 
	Parameter P[ZICOND_SUPPORTED] bound to: 1'b1 
	Parameter P[SVPBMT_SUPPORTED] bound to: 1'b1 
	Parameter P[SVNAPOT_SUPPORTED] bound to: 1'b1 
	Parameter P[SVINVAL_SUPPORTED] bound to: 1'b1 
	Parameter P[ZAAMO_SUPPORTED] bound to: 1'b1 
	Parameter P[ZALRSC_SUPPORTED] bound to: 1'b1 
	Parameter P[BUS_SUPPORTED] bound to: 1'b1 
	Parameter P[DCACHE_SUPPORTED] bound to: 1'b1 
	Parameter P[ICACHE_SUPPORTED] bound to: 1'b1 
	Parameter P[ITLB_ENTRIES] bound to: 32'sb00000000000000000000000000100000 
	Parameter P[DTLB_ENTRIES] bound to: 32'sb00000000000000000000000000100000 
	Parameter P[DCACHE_NUMWAYS] bound to: 32'sb00000000000000000000000000000100 
	Parameter P[DCACHE_WAYSIZEINBYTES] bound to: 32'sb00000000000000000001000000000000 
	Parameter P[DCACHE_LINELENINBITS] bound to: 32'sb00000000000000000000001000000000 
	Parameter P[ICACHE_NUMWAYS] bound to: 32'sb00000000000000000000000000000100 
	Parameter P[ICACHE_WAYSIZEINBYTES] bound to: 32'sb00000000000000000001000000000000 
	Parameter P[ICACHE_LINELENINBITS] bound to: 32'sb00000000000000000000001000000000 
	Parameter P[CACHE_SRAMLEN] bound to: 32'sb00000000000000000000000010000000 
	Parameter P[IDIV_BITSPERCYCLE] bound to: 32'sb00000000000000000000000000000100 
	Parameter P[IDIV_ON_FPU] bound to: 1'b1 
	Parameter P[PMP_ENTRIES] bound to: 32'sb00000000000000000000000000010000 
	Parameter P[RESET_VECTOR] bound to: 64'b0000000000000000000000000000000010000000000000000000000000000000 
	Parameter P[WFI_TIMEOUT_BIT] bound to: 32'sb00000000000000000000000000010000 
	Parameter P[DTIM_SUPPORTED] bound to: 1'b0 
	Parameter P[DTIM_BASE] bound to: 64'b0000000000000000000000000000000010000000000000000000000000000000 
	Parameter P[DTIM_RANGE] bound to: 64'b0000000000000000000000000000000000000000011111111111111111111111 
	Parameter P[IROM_SUPPORTED] bound to: 1'b0 
	Parameter P[IROM_BASE] bound to: 64'b0000000000000000000000000000000010000000000000000000000000000000 
	Parameter P[IROM_RANGE] bound to: 64'b0000000000000000000000000000000000000000011111111111111111111111 
	Parameter P[BOOTROM_SUPPORTED] bound to: 1'b0 
	Parameter P[BOOTROM_BASE] bound to: 64'b0000000000000000000000000000000000000000000000000001000000000000 
	Parameter P[BOOTROM_RANGE] bound to: 64'b0000000000000000000000000000000000000000000000000000111111111111 
	Parameter P[BOOTROM_PRELOAD] bound to: 1'b0 
	Parameter P[UNCORE_RAM_SUPPORTED] bound to: 1'b1 
	Parameter P[UNCORE_RAM_BASE] bound to: 64'b0000000000000000000000000000000010000000000000000000000000000000 
	Parameter P[UNCORE_RAM_RANGE] bound to: 64'b0000000000000000000000000000000000000000000000001001000000000000 
	Parameter P[UNCORE_RAM_PRELOAD] bound to: 1'b0 
	Parameter P[EXT_MEM_SUPPORTED] bound to: 1'b0 
	Parameter P[EXT_MEM_BASE] bound to: 64'b0000000000000000000000000000000010000000000000000000000000000000 
	Parameter P[EXT_MEM_RANGE] bound to: 64'b0000000000000000000000000000000000000111111111111111111111111111 
	Parameter P[CLINT_SUPPORTED] bound to: 1'b0 
	Parameter P[CLINT_BASE] bound to: 64'b0000000000000000000000000000000000000010000000000000000000000000 
	Parameter P[CLINT_RANGE] bound to: 64'b0000000000000000000000000000000000000000000000001111111111111111 
	Parameter P[GPIO_SUPPORTED] bound to: 1'b0 
	Parameter P[GPIO_BASE] bound to: 64'b0000000000000000000000000000000000010000000001100000000000000000 
	Parameter P[GPIO_RANGE] bound to: 64'b0000000000000000000000000000000000000000000000000000000011111111 
	Parameter P[UART_SUPPORTED] bound to: 1'b1 
	Parameter P[UART_BASE] bound to: 64'b0000000000000000000000000000000000010000000000000000000000000000 
	Parameter P[UART_RANGE] bound to: 64'b0000000000000000000000000000000000000000000000000000000000000111 
	Parameter P[PLIC_SUPPORTED] bound to: 1'b0 
	Parameter P[PLIC_BASE] bound to: 64'b0000000000000000000000000000000000001100000000000000000000000000 
	Parameter P[PLIC_RANGE] bound to: 64'b0000000000000000000000000000000000000011111111111111111111111111 
	Parameter P[SDC_SUPPORTED] bound to: 1'b0 
	Parameter P[SDC_BASE] bound to: 64'b0000000000000000000000000000000000000000000000010011000000000000 
	Parameter P[SDC_RANGE] bound to: 64'b0000000000000000000000000000000000000000000000000000000001111111 
	Parameter P[SPI_SUPPORTED] bound to: 1'b0 
	Parameter P[SPI_BASE] bound to: 64'b0000000000000000000000000000000000010000000001000000000000000000 
	Parameter P[SPI_RANGE] bound to: 64'b0000000000000000000000000000000000000000000000000000111111111111 
	Parameter P[GPIO_LOOPBACK_TEST] bound to: 1'b0 
	Parameter P[SPI_LOOPBACK_TEST] bound to: 1'b1 
	Parameter P[UART_PRESCALE] bound to: 32'sb00000000000000000000000000000001 
	Parameter P[PLIC_NUM_SRC] bound to: 32'sb00000000000000000000000000001010 
	Parameter P[PLIC_NUM_SRC_LT_32] bound to: 1'b1 
	Parameter P[PLIC_GPIO_ID] bound to: 32'sb00000000000000000000000000000011 
	Parameter P[PLIC_UART_ID] bound to: 32'sb00000000000000000000000000001010 
	Parameter P[PLIC_SPI_ID] bound to: 32'sb00000000000000000000000000000110 
	Parameter P[PLIC_SDC_ID] bound to: 32'sb00000000000000000000000000001001 
	Parameter P[BPRED_SUPPORTED] bound to: 1'b1 
	Parameter P[BPRED_TYPE] bound to: 32'b00000000000000000000000000000100 
	Parameter P[BPRED_NUM_LHR] bound to: 32'sb00000000000000000000000000000110 
	Parameter P[BPRED_SIZE] bound to: 32'sb00000000000000000000000000001010 
	Parameter P[BTB_SIZE] bound to: 32'sb00000000000000000000000000001010 
	Parameter P[RAS_SIZE] bound to: 32'sb00000000000000000000000000010000 
	Parameter P[INSTR_CLASS_PRED] bound to: 1'b1 
	Parameter P[RADIX] bound to: 32'sb00000000000000000000000000000100 
	Parameter P[DIVCOPIES] bound to: 32'sb00000000000000000000000000000100 
	Parameter P[ZBA_SUPPORTED] bound to: 1'b0 
	Parameter P[ZBB_SUPPORTED] bound to: 1'b1 
	Parameter P[ZBC_SUPPORTED] bound to: 1'b0 
	Parameter P[ZBS_SUPPORTED] bound to: 1'b0 
	Parameter P[ZCA_SUPPORTED] bound to: 1'b1 
	Parameter P[ZCB_SUPPORTED] bound to: 1'b0 
	Parameter P[ZCD_SUPPORTED] bound to: 1'b0 
	Parameter P[ZCF_SUPPORTED] bound to: 1'b1 
	Parameter P[ZBKB_SUPPORTED] bound to: 1'b0 
	Parameter P[ZBKC_SUPPORTED] bound to: 1'b0 
	Parameter P[ZBKX_SUPPORTED] bound to: 1'b0 
	Parameter P[ZKND_SUPPORTED] bound to: 1'b0 
	Parameter P[ZKNE_SUPPORTED] bound to: 1'b0 
	Parameter P[ZKNH_SUPPORTED] bound to: 1'b0 
	Parameter P[ZKN_SUPPORTED] bound to: 1'b0 
	Parameter P[USE_SRAM] bound to: 1'b1 
	Parameter P[M_MODE] bound to: 2'b00 
	Parameter P[S_MODE] bound to: 2'b01 
	Parameter P[U_MODE] bound to: 2'b10 
	Parameter P[VPN_SEGMENT_BITS] bound to: 32'sb00000000000000000000000000000011 
	Parameter P[VPN_BITS] bound to: 32'sb00000000000000000000000000000100 
	Parameter P[PPN_BITS] bound to: 32'sb00000000000000000000000000100000 
	Parameter P[PA_BITS] bound to: 32'sb00000000000000000000000001000000 
	Parameter P[SVMODE_BITS] bound to: 32'sb00000000000000000000000000000011 
	Parameter P[ASID_BASE] bound to: 32'sb00000000000000000000000000000100 
	Parameter P[ASID_BITS] bound to: 32'sb00000000000000000000000000000100 
	Parameter P[NO_TRANSLATE] bound to: 4'b0011 
	Parameter P[SV32] bound to: 4'b0000 
	Parameter P[SV39] bound to: 4'b0001 
	Parameter P[SV48] bound to: 4'b0010 
	Parameter P[A_SUPPORTED] bound to: 1'b0 
	Parameter P[B_SUPPORTED] bound to: 1'b0 
	Parameter P[C_SUPPORTED] bound to: 1'b0 
	Parameter P[D_SUPPORTED] bound to: 1'b0 
	Parameter P[E_SUPPORTED] bound to: 1'b0 
	Parameter P[F_SUPPORTED] bound to: 1'b0 
	Parameter P[I_SUPPORTED] bound to: 1'b0 
	Parameter P[M_SUPPORTED] bound to: 1'b1 
	Parameter P[Q_SUPPORTED] bound to: 1'b0 
	Parameter P[S_SUPPORTED] bound to: 1'b1 
	Parameter P[U_SUPPORTED] bound to: 1'b1 
	Parameter P[LOG_XLEN] bound to: 32'sb00000000000000000000000000000110 
	Parameter P[FLEN] bound to: 32'sb00000000000000000000000001000000 
	Parameter P[LLEN] bound to: 32'sb00000000000000000000000001000000 
	Parameter P[XLEN] bound to: 32'sb00000000000000000000000001000000 
	Parameter P[IEEE754] bound to: 1'b0 
	Parameter P[MISA] bound to: 32'sb00000000000000000000000000000000 
	Parameter P[AHBW] bound to: 32'sb00000000000000000000000001000000 
	Parameter P[RAM_LATENCY] bound to: 32'sb00000000000000000000000000000000 
	Parameter P[BURST_EN] bound to: 1'b1 
	Parameter P[ZICSR_SUPPORTED] bound to: 1'b1 
	Parameter P[ZIFENCEI_SUPPORTED] bound to: 1'b1 
	Parameter P[COUNTERS] bound to: 12'b000000100000 
	Parameter P[ZICNTR_SUPPORTED] bound to: 1'b1 
	Parameter P[ZIHPM_SUPPORTED] bound to: 1'b1 
	Parameter P[ZFH_SUPPORTED] bound to: 1'b1 
	Parameter P[ZFA_SUPPORTED] bound to: 1'b1 
	Parameter P[SSTC_SUPPORTED] bound to: 1'b1 
	Parameter P[VIRTMEM_SUPPORTED] bound to: 1'b1 
	Parameter P[VECTORED_INTERRUPTS_SUPPORTED] bound to: 1'b1 
	Parameter P[BIGENDIAN_SUPPORTED] bound to: 1'b1 
	Parameter P[SVADU_SUPPORTED] bound to: 1'b1 
	Parameter P[ZMMUL_SUPPORTED] bound to: 1'b1 
	Parameter P[ZICBOM_SUPPORTED] bound to: 1'b1 
	Parameter P[ZICBOZ_SUPPORTED] bound to: 1'b1 
	Parameter P[ZICBOP_SUPPORTED] bound to: 1'b1 
	Parameter P[ZICCLSM_SUPPORTED] bound to: 1'b1 
	Parameter P[ZICOND_SUPPORTED] bound to: 1'b1 
	Parameter P[SVPBMT_SUPPORTED] bound to: 1'b1 
	Parameter P[SVNAPOT_SUPPORTED] bound to: 1'b1 
	Parameter P[SVINVAL_SUPPORTED] bound to: 1'b1 
	Parameter P[ZAAMO_SUPPORTED] bound to: 1'b1 
	Parameter P[ZALRSC_SUPPORTED] bound to: 1'b1 
	Parameter P[BUS_SUPPORTED] bound to: 1'b1 
	Parameter P[DCACHE_SUPPORTED] bound to: 1'b1 
	Parameter P[ICACHE_SUPPORTED] bound to: 1'b1 
	Parameter P[ITLB_ENTRIES] bound to: 32'sb00000000000000000000000000100000 
	Parameter P[DTLB_ENTRIES] bound to: 32'sb00000000000000000000000000100000 
	Parameter P[DCACHE_NUMWAYS] bound to: 32'sb00000000000000000000000000000100 
	Parameter P[DCACHE_WAYSIZEINBYTES] bound to: 32'sb00000000000000000001000000000000 
	Parameter P[DCACHE_LINELENINBITS] bound to: 32'sb00000000000000000000001000000000 
	Parameter P[ICACHE_NUMWAYS] bound to: 32'sb00000000000000000000000000000100 
	Parameter P[ICACHE_WAYSIZEINBYTES] bound to: 32'sb00000000000000000001000000000000 
	Parameter P[ICACHE_LINELENINBITS] bound to: 32'sb00000000000000000000001000000000 
	Parameter P[CACHE_SRAMLEN] bound to: 32'sb00000000000000000000000010000000 
	Parameter P[IDIV_BITSPERCYCLE] bound to: 32'sb00000000000000000000000000000100 
	Parameter P[IDIV_ON_FPU] bound to: 1'b1 
	Parameter P[PMP_ENTRIES] bound to: 32'sb00000000000000000000000000010000 
	Parameter P[RESET_VECTOR] bound to: 64'b0000000000000000000000000000000010000000000000000000000000000000 
	Parameter P[WFI_TIMEOUT_BIT] bound to: 32'sb00000000000000000000000000010000 
	Parameter P[DTIM_SUPPORTED] bound to: 1'b0 
	Parameter P[DTIM_BASE] bound to: 64'b0000000000000000000000000000000010000000000000000000000000000000 
	Parameter P[DTIM_RANGE] bound to: 64'b0000000000000000000000000000000000000000011111111111111111111111 
	Parameter P[IROM_SUPPORTED] bound to: 1'b0 
	Parameter P[IROM_BASE] bound to: 64'b0000000000000000000000000000000010000000000000000000000000000000 
	Parameter P[IROM_RANGE] bound to: 64'b0000000000000000000000000000000000000000011111111111111111111111 
	Parameter P[BOOTROM_SUPPORTED] bound to: 1'b0 
	Parameter P[BOOTROM_BASE] bound to: 64'b0000000000000000000000000000000000000000000000000001000000000000 
	Parameter P[BOOTROM_RANGE] bound to: 64'b0000000000000000000000000000000000000000000000000000111111111111 
	Parameter P[BOOTROM_PRELOAD] bound to: 1'b0 
	Parameter P[UNCORE_RAM_SUPPORTED] bound to: 1'b1 
	Parameter P[UNCORE_RAM_BASE] bound to: 64'b0000000000000000000000000000000010000000000000000000000000000000 
	Parameter P[UNCORE_RAM_RANGE] bound to: 64'b0000000000000000000000000000000000000000000000001001000000000000 
	Parameter P[UNCORE_RAM_PRELOAD] bound to: 1'b0 
	Parameter P[EXT_MEM_SUPPORTED] bound to: 1'b0 
	Parameter P[EXT_MEM_BASE] bound to: 64'b0000000000000000000000000000000010000000000000000000000000000000 
	Parameter P[EXT_MEM_RANGE] bound to: 64'b0000000000000000000000000000000000000111111111111111111111111111 
	Parameter P[CLINT_SUPPORTED] bound to: 1'b0 
	Parameter P[CLINT_BASE] bound to: 64'b0000000000000000000000000000000000000010000000000000000000000000 
	Parameter P[CLINT_RANGE] bound to: 64'b0000000000000000000000000000000000000000000000001111111111111111 
	Parameter P[GPIO_SUPPORTED] bound to: 1'b0 
	Parameter P[GPIO_BASE] bound to: 64'b0000000000000000000000000000000000010000000001100000000000000000 
	Parameter P[GPIO_RANGE] bound to: 64'b0000000000000000000000000000000000000000000000000000000011111111 
	Parameter P[UART_SUPPORTED] bound to: 1'b1 
	Parameter P[UART_BASE] bound to: 64'b0000000000000000000000000000000000010000000000000000000000000000 
	Parameter P[UART_RANGE] bound to: 64'b0000000000000000000000000000000000000000000000000000000000000111 
	Parameter P[PLIC_SUPPORTED] bound to: 1'b0 
	Parameter P[PLIC_BASE] bound to: 64'b0000000000000000000000000000000000001100000000000000000000000000 
	Parameter P[PLIC_RANGE] bound to: 64'b0000000000000000000000000000000000000011111111111111111111111111 
	Parameter P[SDC_SUPPORTED] bound to: 1'b0 
	Parameter P[SDC_BASE] bound to: 64'b0000000000000000000000000000000000000000000000010011000000000000 
	Parameter P[SDC_RANGE] bound to: 64'b0000000000000000000000000000000000000000000000000000000001111111 
	Parameter P[SPI_SUPPORTED] bound to: 1'b0 
	Parameter P[SPI_BASE] bound to: 64'b0000000000000000000000000000000000010000000001000000000000000000 
	Parameter P[SPI_RANGE] bound to: 64'b0000000000000000000000000000000000000000000000000000111111111111 
	Parameter P[GPIO_LOOPBACK_TEST] bound to: 1'b0 
	Parameter P[SPI_LOOPBACK_TEST] bound to: 1'b1 
	Parameter P[UART_PRESCALE] bound to: 32'sb00000000000000000000000000000001 
	Parameter P[PLIC_NUM_SRC] bound to: 32'sb00000000000000000000000000001010 
	Parameter P[PLIC_NUM_SRC_LT_32] bound to: 1'b1 
	Parameter P[PLIC_GPIO_ID] bound to: 32'sb00000000000000000000000000000011 
	Parameter P[PLIC_UART_ID] bound to: 32'sb00000000000000000000000000001010 
	Parameter P[PLIC_SPI_ID] bound to: 32'sb00000000000000000000000000000110 
	Parameter P[PLIC_SDC_ID] bound to: 32'sb00000000000000000000000000001001 
	Parameter P[BPRED_SUPPORTED] bound to: 1'b1 
	Parameter P[BPRED_TYPE] bound to: 32'b00000000000000000000000000000100 
	Parameter P[BPRED_NUM_LHR] bound to: 32'sb00000000000000000000000000000110 
	Parameter P[BPRED_SIZE] bound to: 32'sb00000000000000000000000000001010 
	Parameter P[BTB_SIZE] bound to: 32'sb00000000000000000000000000001010 
	Parameter P[RAS_SIZE] bound to: 32'sb00000000000000000000000000010000 
	Parameter P[INSTR_CLASS_PRED] bound to: 1'b1 
	Parameter P[RADIX] bound to: 32'sb00000000000000000000000000000100 
	Parameter P[DIVCOPIES] bound to: 32'sb00000000000000000000000000000100 
	Parameter P[ZBA_SUPPORTED] bound to: 1'b0 
	Parameter P[ZBB_SUPPORTED] bound to: 1'b1 
	Parameter P[ZBC_SUPPORTED] bound to: 1'b0 
	Parameter P[ZBS_SUPPORTED] bound to: 1'b0 
	Parameter P[ZCA_SUPPORTED] bound to: 1'b1 
	Parameter P[ZCB_SUPPORTED] bound to: 1'b0 
	Parameter P[ZCD_SUPPORTED] bound to: 1'b0 
	Parameter P[ZCF_SUPPORTED] bound to: 1'b1 
	Parameter P[ZBKB_SUPPORTED] bound to: 1'b0 
	Parameter P[ZBKC_SUPPORTED] bound to: 1'b0 
	Parameter P[ZBKX_SUPPORTED] bound to: 1'b0 
	Parameter P[ZKND_SUPPORTED] bound to: 1'b0 
	Parameter P[ZKNE_SUPPORTED] bound to: 1'b0 
	Parameter P[ZKNH_SUPPORTED] bound to: 1'b0 
	Parameter P[ZKN_SUPPORTED] bound to: 1'b0 
	Parameter P[USE_SRAM] bound to: 1'b1 
	Parameter P[M_MODE] bound to: 2'b00 
	Parameter P[S_MODE] bound to: 2'b01 
	Parameter P[U_MODE] bound to: 2'b10 
	Parameter P[VPN_SEGMENT_BITS] bound to: 32'sb00000000000000000000000000000011 
	Parameter P[VPN_BITS] bound to: 32'sb00000000000000000000000000000100 
	Parameter P[PPN_BITS] bound to: 32'sb00000000000000000000000000100000 
	Parameter P[PA_BITS] bound to: 32'sb00000000000000000000000001000000 
	Parameter P[SVMODE_BITS] bound to: 32'sb00000000000000000000000000000011 
	Parameter P[ASID_BASE] bound to: 32'sb00000000000000000000000000000100 
	Parameter P[ASID_BITS] bound to: 32'sb00000000000000000000000000000100 
	Parameter P[NO_TRANSLATE] bound to: 4'b0011 
	Parameter P[SV32] bound to: 4'b0000 
	Parameter P[SV39] bound to: 4'b0001 
	Parameter P[SV48] bound to: 4'b0010 
	Parameter P[A_SUPPORTED] bound to: 1'b0 
	Parameter P[B_SUPPORTED] bound to: 1'b0 
	Parameter P[C_SUPPORTED] bound to: 1'b0 
	Parameter P[D_SUPPORTED] bound to: 1'b0 
	Parameter P[E_SUPPORTED] bound to: 1'b0 
	Parameter P[F_SUPPORTED] bound to: 1'b0 
	Parameter P[I_SUPPORTED] bound to: 1'b0 
	Parameter P[M_SUPPORTED] bound to: 1'b1 
	Parameter P[Q_SUPPORTED] bound to: 1'b0 
	Parameter P[S_SUPPORTED] bound to: 1'b1 
	Parameter P[U_SUPPORTED] bound to: 1'b1 
	Parameter P[LOG_XLEN] bound to: 32'sb00000000000000000000000000000110 
	Parameter P[FLEN] bound to: 32'sb00000000000000000000000001000000 
	Parameter P[LLEN] bound to: 32'sb00000000000000000000000001000000 
	Parameter WIDTH bound to: 32 - type: integer 
	Parameter P[XLEN] bound to: 32'sb00000000000000000000000001000000 
	Parameter P[IEEE754] bound to: 1'b0 
	Parameter P[MISA] bound to: 32'sb00000000000000000000000000000000 
	Parameter P[AHBW] bound to: 32'sb00000000000000000000000001000000 
	Parameter P[RAM_LATENCY] bound to: 32'sb00000000000000000000000000000000 
	Parameter P[BURST_EN] bound to: 1'b1 
	Parameter P[ZICSR_SUPPORTED] bound to: 1'b1 
	Parameter P[ZIFENCEI_SUPPORTED] bound to: 1'b1 
	Parameter P[COUNTERS] bound to: 12'b000000100000 
	Parameter P[ZICNTR_SUPPORTED] bound to: 1'b1 
	Parameter P[ZIHPM_SUPPORTED] bound to: 1'b1 
	Parameter P[ZFH_SUPPORTED] bound to: 1'b1 
	Parameter P[ZFA_SUPPORTED] bound to: 1'b1 
	Parameter P[SSTC_SUPPORTED] bound to: 1'b1 
	Parameter P[VIRTMEM_SUPPORTED] bound to: 1'b1 
	Parameter P[VECTORED_INTERRUPTS_SUPPORTED] bound to: 1'b1 
	Parameter P[BIGENDIAN_SUPPORTED] bound to: 1'b1 
	Parameter P[SVADU_SUPPORTED] bound to: 1'b1 
	Parameter P[ZMMUL_SUPPORTED] bound to: 1'b1 
	Parameter P[ZICBOM_SUPPORTED] bound to: 1'b1 
	Parameter P[ZICBOZ_SUPPORTED] bound to: 1'b1 
	Parameter P[ZICBOP_SUPPORTED] bound to: 1'b1 
	Parameter P[ZICCLSM_SUPPORTED] bound to: 1'b1 
	Parameter P[ZICOND_SUPPORTED] bound to: 1'b1 
	Parameter P[SVPBMT_SUPPORTED] bound to: 1'b1 
	Parameter P[SVNAPOT_SUPPORTED] bound to: 1'b1 
	Parameter P[SVINVAL_SUPPORTED] bound to: 1'b1 
	Parameter P[ZAAMO_SUPPORTED] bound to: 1'b1 
	Parameter P[ZALRSC_SUPPORTED] bound to: 1'b1 
	Parameter P[BUS_SUPPORTED] bound to: 1'b1 
	Parameter P[DCACHE_SUPPORTED] bound to: 1'b1 
	Parameter P[ICACHE_SUPPORTED] bound to: 1'b1 
	Parameter P[ITLB_ENTRIES] bound to: 32'sb00000000000000000000000000100000 
	Parameter P[DTLB_ENTRIES] bound to: 32'sb00000000000000000000000000100000 
	Parameter P[DCACHE_NUMWAYS] bound to: 32'sb00000000000000000000000000000100 
	Parameter P[DCACHE_WAYSIZEINBYTES] bound to: 32'sb00000000000000000001000000000000 
	Parameter P[DCACHE_LINELENINBITS] bound to: 32'sb00000000000000000000001000000000 
	Parameter P[ICACHE_NUMWAYS] bound to: 32'sb00000000000000000000000000000100 
	Parameter P[ICACHE_WAYSIZEINBYTES] bound to: 32'sb00000000000000000001000000000000 
	Parameter P[ICACHE_LINELENINBITS] bound to: 32'sb00000000000000000000001000000000 
	Parameter P[CACHE_SRAMLEN] bound to: 32'sb00000000000000000000000010000000 
	Parameter P[IDIV_BITSPERCYCLE] bound to: 32'sb00000000000000000000000000000100 
	Parameter P[IDIV_ON_FPU] bound to: 1'b1 
	Parameter P[PMP_ENTRIES] bound to: 32'sb00000000000000000000000000010000 
	Parameter P[RESET_VECTOR] bound to: 64'b0000000000000000000000000000000010000000000000000000000000000000 
	Parameter P[WFI_TIMEOUT_BIT] bound to: 32'sb00000000000000000000000000010000 
	Parameter P[DTIM_SUPPORTED] bound to: 1'b0 
	Parameter P[DTIM_BASE] bound to: 64'b0000000000000000000000000000000010000000000000000000000000000000 
	Parameter P[DTIM_RANGE] bound to: 64'b0000000000000000000000000000000000000000011111111111111111111111 
	Parameter P[IROM_SUPPORTED] bound to: 1'b0 
	Parameter P[IROM_BASE] bound to: 64'b0000000000000000000000000000000010000000000000000000000000000000 
	Parameter P[IROM_RANGE] bound to: 64'b0000000000000000000000000000000000000000011111111111111111111111 
	Parameter P[BOOTROM_SUPPORTED] bound to: 1'b0 
	Parameter P[BOOTROM_BASE] bound to: 64'b0000000000000000000000000000000000000000000000000001000000000000 
	Parameter P[BOOTROM_RANGE] bound to: 64'b0000000000000000000000000000000000000000000000000000111111111111 
	Parameter P[BOOTROM_PRELOAD] bound to: 1'b0 
	Parameter P[UNCORE_RAM_SUPPORTED] bound to: 1'b1 
	Parameter P[UNCORE_RAM_BASE] bound to: 64'b0000000000000000000000000000000010000000000000000000000000000000 
	Parameter P[UNCORE_RAM_RANGE] bound to: 64'b0000000000000000000000000000000000000000000000001001000000000000 
	Parameter P[UNCORE_RAM_PRELOAD] bound to: 1'b0 
	Parameter P[EXT_MEM_SUPPORTED] bound to: 1'b0 
	Parameter P[EXT_MEM_BASE] bound to: 64'b0000000000000000000000000000000010000000000000000000000000000000 
	Parameter P[EXT_MEM_RANGE] bound to: 64'b0000000000000000000000000000000000000111111111111111111111111111 
	Parameter P[CLINT_SUPPORTED] bound to: 1'b0 
	Parameter P[CLINT_BASE] bound to: 64'b0000000000000000000000000000000000000010000000000000000000000000 
	Parameter P[CLINT_RANGE] bound to: 64'b0000000000000000000000000000000000000000000000001111111111111111 
	Parameter P[GPIO_SUPPORTED] bound to: 1'b0 
	Parameter P[GPIO_BASE] bound to: 64'b0000000000000000000000000000000000010000000001100000000000000000 
	Parameter P[GPIO_RANGE] bound to: 64'b0000000000000000000000000000000000000000000000000000000011111111 
	Parameter P[UART_SUPPORTED] bound to: 1'b1 
	Parameter P[UART_BASE] bound to: 64'b0000000000000000000000000000000000010000000000000000000000000000 
	Parameter P[UART_RANGE] bound to: 64'b0000000000000000000000000000000000000000000000000000000000000111 
	Parameter P[PLIC_SUPPORTED] bound to: 1'b0 
	Parameter P[PLIC_BASE] bound to: 64'b0000000000000000000000000000000000001100000000000000000000000000 
	Parameter P[PLIC_RANGE] bound to: 64'b0000000000000000000000000000000000000011111111111111111111111111 
	Parameter P[SDC_SUPPORTED] bound to: 1'b0 
	Parameter P[SDC_BASE] bound to: 64'b0000000000000000000000000000000000000000000000010011000000000000 
	Parameter P[SDC_RANGE] bound to: 64'b0000000000000000000000000000000000000000000000000000000001111111 
	Parameter P[SPI_SUPPORTED] bound to: 1'b0 
	Parameter P[SPI_BASE] bound to: 64'b0000000000000000000000000000000000010000000001000000000000000000 
	Parameter P[SPI_RANGE] bound to: 64'b0000000000000000000000000000000000000000000000000000111111111111 
	Parameter P[GPIO_LOOPBACK_TEST] bound to: 1'b0 
	Parameter P[SPI_LOOPBACK_TEST] bound to: 1'b1 
	Parameter P[UART_PRESCALE] bound to: 32'sb00000000000000000000000000000001 
	Parameter P[PLIC_NUM_SRC] bound to: 32'sb00000000000000000000000000001010 
	Parameter P[PLIC_NUM_SRC_LT_32] bound to: 1'b1 
	Parameter P[PLIC_GPIO_ID] bound to: 32'sb00000000000000000000000000000011 
	Parameter P[PLIC_UART_ID] bound to: 32'sb00000000000000000000000000001010 
	Parameter P[PLIC_SPI_ID] bound to: 32'sb00000000000000000000000000000110 
	Parameter P[PLIC_SDC_ID] bound to: 32'sb00000000000000000000000000001001 
	Parameter P[BPRED_SUPPORTED] bound to: 1'b1 
	Parameter P[BPRED_TYPE] bound to: 32'b00000000000000000000000000000100 
	Parameter P[BPRED_NUM_LHR] bound to: 32'sb00000000000000000000000000000110 
	Parameter P[BPRED_SIZE] bound to: 32'sb00000000000000000000000000001010 
	Parameter P[BTB_SIZE] bound to: 32'sb00000000000000000000000000001010 
	Parameter P[RAS_SIZE] bound to: 32'sb00000000000000000000000000010000 
	Parameter P[INSTR_CLASS_PRED] bound to: 1'b1 
	Parameter P[RADIX] bound to: 32'sb00000000000000000000000000000100 
	Parameter P[DIVCOPIES] bound to: 32'sb00000000000000000000000000000100 
	Parameter P[ZBA_SUPPORTED] bound to: 1'b0 
	Parameter P[ZBB_SUPPORTED] bound to: 1'b1 
	Parameter P[ZBC_SUPPORTED] bound to: 1'b0 
	Parameter P[ZBS_SUPPORTED] bound to: 1'b0 
	Parameter P[ZCA_SUPPORTED] bound to: 1'b1 
	Parameter P[ZCB_SUPPORTED] bound to: 1'b0 
	Parameter P[ZCD_SUPPORTED] bound to: 1'b0 
	Parameter P[ZCF_SUPPORTED] bound to: 1'b1 
	Parameter P[ZBKB_SUPPORTED] bound to: 1'b0 
	Parameter P[ZBKC_SUPPORTED] bound to: 1'b0 
	Parameter P[ZBKX_SUPPORTED] bound to: 1'b0 
	Parameter P[ZKND_SUPPORTED] bound to: 1'b0 
	Parameter P[ZKNE_SUPPORTED] bound to: 1'b0 
	Parameter P[ZKNH_SUPPORTED] bound to: 1'b0 
	Parameter P[ZKN_SUPPORTED] bound to: 1'b0 
	Parameter P[USE_SRAM] bound to: 1'b1 
	Parameter P[M_MODE] bound to: 2'b00 
	Parameter P[S_MODE] bound to: 2'b01 
	Parameter P[U_MODE] bound to: 2'b10 
	Parameter P[VPN_SEGMENT_BITS] bound to: 32'sb00000000000000000000000000000011 
	Parameter P[VPN_BITS] bound to: 32'sb00000000000000000000000000000100 
	Parameter P[PPN_BITS] bound to: 32'sb00000000000000000000000000100000 
	Parameter P[PA_BITS] bound to: 32'sb00000000000000000000000001000000 
	Parameter P[SVMODE_BITS] bound to: 32'sb00000000000000000000000000000011 
	Parameter P[ASID_BASE] bound to: 32'sb00000000000000000000000000000100 
	Parameter P[ASID_BITS] bound to: 32'sb00000000000000000000000000000100 
	Parameter P[NO_TRANSLATE] bound to: 4'b0011 
	Parameter P[SV32] bound to: 4'b0000 
	Parameter P[SV39] bound to: 4'b0001 
	Parameter P[SV48] bound to: 4'b0010 
	Parameter P[A_SUPPORTED] bound to: 1'b0 
	Parameter P[B_SUPPORTED] bound to: 1'b0 
	Parameter P[C_SUPPORTED] bound to: 1'b0 
	Parameter P[D_SUPPORTED] bound to: 1'b0 
	Parameter P[E_SUPPORTED] bound to: 1'b0 
	Parameter P[F_SUPPORTED] bound to: 1'b0 
	Parameter P[I_SUPPORTED] bound to: 1'b0 
	Parameter P[M_SUPPORTED] bound to: 1'b1 
	Parameter P[Q_SUPPORTED] bound to: 1'b0 
	Parameter P[S_SUPPORTED] bound to: 1'b1 
	Parameter P[U_SUPPORTED] bound to: 1'b1 
	Parameter P[LOG_XLEN] bound to: 32'sb00000000000000000000000000000110 
	Parameter P[FLEN] bound to: 32'sb00000000000000000000000001000000 
	Parameter P[LLEN] bound to: 32'sb00000000000000000000000001000000 
	Parameter WIDTH bound to: 61 - type: integer 
	Parameter LEN bound to: 64 - type: integer 
	Parameter P[XLEN] bound to: 32'sb00000000000000000000000001000000 
	Parameter P[IEEE754] bound to: 1'b0 
	Parameter P[MISA] bound to: 32'sb00000000000000000000000000000000 
	Parameter P[AHBW] bound to: 32'sb00000000000000000000000001000000 
	Parameter P[RAM_LATENCY] bound to: 32'sb00000000000000000000000000000000 
	Parameter P[BURST_EN] bound to: 1'b1 
	Parameter P[ZICSR_SUPPORTED] bound to: 1'b1 
	Parameter P[ZIFENCEI_SUPPORTED] bound to: 1'b1 
	Parameter P[COUNTERS] bound to: 12'b000000100000 
	Parameter P[ZICNTR_SUPPORTED] bound to: 1'b1 
	Parameter P[ZIHPM_SUPPORTED] bound to: 1'b1 
	Parameter P[ZFH_SUPPORTED] bound to: 1'b1 
	Parameter P[ZFA_SUPPORTED] bound to: 1'b1 
	Parameter P[SSTC_SUPPORTED] bound to: 1'b1 
	Parameter P[VIRTMEM_SUPPORTED] bound to: 1'b1 
	Parameter P[VECTORED_INTERRUPTS_SUPPORTED] bound to: 1'b1 
	Parameter P[BIGENDIAN_SUPPORTED] bound to: 1'b1 
	Parameter P[SVADU_SUPPORTED] bound to: 1'b1 
	Parameter P[ZMMUL_SUPPORTED] bound to: 1'b1 
	Parameter P[ZICBOM_SUPPORTED] bound to: 1'b1 
	Parameter P[ZICBOZ_SUPPORTED] bound to: 1'b1 
	Parameter P[ZICBOP_SUPPORTED] bound to: 1'b1 
	Parameter P[ZICCLSM_SUPPORTED] bound to: 1'b1 
	Parameter P[ZICOND_SUPPORTED] bound to: 1'b1 
	Parameter P[SVPBMT_SUPPORTED] bound to: 1'b1 
	Parameter P[SVNAPOT_SUPPORTED] bound to: 1'b1 
	Parameter P[SVINVAL_SUPPORTED] bound to: 1'b1 
	Parameter P[ZAAMO_SUPPORTED] bound to: 1'b1 
	Parameter P[ZALRSC_SUPPORTED] bound to: 1'b1 
	Parameter P[BUS_SUPPORTED] bound to: 1'b1 
	Parameter P[DCACHE_SUPPORTED] bound to: 1'b1 
	Parameter P[ICACHE_SUPPORTED] bound to: 1'b1 
	Parameter P[ITLB_ENTRIES] bound to: 32'sb00000000000000000000000000100000 
	Parameter P[DTLB_ENTRIES] bound to: 32'sb00000000000000000000000000100000 
	Parameter P[DCACHE_NUMWAYS] bound to: 32'sb00000000000000000000000000000100 
	Parameter P[DCACHE_WAYSIZEINBYTES] bound to: 32'sb00000000000000000001000000000000 
	Parameter P[DCACHE_LINELENINBITS] bound to: 32'sb00000000000000000000001000000000 
	Parameter P[ICACHE_NUMWAYS] bound to: 32'sb00000000000000000000000000000100 
	Parameter P[ICACHE_WAYSIZEINBYTES] bound to: 32'sb00000000000000000001000000000000 
	Parameter P[ICACHE_LINELENINBITS] bound to: 32'sb00000000000000000000001000000000 
	Parameter P[CACHE_SRAMLEN] bound to: 32'sb00000000000000000000000010000000 
	Parameter P[IDIV_BITSPERCYCLE] bound to: 32'sb00000000000000000000000000000100 
	Parameter P[IDIV_ON_FPU] bound to: 1'b1 
	Parameter P[PMP_ENTRIES] bound to: 32'sb00000000000000000000000000010000 
	Parameter P[RESET_VECTOR] bound to: 64'b0000000000000000000000000000000010000000000000000000000000000000 
	Parameter P[WFI_TIMEOUT_BIT] bound to: 32'sb00000000000000000000000000010000 
	Parameter P[DTIM_SUPPORTED] bound to: 1'b0 
	Parameter P[DTIM_BASE] bound to: 64'b0000000000000000000000000000000010000000000000000000000000000000 
	Parameter P[DTIM_RANGE] bound to: 64'b0000000000000000000000000000000000000000011111111111111111111111 
	Parameter P[IROM_SUPPORTED] bound to: 1'b0 
	Parameter P[IROM_BASE] bound to: 64'b0000000000000000000000000000000010000000000000000000000000000000 
	Parameter P[IROM_RANGE] bound to: 64'b0000000000000000000000000000000000000000011111111111111111111111 
	Parameter P[BOOTROM_SUPPORTED] bound to: 1'b0 
	Parameter P[BOOTROM_BASE] bound to: 64'b0000000000000000000000000000000000000000000000000001000000000000 
	Parameter P[BOOTROM_RANGE] bound to: 64'b0000000000000000000000000000000000000000000000000000111111111111 
	Parameter P[BOOTROM_PRELOAD] bound to: 1'b0 
	Parameter P[UNCORE_RAM_SUPPORTED] bound to: 1'b1 
	Parameter P[UNCORE_RAM_BASE] bound to: 64'b0000000000000000000000000000000010000000000000000000000000000000 
	Parameter P[UNCORE_RAM_RANGE] bound to: 64'b0000000000000000000000000000000000000000000000001001000000000000 
	Parameter P[UNCORE_RAM_PRELOAD] bound to: 1'b0 
	Parameter P[EXT_MEM_SUPPORTED] bound to: 1'b0 
	Parameter P[EXT_MEM_BASE] bound to: 64'b0000000000000000000000000000000010000000000000000000000000000000 
	Parameter P[EXT_MEM_RANGE] bound to: 64'b0000000000000000000000000000000000000111111111111111111111111111 
	Parameter P[CLINT_SUPPORTED] bound to: 1'b0 
	Parameter P[CLINT_BASE] bound to: 64'b0000000000000000000000000000000000000010000000000000000000000000 
	Parameter P[CLINT_RANGE] bound to: 64'b0000000000000000000000000000000000000000000000001111111111111111 
	Parameter P[GPIO_SUPPORTED] bound to: 1'b0 
	Parameter P[GPIO_BASE] bound to: 64'b0000000000000000000000000000000000010000000001100000000000000000 
	Parameter P[GPIO_RANGE] bound to: 64'b0000000000000000000000000000000000000000000000000000000011111111 
	Parameter P[UART_SUPPORTED] bound to: 1'b1 
	Parameter P[UART_BASE] bound to: 64'b0000000000000000000000000000000000010000000000000000000000000000 
	Parameter P[UART_RANGE] bound to: 64'b0000000000000000000000000000000000000000000000000000000000000111 
	Parameter P[PLIC_SUPPORTED] bound to: 1'b0 
	Parameter P[PLIC_BASE] bound to: 64'b0000000000000000000000000000000000001100000000000000000000000000 
	Parameter P[PLIC_RANGE] bound to: 64'b0000000000000000000000000000000000000011111111111111111111111111 
	Parameter P[SDC_SUPPORTED] bound to: 1'b0 
	Parameter P[SDC_BASE] bound to: 64'b0000000000000000000000000000000000000000000000010011000000000000 
	Parameter P[SDC_RANGE] bound to: 64'b0000000000000000000000000000000000000000000000000000000001111111 
	Parameter P[SPI_SUPPORTED] bound to: 1'b0 
	Parameter P[SPI_BASE] bound to: 64'b0000000000000000000000000000000000010000000001000000000000000000 
	Parameter P[SPI_RANGE] bound to: 64'b0000000000000000000000000000000000000000000000000000111111111111 
	Parameter P[GPIO_LOOPBACK_TEST] bound to: 1'b0 
	Parameter P[SPI_LOOPBACK_TEST] bound to: 1'b1 
	Parameter P[UART_PRESCALE] bound to: 32'sb00000000000000000000000000000001 
	Parameter P[PLIC_NUM_SRC] bound to: 32'sb00000000000000000000000000001010 
	Parameter P[PLIC_NUM_SRC_LT_32] bound to: 1'b1 
	Parameter P[PLIC_GPIO_ID] bound to: 32'sb00000000000000000000000000000011 
	Parameter P[PLIC_UART_ID] bound to: 32'sb00000000000000000000000000001010 
	Parameter P[PLIC_SPI_ID] bound to: 32'sb00000000000000000000000000000110 
	Parameter P[PLIC_SDC_ID] bound to: 32'sb00000000000000000000000000001001 
	Parameter P[BPRED_SUPPORTED] bound to: 1'b1 
	Parameter P[BPRED_TYPE] bound to: 32'b00000000000000000000000000000100 
	Parameter P[BPRED_NUM_LHR] bound to: 32'sb00000000000000000000000000000110 
	Parameter P[BPRED_SIZE] bound to: 32'sb00000000000000000000000000001010 
	Parameter P[BTB_SIZE] bound to: 32'sb00000000000000000000000000001010 
	Parameter P[RAS_SIZE] bound to: 32'sb00000000000000000000000000010000 
	Parameter P[INSTR_CLASS_PRED] bound to: 1'b1 
	Parameter P[RADIX] bound to: 32'sb00000000000000000000000000000100 
	Parameter P[DIVCOPIES] bound to: 32'sb00000000000000000000000000000100 
	Parameter P[ZBA_SUPPORTED] bound to: 1'b0 
	Parameter P[ZBB_SUPPORTED] bound to: 1'b1 
	Parameter P[ZBC_SUPPORTED] bound to: 1'b0 
	Parameter P[ZBS_SUPPORTED] bound to: 1'b0 
	Parameter P[ZCA_SUPPORTED] bound to: 1'b1 
	Parameter P[ZCB_SUPPORTED] bound to: 1'b0 
	Parameter P[ZCD_SUPPORTED] bound to: 1'b0 
	Parameter P[ZCF_SUPPORTED] bound to: 1'b1 
	Parameter P[ZBKB_SUPPORTED] bound to: 1'b0 
	Parameter P[ZBKC_SUPPORTED] bound to: 1'b0 
	Parameter P[ZBKX_SUPPORTED] bound to: 1'b0 
	Parameter P[ZKND_SUPPORTED] bound to: 1'b0 
	Parameter P[ZKNE_SUPPORTED] bound to: 1'b0 
	Parameter P[ZKNH_SUPPORTED] bound to: 1'b0 
	Parameter P[ZKN_SUPPORTED] bound to: 1'b0 
	Parameter P[USE_SRAM] bound to: 1'b1 
	Parameter P[M_MODE] bound to: 2'b00 
	Parameter P[S_MODE] bound to: 2'b01 
	Parameter P[U_MODE] bound to: 2'b10 
	Parameter P[VPN_SEGMENT_BITS] bound to: 32'sb00000000000000000000000000000011 
	Parameter P[VPN_BITS] bound to: 32'sb00000000000000000000000000000100 
	Parameter P[PPN_BITS] bound to: 32'sb00000000000000000000000000100000 
	Parameter P[PA_BITS] bound to: 32'sb00000000000000000000000001000000 
	Parameter P[SVMODE_BITS] bound to: 32'sb00000000000000000000000000000011 
	Parameter P[ASID_BASE] bound to: 32'sb00000000000000000000000000000100 
	Parameter P[ASID_BITS] bound to: 32'sb00000000000000000000000000000100 
	Parameter P[NO_TRANSLATE] bound to: 4'b0011 
	Parameter P[SV32] bound to: 4'b0000 
	Parameter P[SV39] bound to: 4'b0001 
	Parameter P[SV48] bound to: 4'b0010 
	Parameter P[A_SUPPORTED] bound to: 1'b0 
	Parameter P[B_SUPPORTED] bound to: 1'b0 
	Parameter P[C_SUPPORTED] bound to: 1'b0 
	Parameter P[D_SUPPORTED] bound to: 1'b0 
	Parameter P[E_SUPPORTED] bound to: 1'b0 
	Parameter P[F_SUPPORTED] bound to: 1'b0 
	Parameter P[I_SUPPORTED] bound to: 1'b0 
	Parameter P[M_SUPPORTED] bound to: 1'b1 
	Parameter P[Q_SUPPORTED] bound to: 1'b0 
	Parameter P[S_SUPPORTED] bound to: 1'b1 
	Parameter P[U_SUPPORTED] bound to: 1'b1 
	Parameter P[LOG_XLEN] bound to: 32'sb00000000000000000000000000000110 
	Parameter P[FLEN] bound to: 32'sb00000000000000000000000001000000 
	Parameter P[LLEN] bound to: 32'sb00000000000000000000000001000000 
	Parameter WIDTH bound to: 16 - type: integer 
WARNING: [Synth 8-693] zero replication count - replication ignored [/home/ishfisav/wally_1/wally_1.srcs/sources_1/imports/cvw/src/lsu/subwordread.sv:67]
	Parameter LLEN bound to: 64 - type: integer 
	Parameter WORDLEN bound to: 64 - type: integer 
	Parameter EXTEND bound to: 1'b1 
	Parameter P[XLEN] bound to: 32'sb00000000000000000000000001000000 
	Parameter P[IEEE754] bound to: 1'b0 
	Parameter P[MISA] bound to: 32'sb00000000000000000000000000000000 
	Parameter P[AHBW] bound to: 32'sb00000000000000000000000001000000 
	Parameter P[RAM_LATENCY] bound to: 32'sb00000000000000000000000000000000 
	Parameter P[BURST_EN] bound to: 1'b1 
	Parameter P[ZICSR_SUPPORTED] bound to: 1'b1 
	Parameter P[ZIFENCEI_SUPPORTED] bound to: 1'b1 
	Parameter P[COUNTERS] bound to: 12'b000000100000 
	Parameter P[ZICNTR_SUPPORTED] bound to: 1'b1 
	Parameter P[ZIHPM_SUPPORTED] bound to: 1'b1 
	Parameter P[ZFH_SUPPORTED] bound to: 1'b1 
	Parameter P[ZFA_SUPPORTED] bound to: 1'b1 
	Parameter P[SSTC_SUPPORTED] bound to: 1'b1 
	Parameter P[VIRTMEM_SUPPORTED] bound to: 1'b1 
	Parameter P[VECTORED_INTERRUPTS_SUPPORTED] bound to: 1'b1 
	Parameter P[BIGENDIAN_SUPPORTED] bound to: 1'b1 
	Parameter P[SVADU_SUPPORTED] bound to: 1'b1 
	Parameter P[ZMMUL_SUPPORTED] bound to: 1'b1 
	Parameter P[ZICBOM_SUPPORTED] bound to: 1'b1 
	Parameter P[ZICBOZ_SUPPORTED] bound to: 1'b1 
	Parameter P[ZICBOP_SUPPORTED] bound to: 1'b1 
	Parameter P[ZICCLSM_SUPPORTED] bound to: 1'b1 
	Parameter P[ZICOND_SUPPORTED] bound to: 1'b1 
	Parameter P[SVPBMT_SUPPORTED] bound to: 1'b1 
	Parameter P[SVNAPOT_SUPPORTED] bound to: 1'b1 
	Parameter P[SVINVAL_SUPPORTED] bound to: 1'b1 
	Parameter P[ZAAMO_SUPPORTED] bound to: 1'b1 
	Parameter P[ZALRSC_SUPPORTED] bound to: 1'b1 
	Parameter P[BUS_SUPPORTED] bound to: 1'b1 
	Parameter P[DCACHE_SUPPORTED] bound to: 1'b1 
	Parameter P[ICACHE_SUPPORTED] bound to: 1'b1 
	Parameter P[ITLB_ENTRIES] bound to: 32'sb00000000000000000000000000100000 
	Parameter P[DTLB_ENTRIES] bound to: 32'sb00000000000000000000000000100000 
	Parameter P[DCACHE_NUMWAYS] bound to: 32'sb00000000000000000000000000000100 
	Parameter P[DCACHE_WAYSIZEINBYTES] bound to: 32'sb00000000000000000001000000000000 
	Parameter P[DCACHE_LINELENINBITS] bound to: 32'sb00000000000000000000001000000000 
	Parameter P[ICACHE_NUMWAYS] bound to: 32'sb00000000000000000000000000000100 
	Parameter P[ICACHE_WAYSIZEINBYTES] bound to: 32'sb00000000000000000001000000000000 
	Parameter P[ICACHE_LINELENINBITS] bound to: 32'sb00000000000000000000001000000000 
	Parameter P[CACHE_SRAMLEN] bound to: 32'sb00000000000000000000000010000000 
	Parameter P[IDIV_BITSPERCYCLE] bound to: 32'sb00000000000000000000000000000100 
	Parameter P[IDIV_ON_FPU] bound to: 1'b1 
	Parameter P[PMP_ENTRIES] bound to: 32'sb00000000000000000000000000010000 
	Parameter P[RESET_VECTOR] bound to: 64'b0000000000000000000000000000000010000000000000000000000000000000 
	Parameter P[WFI_TIMEOUT_BIT] bound to: 32'sb00000000000000000000000000010000 
	Parameter P[DTIM_SUPPORTED] bound to: 1'b0 
	Parameter P[DTIM_BASE] bound to: 64'b0000000000000000000000000000000010000000000000000000000000000000 
	Parameter P[DTIM_RANGE] bound to: 64'b0000000000000000000000000000000000000000011111111111111111111111 
	Parameter P[IROM_SUPPORTED] bound to: 1'b0 
	Parameter P[IROM_BASE] bound to: 64'b0000000000000000000000000000000010000000000000000000000000000000 
	Parameter P[IROM_RANGE] bound to: 64'b0000000000000000000000000000000000000000011111111111111111111111 
	Parameter P[BOOTROM_SUPPORTED] bound to: 1'b0 
	Parameter P[BOOTROM_BASE] bound to: 64'b0000000000000000000000000000000000000000000000000001000000000000 
	Parameter P[BOOTROM_RANGE] bound to: 64'b0000000000000000000000000000000000000000000000000000111111111111 
	Parameter P[BOOTROM_PRELOAD] bound to: 1'b0 
	Parameter P[UNCORE_RAM_SUPPORTED] bound to: 1'b1 
	Parameter P[UNCORE_RAM_BASE] bound to: 64'b0000000000000000000000000000000010000000000000000000000000000000 
	Parameter P[UNCORE_RAM_RANGE] bound to: 64'b0000000000000000000000000000000000000000000000001001000000000000 
	Parameter P[UNCORE_RAM_PRELOAD] bound to: 1'b0 
	Parameter P[EXT_MEM_SUPPORTED] bound to: 1'b0 
	Parameter P[EXT_MEM_BASE] bound to: 64'b0000000000000000000000000000000010000000000000000000000000000000 
	Parameter P[EXT_MEM_RANGE] bound to: 64'b0000000000000000000000000000000000000111111111111111111111111111 
	Parameter P[CLINT_SUPPORTED] bound to: 1'b0 
	Parameter P[CLINT_BASE] bound to: 64'b0000000000000000000000000000000000000010000000000000000000000000 
	Parameter P[CLINT_RANGE] bound to: 64'b0000000000000000000000000000000000000000000000001111111111111111 
	Parameter P[GPIO_SUPPORTED] bound to: 1'b0 
	Parameter P[GPIO_BASE] bound to: 64'b0000000000000000000000000000000000010000000001100000000000000000 
	Parameter P[GPIO_RANGE] bound to: 64'b0000000000000000000000000000000000000000000000000000000011111111 
	Parameter P[UART_SUPPORTED] bound to: 1'b1 
	Parameter P[UART_BASE] bound to: 64'b0000000000000000000000000000000000010000000000000000000000000000 
	Parameter P[UART_RANGE] bound to: 64'b0000000000000000000000000000000000000000000000000000000000000111 
	Parameter P[PLIC_SUPPORTED] bound to: 1'b0 
	Parameter P[PLIC_BASE] bound to: 64'b0000000000000000000000000000000000001100000000000000000000000000 
	Parameter P[PLIC_RANGE] bound to: 64'b0000000000000000000000000000000000000011111111111111111111111111 
	Parameter P[SDC_SUPPORTED] bound to: 1'b0 
	Parameter P[SDC_BASE] bound to: 64'b0000000000000000000000000000000000000000000000010011000000000000 
	Parameter P[SDC_RANGE] bound to: 64'b0000000000000000000000000000000000000000000000000000000001111111 
	Parameter P[SPI_SUPPORTED] bound to: 1'b0 
	Parameter P[SPI_BASE] bound to: 64'b0000000000000000000000000000000000010000000001000000000000000000 
	Parameter P[SPI_RANGE] bound to: 64'b0000000000000000000000000000000000000000000000000000111111111111 
	Parameter P[GPIO_LOOPBACK_TEST] bound to: 1'b0 
	Parameter P[SPI_LOOPBACK_TEST] bound to: 1'b1 
	Parameter P[UART_PRESCALE] bound to: 32'sb00000000000000000000000000000001 
	Parameter P[PLIC_NUM_SRC] bound to: 32'sb00000000000000000000000000001010 
	Parameter P[PLIC_NUM_SRC_LT_32] bound to: 1'b1 
	Parameter P[PLIC_GPIO_ID] bound to: 32'sb00000000000000000000000000000011 
	Parameter P[PLIC_UART_ID] bound to: 32'sb00000000000000000000000000001010 
	Parameter P[PLIC_SPI_ID] bound to: 32'sb00000000000000000000000000000110 
	Parameter P[PLIC_SDC_ID] bound to: 32'sb00000000000000000000000000001001 
	Parameter P[BPRED_SUPPORTED] bound to: 1'b1 
	Parameter P[BPRED_TYPE] bound to: 32'b00000000000000000000000000000100 
	Parameter P[BPRED_NUM_LHR] bound to: 32'sb00000000000000000000000000000110 
	Parameter P[BPRED_SIZE] bound to: 32'sb00000000000000000000000000001010 
	Parameter P[BTB_SIZE] bound to: 32'sb00000000000000000000000000001010 
	Parameter P[RAS_SIZE] bound to: 32'sb00000000000000000000000000010000 
	Parameter P[INSTR_CLASS_PRED] bound to: 1'b1 
	Parameter P[RADIX] bound to: 32'sb00000000000000000000000000000100 
	Parameter P[DIVCOPIES] bound to: 32'sb00000000000000000000000000000100 
	Parameter P[ZBA_SUPPORTED] bound to: 1'b0 
	Parameter P[ZBB_SUPPORTED] bound to: 1'b1 
	Parameter P[ZBC_SUPPORTED] bound to: 1'b0 
	Parameter P[ZBS_SUPPORTED] bound to: 1'b0 
	Parameter P[ZCA_SUPPORTED] bound to: 1'b1 
	Parameter P[ZCB_SUPPORTED] bound to: 1'b0 
	Parameter P[ZCD_SUPPORTED] bound to: 1'b0 
	Parameter P[ZCF_SUPPORTED] bound to: 1'b1 
	Parameter P[ZBKB_SUPPORTED] bound to: 1'b0 
	Parameter P[ZBKC_SUPPORTED] bound to: 1'b0 
	Parameter P[ZBKX_SUPPORTED] bound to: 1'b0 
	Parameter P[ZKND_SUPPORTED] bound to: 1'b0 
	Parameter P[ZKNE_SUPPORTED] bound to: 1'b0 
	Parameter P[ZKNH_SUPPORTED] bound to: 1'b0 
	Parameter P[ZKN_SUPPORTED] bound to: 1'b0 
	Parameter P[USE_SRAM] bound to: 1'b1 
	Parameter P[M_MODE] bound to: 2'b00 
	Parameter P[S_MODE] bound to: 2'b01 
	Parameter P[U_MODE] bound to: 2'b10 
	Parameter P[VPN_SEGMENT_BITS] bound to: 32'sb00000000000000000000000000000011 
	Parameter P[VPN_BITS] bound to: 32'sb00000000000000000000000000000100 
	Parameter P[PPN_BITS] bound to: 32'sb00000000000000000000000000100000 
	Parameter P[PA_BITS] bound to: 32'sb00000000000000000000000001000000 
	Parameter P[SVMODE_BITS] bound to: 32'sb00000000000000000000000000000011 
	Parameter P[ASID_BASE] bound to: 32'sb00000000000000000000000000000100 
	Parameter P[ASID_BITS] bound to: 32'sb00000000000000000000000000000100 
	Parameter P[NO_TRANSLATE] bound to: 4'b0011 
	Parameter P[SV32] bound to: 4'b0000 
	Parameter P[SV39] bound to: 4'b0001 
	Parameter P[SV48] bound to: 4'b0010 
	Parameter P[A_SUPPORTED] bound to: 1'b0 
	Parameter P[B_SUPPORTED] bound to: 1'b0 
	Parameter P[C_SUPPORTED] bound to: 1'b0 
	Parameter P[D_SUPPORTED] bound to: 1'b0 
	Parameter P[E_SUPPORTED] bound to: 1'b0 
	Parameter P[F_SUPPORTED] bound to: 1'b0 
	Parameter P[I_SUPPORTED] bound to: 1'b0 
	Parameter P[M_SUPPORTED] bound to: 1'b1 
	Parameter P[Q_SUPPORTED] bound to: 1'b0 
	Parameter P[S_SUPPORTED] bound to: 1'b1 
	Parameter P[U_SUPPORTED] bound to: 1'b1 
	Parameter P[LOG_XLEN] bound to: 32'sb00000000000000000000000000000110 
	Parameter P[FLEN] bound to: 32'sb00000000000000000000000001000000 
	Parameter P[LLEN] bound to: 32'sb00000000000000000000000001000000 
WARNING: [Synth 8-7071] port 'reset' of module 'wallypipelinedcore' is unconnected for instance 'core' [/home/ishfisav/wally_1/wally_1.srcs/sources_1/imports/cvw/src/wally/wallypipelinedsoc.sv:82]
WARNING: [Synth 8-7071] port 'HADDR' of module 'wallypipelinedcore' is unconnected for instance 'core' [/home/ishfisav/wally_1/wally_1.srcs/sources_1/imports/cvw/src/wally/wallypipelinedsoc.sv:82]
WARNING: [Synth 8-7071] port 'HWDATA' of module 'wallypipelinedcore' is unconnected for instance 'core' [/home/ishfisav/wally_1/wally_1.srcs/sources_1/imports/cvw/src/wally/wallypipelinedsoc.sv:82]
WARNING: [Synth 8-7023] instance 'core' of module 'wallypipelinedcore' has 22 connections declared, but only 19 given [/home/ishfisav/wally_1/wally_1.srcs/sources_1/imports/cvw/src/wally/wallypipelinedsoc.sv:82]
WARNING: [Synth 8-3848] Net HREADBootRom in module/entity uncore does not have driver. [/home/ishfisav/wally_1/wally_1.srcs/sources_1/imports/cvw/src/uncore/uncore.sv:74]
WARNING: [Synth 8-3848] Net HREADYBootRom in module/entity uncore does not have driver. [/home/ishfisav/wally_1/wally_1.srcs/sources_1/imports/cvw/src/uncore/uncore.sv:75]
WARNING: [Synth 8-3848] Net HRESPBootRom in module/entity uncore does not have driver. [/home/ishfisav/wally_1/wally_1.srcs/sources_1/imports/cvw/src/uncore/uncore.sv:75]
WARNING: [Synth 8-3848] Net PRDATA[5] in module/entity uncore does not have driver. [/home/ishfisav/wally_1/wally_1.srcs/sources_1/imports/cvw/src/uncore/uncore.sv:87]
WARNING: [Synth 8-3848] Net PRDATA[4] in module/entity uncore does not have driver. [/home/ishfisav/wally_1/wally_1.srcs/sources_1/imports/cvw/src/uncore/uncore.sv:87]
WARNING: [Synth 8-3848] Net PRDATA[2] in module/entity uncore does not have driver. [/home/ishfisav/wally_1/wally_1.srcs/sources_1/imports/cvw/src/uncore/uncore.sv:87]
WARNING: [Synth 8-3848] Net PRDATA[1] in module/entity uncore does not have driver. [/home/ishfisav/wally_1/wally_1.srcs/sources_1/imports/cvw/src/uncore/uncore.sv:87]
WARNING: [Synth 8-3848] Net PRDATA[0] in module/entity uncore does not have driver. [/home/ishfisav/wally_1/wally_1.srcs/sources_1/imports/cvw/src/uncore/uncore.sv:87]
WARNING: [Synth 8-6014] Unused sequential element STATUS_FS_INT_reg was removed.  [/home/ishfisav/wally_1/wally_1.srcs/sources_1/imports/cvw/src/privileged/csrsr.sv:146]
WARNING: [Synth 8-3848] Net dout in module/entity ram1p1rwe does not have driver. [/home/ishfisav/wally_1/wally_1.srcs/sources_1/imports/cvw/src/generic/mem/ram1p1rwe.sv:54]
WARNING: [Synth 8-3848] Net SRAMReadData in module/entity ram2p1r1wbe does not have driver. [/home/ishfisav/wally_1/wally_1.srcs/sources_1/imports/cvw/src/generic/mem/ram2p1r1wbe.sv:87]
WARNING: [Synth 8-3848] Net dout in module/entity ram1p1rwbe__parameterized0 does not have driver. [/home/ishfisav/wally_1/wally_1.srcs/sources_1/imports/cvw/src/generic/mem/ram1p1rwbe.sv:44]
WARNING: [Synth 8-7129] Port LSUFunct3M[2] in module subwordwrite is either unconnected or has no load
WARNING: [Synth 8-7129] Port PAdrM[3] in module subwordread is either unconnected or has no load
WARNING: [Synth 8-7129] Port LSUAtomicM[1] in module lrsc is either unconnected or has no load
WARNING: [Synth 8-7129] Port PAdrM[2] in module lrsc is either unconnected or has no load
WARNING: [Synth 8-7129] Port PAdrM[1] in module lrsc is either unconnected or has no load
WARNING: [Synth 8-7129] Port PAdrM[0] in module lrsc is either unconnected or has no load
WARNING: [Synth 8-7129] Port LSUFunct7M[1] in module amoalu is either unconnected or has no load
WARNING: [Synth 8-7129] Port LSUFunct7M[0] in module amoalu is either unconnected or has no load
WARNING: [Synth 8-7129] Port LSUFunct3M[2] in module amoalu is either unconnected or has no load
WARNING: [Synth 8-7129] Port dout[127] in module ram1p1rwbe__parameterized0 is either unconnected or has no load
WARNING: [Synth 8-7129] Port dout[126] in module ram1p1rwbe__parameterized0 is either unconnected or has no load
WARNING: [Synth 8-7129] Port dout[125] in module ram1p1rwbe__parameterized0 is either unconnected or has no load
WARNING: [Synth 8-7129] Port dout[124] in module ram1p1rwbe__parameterized0 is either unconnected or has no load
WARNING: [Synth 8-7129] Port dout[123] in module ram1p1rwbe__parameterized0 is either unconnected or has no load
WARNING: [Synth 8-7129] Port dout[122] in module ram1p1rwbe__parameterized0 is either unconnected or has no load
WARNING: [Synth 8-7129] Port dout[121] in module ram1p1rwbe__parameterized0 is either unconnected or has no load
WARNING: [Synth 8-7129] Port dout[120] in module ram1p1rwbe__parameterized0 is either unconnected or has no load
WARNING: [Synth 8-7129] Port dout[119] in module ram1p1rwbe__parameterized0 is either unconnected or has no load
WARNING: [Synth 8-7129] Port dout[118] in module ram1p1rwbe__parameterized0 is either unconnected or has no load
WARNING: [Synth 8-7129] Port dout[117] in module ram1p1rwbe__parameterized0 is either unconnected or has no load
WARNING: [Synth 8-7129] Port dout[116] in module ram1p1rwbe__parameterized0 is either unconnected or has no load
WARNING: [Synth 8-7129] Port dout[115] in module ram1p1rwbe__parameterized0 is either unconnected or has no load
WARNING: [Synth 8-7129] Port dout[114] in module ram1p1rwbe__parameterized0 is either unconnected or has no load
WARNING: [Synth 8-7129] Port dout[113] in module ram1p1rwbe__parameterized0 is either unconnected or has no load
WARNING: [Synth 8-7129] Port dout[112] in module ram1p1rwbe__parameterized0 is either unconnected or has no load
WARNING: [Synth 8-7129] Port dout[111] in module ram1p1rwbe__parameterized0 is either unconnected or has no load
WARNING: [Synth 8-7129] Port dout[110] in module ram1p1rwbe__parameterized0 is either unconnected or has no load
WARNING: [Synth 8-7129] Port dout[109] in module ram1p1rwbe__parameterized0 is either unconnected or has no load
WARNING: [Synth 8-7129] Port dout[108] in module ram1p1rwbe__parameterized0 is either unconnected or has no load
WARNING: [Synth 8-7129] Port dout[107] in module ram1p1rwbe__parameterized0 is either unconnected or has no load
WARNING: [Synth 8-7129] Port dout[106] in module ram1p1rwbe__parameterized0 is either unconnected or has no load
WARNING: [Synth 8-7129] Port dout[105] in module ram1p1rwbe__parameterized0 is either unconnected or has no load
WARNING: [Synth 8-7129] Port dout[104] in module ram1p1rwbe__parameterized0 is either unconnected or has no load
WARNING: [Synth 8-7129] Port dout[103] in module ram1p1rwbe__parameterized0 is either unconnected or has no load
WARNING: [Synth 8-7129] Port dout[102] in module ram1p1rwbe__parameterized0 is either unconnected or has no load
WARNING: [Synth 8-7129] Port dout[101] in module ram1p1rwbe__parameterized0 is either unconnected or has no load
WARNING: [Synth 8-7129] Port dout[100] in module ram1p1rwbe__parameterized0 is either unconnected or has no load
WARNING: [Synth 8-7129] Port dout[99] in module ram1p1rwbe__parameterized0 is either unconnected or has no load
WARNING: [Synth 8-7129] Port dout[98] in module ram1p1rwbe__parameterized0 is either unconnected or has no load
WARNING: [Synth 8-7129] Port dout[97] in module ram1p1rwbe__parameterized0 is either unconnected or has no load
WARNING: [Synth 8-7129] Port dout[96] in module ram1p1rwbe__parameterized0 is either unconnected or has no load
WARNING: [Synth 8-7129] Port dout[95] in module ram1p1rwbe__parameterized0 is either unconnected or has no load
WARNING: [Synth 8-7129] Port dout[94] in module ram1p1rwbe__parameterized0 is either unconnected or has no load
WARNING: [Synth 8-7129] Port dout[93] in module ram1p1rwbe__parameterized0 is either unconnected or has no load
WARNING: [Synth 8-7129] Port dout[92] in module ram1p1rwbe__parameterized0 is either unconnected or has no load
WARNING: [Synth 8-7129] Port dout[91] in module ram1p1rwbe__parameterized0 is either unconnected or has no load
WARNING: [Synth 8-7129] Port dout[90] in module ram1p1rwbe__parameterized0 is either unconnected or has no load
WARNING: [Synth 8-7129] Port dout[89] in module ram1p1rwbe__parameterized0 is either unconnected or has no load
WARNING: [Synth 8-7129] Port dout[88] in module ram1p1rwbe__parameterized0 is either unconnected or has no load
WARNING: [Synth 8-7129] Port dout[87] in module ram1p1rwbe__parameterized0 is either unconnected or has no load
WARNING: [Synth 8-7129] Port dout[86] in module ram1p1rwbe__parameterized0 is either unconnected or has no load
WARNING: [Synth 8-7129] Port dout[85] in module ram1p1rwbe__parameterized0 is either unconnected or has no load
WARNING: [Synth 8-7129] Port dout[84] in module ram1p1rwbe__parameterized0 is either unconnected or has no load
WARNING: [Synth 8-7129] Port dout[83] in module ram1p1rwbe__parameterized0 is either unconnected or has no load
WARNING: [Synth 8-7129] Port dout[82] in module ram1p1rwbe__parameterized0 is either unconnected or has no load
WARNING: [Synth 8-7129] Port dout[81] in module ram1p1rwbe__parameterized0 is either unconnected or has no load
WARNING: [Synth 8-7129] Port dout[80] in module ram1p1rwbe__parameterized0 is either unconnected or has no load
WARNING: [Synth 8-7129] Port dout[79] in module ram1p1rwbe__parameterized0 is either unconnected or has no load
WARNING: [Synth 8-7129] Port dout[78] in module ram1p1rwbe__parameterized0 is either unconnected or has no load
WARNING: [Synth 8-7129] Port dout[77] in module ram1p1rwbe__parameterized0 is either unconnected or has no load
WARNING: [Synth 8-7129] Port dout[76] in module ram1p1rwbe__parameterized0 is either unconnected or has no load
WARNING: [Synth 8-7129] Port dout[75] in module ram1p1rwbe__parameterized0 is either unconnected or has no load
WARNING: [Synth 8-7129] Port dout[74] in module ram1p1rwbe__parameterized0 is either unconnected or has no load
WARNING: [Synth 8-7129] Port dout[73] in module ram1p1rwbe__parameterized0 is either unconnected or has no load
WARNING: [Synth 8-7129] Port dout[72] in module ram1p1rwbe__parameterized0 is either unconnected or has no load
WARNING: [Synth 8-7129] Port dout[71] in module ram1p1rwbe__parameterized0 is either unconnected or has no load
WARNING: [Synth 8-7129] Port dout[70] in module ram1p1rwbe__parameterized0 is either unconnected or has no load
WARNING: [Synth 8-7129] Port dout[69] in module ram1p1rwbe__parameterized0 is either unconnected or has no load
WARNING: [Synth 8-7129] Port dout[68] in module ram1p1rwbe__parameterized0 is either unconnected or has no load
WARNING: [Synth 8-7129] Port dout[67] in module ram1p1rwbe__parameterized0 is either unconnected or has no load
WARNING: [Synth 8-7129] Port dout[66] in module ram1p1rwbe__parameterized0 is either unconnected or has no load
WARNING: [Synth 8-7129] Port dout[65] in module ram1p1rwbe__parameterized0 is either unconnected or has no load
WARNING: [Synth 8-7129] Port dout[64] in module ram1p1rwbe__parameterized0 is either unconnected or has no load
WARNING: [Synth 8-7129] Port dout[63] in module ram1p1rwbe__parameterized0 is either unconnected or has no load
WARNING: [Synth 8-7129] Port dout[62] in module ram1p1rwbe__parameterized0 is either unconnected or has no load
WARNING: [Synth 8-7129] Port dout[61] in module ram1p1rwbe__parameterized0 is either unconnected or has no load
WARNING: [Synth 8-7129] Port dout[60] in module ram1p1rwbe__parameterized0 is either unconnected or has no load
WARNING: [Synth 8-7129] Port dout[59] in module ram1p1rwbe__parameterized0 is either unconnected or has no load
WARNING: [Synth 8-7129] Port dout[58] in module ram1p1rwbe__parameterized0 is either unconnected or has no load
WARNING: [Synth 8-7129] Port dout[57] in module ram1p1rwbe__parameterized0 is either unconnected or has no load
WARNING: [Synth 8-7129] Port dout[56] in module ram1p1rwbe__parameterized0 is either unconnected or has no load
WARNING: [Synth 8-7129] Port dout[55] in module ram1p1rwbe__parameterized0 is either unconnected or has no load
WARNING: [Synth 8-7129] Port dout[54] in module ram1p1rwbe__parameterized0 is either unconnected or has no load
WARNING: [Synth 8-7129] Port dout[53] in module ram1p1rwbe__parameterized0 is either unconnected or has no load
WARNING: [Synth 8-7129] Port dout[52] in module ram1p1rwbe__parameterized0 is either unconnected or has no load
WARNING: [Synth 8-7129] Port dout[51] in module ram1p1rwbe__parameterized0 is either unconnected or has no load
WARNING: [Synth 8-7129] Port dout[50] in module ram1p1rwbe__parameterized0 is either unconnected or has no load
WARNING: [Synth 8-7129] Port dout[49] in module ram1p1rwbe__parameterized0 is either unconnected or has no load
WARNING: [Synth 8-7129] Port dout[48] in module ram1p1rwbe__parameterized0 is either unconnected or has no load
WARNING: [Synth 8-7129] Port dout[47] in module ram1p1rwbe__parameterized0 is either unconnected or has no load
WARNING: [Synth 8-7129] Port dout[46] in module ram1p1rwbe__parameterized0 is either unconnected or has no load
WARNING: [Synth 8-7129] Port dout[45] in module ram1p1rwbe__parameterized0 is either unconnected or has no load
WARNING: [Synth 8-7129] Port dout[44] in module ram1p1rwbe__parameterized0 is either unconnected or has no load
WARNING: [Synth 8-7129] Port dout[43] in module ram1p1rwbe__parameterized0 is either unconnected or has no load
WARNING: [Synth 8-7129] Port dout[42] in module ram1p1rwbe__parameterized0 is either unconnected or has no load
WARNING: [Synth 8-7129] Port dout[41] in module ram1p1rwbe__parameterized0 is either unconnected or has no load
WARNING: [Synth 8-7129] Port dout[40] in module ram1p1rwbe__parameterized0 is either unconnected or has no load
WARNING: [Synth 8-7129] Port dout[39] in module ram1p1rwbe__parameterized0 is either unconnected or has no load
WARNING: [Synth 8-7129] Port dout[38] in module ram1p1rwbe__parameterized0 is either unconnected or has no load
WARNING: [Synth 8-7129] Port dout[37] in module ram1p1rwbe__parameterized0 is either unconnected or has no load
INFO: [Common 17-14] Message 'Synth 8-7129' appears 100 times and further instances of the messages will be disabled. Use the Tcl command set_msg_config to change the current settings.
---------------------------------------------------------------------------------
Finished RTL Elaboration : Time (s): cpu = 00:00:04 ; elapsed = 00:00:05 . Memory (MB): peak = 2800.621 ; gain = 53.000 ; free physical = 8583 ; free virtual = 114595
---------------------------------------------------------------------------------
---------------------------------------------------------------------------------
Start Handling Custom Attributes
---------------------------------------------------------------------------------
---------------------------------------------------------------------------------
Finished Handling Custom Attributes : Time (s): cpu = 00:00:05 ; elapsed = 00:00:05 . Memory (MB): peak = 2800.621 ; gain = 53.000 ; free physical = 8556 ; free virtual = 114596
---------------------------------------------------------------------------------
---------------------------------------------------------------------------------
Finished RTL Optimization Phase 1 : Time (s): cpu = 00:00:05 ; elapsed = 00:00:05 . Memory (MB): peak = 2800.621 ; gain = 53.000 ; free physical = 8556 ; free virtual = 114596
---------------------------------------------------------------------------------
Netlist sorting complete. Time (s): cpu = 00:00:00.34 ; elapsed = 00:00:00.34 . Memory (MB): peak = 2800.621 ; gain = 0.000 ; free physical = 8618 ; free virtual = 114710
INFO: [Project 1-570] Preparing netlist for logic optimization

Processing XDC Constraints
Initializing timing engine
Parsing XDC File [/home/ishfisav/wally_1/wally_1.gen/sources_1/bd/design_2/design_2/design_2_in_context.xdc] for cell 'core/ifu/bpred.bpred/TargetPredictor/memory/memory1/sramIP'
Finished Parsing XDC File [/home/ishfisav/wally_1/wally_1.gen/sources_1/bd/design_2/design_2/design_2_in_context.xdc] for cell 'core/ifu/bpred.bpred/TargetPredictor/memory/memory1/sramIP'
Parsing XDC File [/home/ishfisav/wally_1/wally_1.srcs/constrs_1/imports/constraints/pins_wally.xdc]
Finished Parsing XDC File [/home/ishfisav/wally_1/wally_1.srcs/constrs_1/imports/constraints/pins_wally.xdc]
INFO: [Project 1-236] Implementation specific constraints were found while reading constraint file [/home/ishfisav/wally_1/wally_1.srcs/constrs_1/imports/constraints/pins_wally.xdc]. These constraints will be ignored for synthesis but will be used in implementation. Impacted constraints are listed in the file [.Xil/wallypipelinedsoc_propImpl.xdc].
Resolution: To avoid this warning, move constraints listed in [.Xil/wallypipelinedsoc_propImpl.xdc] to another XDC file and exclude this new file from synthesis with the used_in_synthesis property (File Properties dialog in GUI) and re-run elaboration/synthesis.
Completed Processing XDC Constraints

Netlist sorting complete. Time (s): cpu = 00:00:00.01 ; elapsed = 00:00:00 . Memory (MB): peak = 2961.203 ; gain = 0.000 ; free physical = 8817 ; free virtual = 114709
INFO: [Project 1-111] Unisim Transformation Summary:
No Unisim elements were transformed.

Constraint Validation Runtime : Time (s): cpu = 00:00:00.07 ; elapsed = 00:00:00.07 . Memory (MB): peak = 2961.203 ; gain = 0.000 ; free physical = 8823 ; free virtual = 114716
WARNING: [Timing 38-316] Clock period '3.333' specified during out-of-context synthesis of instance 'core/ifu/bpred.bpred/TargetPredictor/memory/memory1/sramIP' at clock pin 'clka' is different from the actual clock period '2.000', this can lead to different synthesis results.
---------------------------------------------------------------------------------
Finished Constraint Validation : Time (s): cpu = 00:00:15 ; elapsed = 00:00:14 . Memory (MB): peak = 2969.141 ; gain = 221.520 ; free physical = 8950 ; free virtual = 114726
---------------------------------------------------------------------------------
---------------------------------------------------------------------------------
Start Loading Part and Timing Information
---------------------------------------------------------------------------------
Loading part: xck24-ubva530-2LV-c
INFO: [Synth 8-6742] Reading net delay rules and data
---------------------------------------------------------------------------------
Finished Loading Part and Timing Information : Time (s): cpu = 00:00:15 ; elapsed = 00:00:14 . Memory (MB): peak = 2977.145 ; gain = 229.523 ; free physical = 8950 ; free virtual = 114726
---------------------------------------------------------------------------------
---------------------------------------------------------------------------------
Start Applying 'set_property' XDC Constraints
---------------------------------------------------------------------------------
Applied set_property KEEP_HIERARCHY = SOFT for core/ifu/\bpred.bpred /TargetPredictor/memory/memory1/sramIP. (constraint file  auto generated constraint).
---------------------------------------------------------------------------------
Finished applying 'set_property' XDC Constraints : Time (s): cpu = 00:00:15 ; elapsed = 00:00:14 . Memory (MB): peak = 2977.145 ; gain = 229.523 ; free physical = 8950 ; free virtual = 114726
---------------------------------------------------------------------------------
---------------------------------------------------------------------------------
Start Preparing Guide Design
---------------------------------------------------------------------------------
---------------------------------------------------------------------------------
Finished Doing Graph Differ : Time (s): cpu = 00:00:16 ; elapsed = 00:00:15 . Memory (MB): peak = 2977.145 ; gain = 229.523 ; free physical = 8951 ; free virtual = 114731
---------------------------------------------------------------------------------
wallypipelinedsoc__GC0wallypipelinedcore__GCB1wallypipelinedcore__GCB0lsu__GC0mmu__parameterized0__GC0ifu__GC0mmu__GC0pmpchecker---------------------------------------------------------------------------------
Finished Preparing Guide Design : Time (s): cpu = 00:00:16 ; elapsed = 00:00:16 . Memory (MB): peak = 2977.145 ; gain = 229.523 ; free physical = 8952 ; free virtual = 114732
---------------------------------------------------------------------------------
---------------------------------------------------------------------------------
Finished RTL Optimization Phase 2 : Time (s): cpu = 00:00:16 ; elapsed = 00:00:16 . Memory (MB): peak = 2977.145 ; gain = 229.523 ; free physical = 8951 ; free virtual = 114731
---------------------------------------------------------------------------------
---------------------------------------------------------------------------------
Start Mimic Skeleton from Reference
---------------------------------------------------------------------------------
---------------------------------------------------------------------------------
Finished Mimic Skeleton from Reference : Time (s): cpu = 00:00:17 ; elapsed = 00:00:16 . Memory (MB): peak = 2977.145 ; gain = 229.523 ; free physical = 8912 ; free virtual = 114732
---------------------------------------------------------------------------------


Incremental Synthesis Report Summary:

1. Incremental synthesis run: yes

   Stitch points used : changed


2. Change Summary

Report Incremental Modules: 
+-+----------------+------------+----------+----------+
| |Changed Modules |Replication |Instances |Changed % |
+-+----------------+------------+----------+----------+
+-+----------------+------------+----------+----------+


   Full Design Size (number of cells) : 142493
   Resynthesis Design Size (number of cells) : 0
   Resynth % : 0.0000,  Reuse % : 100.0000

3. Reference Checkpoint Information

+----------------------------------------------------------------------------------------------------+
| DCP Location:  | /home/ishfisav/wally_1/wally_1.srcs/utils_1/imports/synth_1/wallypipelinedsoc.dcp |
+----------------------------------------------------------------------------------------------------+


+--------------------------------+------------------------------+
|         DCP Information        |             Value            |
+--------------------------------+------------------------------+
| Vivado Version                 |                    v2024.2 |
| DCP State                      |                              |
+--------------------------------+------------------------------+



Report RTL Partitions: 
+------+---------------------------------+------------+----------+
|      |RTL Partition                    |Replication |Instances |
+------+---------------------------------+------------+----------+
|1     |pmpchecker_#REUSE#               |           2|         0|
|2     |mmu__GC0_#REUSE#                 |           1|         0|
|3     |ifu__GC0_#REUSE#                 |           1|         0|
|4     |mmu__parameterized0__GC0_#REUSE# |           1|         0|
|5     |lsu__GC0_#REUSE#                 |           1|         0|
|6     |wallypipelinedcore__GCB0_#REUSE# |           1|         0|
|7     |wallypipelinedcore__GCB1_#REUSE# |           1|         0|
|8     |wallypipelinedsoc__GC0_#REUSE#   |           1|         0|
+------+---------------------------------+------------+----------+
---------------------------------------------------------------------------------
Start RTL Component Statistics 
---------------------------------------------------------------------------------
Detailed RTL Component Info : 
---------------------------------------------------------------------------------
Finished RTL Component Statistics 
---------------------------------------------------------------------------------
---------------------------------------------------------------------------------
Start Part Resource Summary
---------------------------------------------------------------------------------
Part Resources:
DSPs: 360 (col length:72)
BRAMs: 432 (col length: RAMB18 72 RAMB36 36)
---------------------------------------------------------------------------------
Finished Part Resource Summary
---------------------------------------------------------------------------------
---------------------------------------------------------------------------------
Start Cross Boundary and Area Optimization
---------------------------------------------------------------------------------
WARNING: [Synth 8-7080] Parallel synthesis criteria is not met
WARNING: [Synth 8-7077] IncrSyn: subsequent runs will still be incremental as the reference run was parallel and that data is reused
---------------------------------------------------------------------------------
Finished Cross Boundary and Area Optimization : Time (s): cpu = 00:00:18 ; elapsed = 00:00:17 . Memory (MB): peak = 2977.145 ; gain = 229.523 ; free physical = 8917 ; free virtual = 114776
---------------------------------------------------------------------------------
---------------------------------------------------------------------------------
Start Stitch Unchanged AreaOpt Partitions
---------------------------------------------------------------------------------
---------------------------------------------------------------------------------
Finished Stitch Unchanged AreaOpt Partitions : Time (s): cpu = 00:00:18 ; elapsed = 00:00:18 . Memory (MB): peak = 2977.145 ; gain = 229.523 ; free physical = 8961 ; free virtual = 114781
---------------------------------------------------------------------------------
---------------------------------------------------------------------------------
Start Applying XDC Timing Constraints
---------------------------------------------------------------------------------
---------------------------------------------------------------------------------
Finished Applying XDC Timing Constraints : Time (s): cpu = 00:00:24 ; elapsed = 00:00:24 . Memory (MB): peak = 3535.180 ; gain = 787.559 ; free physical = 8395 ; free virtual = 114286
---------------------------------------------------------------------------------
---------------------------------------------------------------------------------
Start Timing Optimization
---------------------------------------------------------------------------------
---------------------------------------------------------------------------------
Finished Timing Optimization : Time (s): cpu = 00:00:24 ; elapsed = 00:00:24 . Memory (MB): peak = 3535.180 ; gain = 787.559 ; free physical = 8400 ; free virtual = 114291
---------------------------------------------------------------------------------
---------------------------------------------------------------------------------
Start Technology Mapping
---------------------------------------------------------------------------------
WARNING: [Synth 8-7080] Parallel synthesis criteria is not met
WARNING: [Synth 8-7077] IncrSyn: subsequent runs will still be incremental as the reference run was parallel and that data is reused
---------------------------------------------------------------------------------
Finished Technology Mapping : Time (s): cpu = 00:00:24 ; elapsed = 00:00:24 . Memory (MB): peak = 3535.180 ; gain = 787.559 ; free physical = 8393 ; free virtual = 114282
---------------------------------------------------------------------------------
---------------------------------------------------------------------------------
Start Stitch Unchanged Partitions
---------------------------------------------------------------------------------
---------------------------------------------------------------------------------
Finished Stitch Unchanged Partitions : Time (s): cpu = 00:00:24 ; elapsed = 00:00:24 . Memory (MB): peak = 3535.180 ; gain = 787.559 ; free physical = 8386 ; free virtual = 114275
---------------------------------------------------------------------------------
---------------------------------------------------------------------------------
Start IO Insertion
---------------------------------------------------------------------------------
---------------------------------------------------------------------------------
Start Flattening Before IO Insertion
---------------------------------------------------------------------------------
---------------------------------------------------------------------------------
Finished Flattening Before IO Insertion
---------------------------------------------------------------------------------
---------------------------------------------------------------------------------
Start Final Netlist Cleanup
---------------------------------------------------------------------------------
---------------------------------------------------------------------------------
Finished Final Netlist Cleanup
---------------------------------------------------------------------------------
---------------------------------------------------------------------------------
Finished IO Insertion : Time (s): cpu = 00:00:26 ; elapsed = 00:00:26 . Memory (MB): peak = 3650.992 ; gain = 903.371 ; free physical = 8278 ; free virtual = 114184
---------------------------------------------------------------------------------
---------------------------------------------------------------------------------
Start Renaming Generated Instances
---------------------------------------------------------------------------------
---------------------------------------------------------------------------------
Finished Renaming Generated Instances : Time (s): cpu = 00:00:26 ; elapsed = 00:00:26 . Memory (MB): peak = 3650.992 ; gain = 903.371 ; free physical = 8278 ; free virtual = 114184
---------------------------------------------------------------------------------
---------------------------------------------------------------------------------
Start Rebuilding User Hierarchy
---------------------------------------------------------------------------------
---------------------------------------------------------------------------------
Finished Rebuilding User Hierarchy : Time (s): cpu = 00:00:26 ; elapsed = 00:00:26 . Memory (MB): peak = 3650.992 ; gain = 903.371 ; free physical = 8270 ; free virtual = 114176
---------------------------------------------------------------------------------
---------------------------------------------------------------------------------
Start Renaming Generated Ports
---------------------------------------------------------------------------------
---------------------------------------------------------------------------------
Finished Renaming Generated Ports : Time (s): cpu = 00:00:26 ; elapsed = 00:00:26 . Memory (MB): peak = 3650.992 ; gain = 903.371 ; free physical = 8272 ; free virtual = 114178
---------------------------------------------------------------------------------
---------------------------------------------------------------------------------
Start Handling Custom Attributes
---------------------------------------------------------------------------------
---------------------------------------------------------------------------------
Finished Handling Custom Attributes : Time (s): cpu = 00:00:27 ; elapsed = 00:00:26 . Memory (MB): peak = 3650.992 ; gain = 903.371 ; free physical = 8271 ; free virtual = 114177
---------------------------------------------------------------------------------
---------------------------------------------------------------------------------
Start Renaming Generated Nets
---------------------------------------------------------------------------------
---------------------------------------------------------------------------------
Finished Renaming Generated Nets : Time (s): cpu = 00:00:27 ; elapsed = 00:00:26 . Memory (MB): peak = 3650.992 ; gain = 903.371 ; free physical = 8271 ; free virtual = 114177
---------------------------------------------------------------------------------
---------------------------------------------------------------------------------
Start Writing Synthesis Report
---------------------------------------------------------------------------------

Report BlackBoxes: 
+------+--------------+----------+
|      |BlackBox name |Instances |
+------+--------------+----------+
|1     |design_2      |         1|
+------+--------------+----------+

Report Cell Usage: 
+------+--------+------+
|      |Cell    |Count |
+------+--------+------+
|1     |design  |     1|
|2     |BUFG    |     1|
|3     |CARRY8  |    55|
|4     |LUT1    |     9|
|5     |LUT2    |   126|
|6     |LUT3    |   111|
|7     |LUT4    |   672|
|8     |LUT5    |   691|
|9     |LUT6    |  1185|
|10    |MUXF7   |   144|
|11    |MUXF8   |    48|
|12    |RAM64M  |     8|
|13    |RAM64M8 |    56|
|14    |FDRE    |  2089|
|15    |FDSE    |     1|
|16    |IBUF    |     2|
|17    |OBUF    |    39|
+------+--------+------+
---------------------------------------------------------------------------------
Finished Writing Synthesis Report : Time (s): cpu = 00:00:27 ; elapsed = 00:00:26 . Memory (MB): peak = 3650.992 ; gain = 903.371 ; free physical = 8271 ; free virtual = 114177
---------------------------------------------------------------------------------
Synthesis finished with 0 errors, 0 critical warnings and 4 warnings.
Synthesis Optimization Runtime : Time (s): cpu = 00:00:19 ; elapsed = 00:00:20 . Memory (MB): peak = 3650.992 ; gain = 734.852 ; free physical = 8269 ; free virtual = 114175
Synthesis Optimization Complete : Time (s): cpu = 00:00:27 ; elapsed = 00:00:26 . Memory (MB): peak = 3650.992 ; gain = 903.371 ; free physical = 8269 ; free virtual = 114175
INFO: [Project 1-571] Translating synthesized netlist
Netlist sorting complete. Time (s): cpu = 00:00:00.04 ; elapsed = 00:00:00.04 . Memory (MB): peak = 3650.992 ; gain = 0.000 ; free physical = 8430 ; free virtual = 114336
INFO: [Netlist 29-17] Analyzing 314 Unisim elements for replacement
INFO: [Netlist 29-28] Unisim Transformation completed in 0 CPU seconds
INFO: [Project 1-570] Preparing netlist for logic optimization
INFO: [Opt 31-138] Pushed 0 inverter(s) to 0 load pin(s).
Netlist sorting complete. Time (s): cpu = 00:00:00 ; elapsed = 00:00:00 . Memory (MB): peak = 3650.992 ; gain = 0.000 ; free physical = 8456 ; free virtual = 114364
INFO: [Project 1-111] Unisim Transformation Summary:
  A total of 67 instances were transformed.
  BUFG => BUFGCE: 1 instance 
  IBUF => IBUF (IBUFCTRL, INBUF): 2 instances
  RAM64M => RAM64M (RAMD64E(x4)): 8 instances
  RAM64M8 => RAM64M8 (RAMD64E(x8)): 56 instances

Synth Design complete | Checksum: 93657e13
INFO: [Common 17-83] Releasing license: Synthesis
236 Infos, 146 Warnings, 0 Critical Warnings and 0 Errors encountered.
synth_design completed successfully
synth_design: Time (s): cpu = 00:00:34 ; elapsed = 00:00:32 . Memory (MB): peak = 3650.992 ; gain = 2017.371 ; free physical = 8456 ; free virtual = 114364
INFO: [Common 17-2834] synth_design peak Physical Memory [PSS] (MB): overall = 2768.224; main = 2768.224; forked = 269.421
INFO: [Common 17-2834] synth_design peak Virtual Memory [VSS] (MB): overall = 4104.812; main = 3633.191; forked = 917.262
Write ShapeDB Complete: Time (s): cpu = 00:00:00.01 ; elapsed = 00:00:00 . Memory (MB): peak = 3657.199 ; gain = 0.000 ; free physical = 8454 ; free virtual = 114362
INFO: [Common 17-1381] The checkpoint '/home/ishfisav/wally_1/wally_1.runs/synth_1/wallypipelinedsoc.dcp' has been generated.
INFO: [Vivado 12-24828] Executing command : report_utilization -file wallypipelinedsoc_utilization_synth.rpt -pb wallypipelinedsoc_utilization_synth.pb
INFO: [Common 17-206] Exiting Vivado at Sat Apr 12 00:06:14 2025...
