Copyright 1986-2022 Xilinx, Inc. All Rights Reserved. Copyright 2022-2025 Advanced Micro Devices, Inc. All Rights Reserved.
----------------------------------------------------------------------------------------------------------------------------------------------------------------------------------------------------------------------------------
| Tool Version      : Vivado v.2025.2 (lin64) Build 6299465 Fri Nov 14 12:34:56 MST 2025
| Date              : Tue Dec 16 14:53:46 2025
| Host              : thinkpad-p1-gen-5 running 64-bit Ubuntu 25.10
| Command           : report_timing_summary -max_paths 10 -report_unconstrained -file wallypipelinedsoc_timing_summary_routed.rpt -pb wallypipelinedsoc_timing_summary_routed.pb -rpx wallypipelinedsoc_timing_summary_routed.rpx
| Design            : wallypipelinedsoc
| Device            : xck26-sfvc784
| Speed File        : -2LV  PRODUCTION 1.30 05-15-2022
| Design State      : Routed
| Temperature Grade : C
----------------------------------------------------------------------------------------------------------------------------------------------------------------------------------------------------------------------------------

Timing Summary Report

------------------------------------------------------------------------------------------------
| Timer Settings
| --------------
------------------------------------------------------------------------------------------------

  Enable Multi Corner Analysis               :  Yes
  Enable Pessimism Removal                   :  Yes
  Pessimism Removal Resolution               :  Nearest Common Node
  Enable Input Delay Default Clock           :  No
  Enable Preset / Clear Arcs                 :  No
  Disable Flight Delays                      :  No
  Ignore I/O Paths                           :  No
  Timing Early Launch at Borrowing Latches   :  No
  Borrow Time for Max Delay Exceptions       :  Yes
  Merge Timing Exceptions                    :  Yes
  Inter-SLR Compensation                     :  Conservative

  Corner  Analyze    Analyze    
  Name    Max Paths  Min Paths  
  ------  ---------  ---------  
  Slow    Yes        Yes        
  Fast    Yes        Yes        


------------------------------------------------------------------------------------------------
| Report Methodology
| ------------------
------------------------------------------------------------------------------------------------

Rule       Severity          Description                                           Violations  
---------  ----------------  ----------------------------------------------------  ----------  
TIMING-17  Critical Warning  Non-clocked sequential cell                           900         
XDCC-4     Warning           User Clock constraint overwritten with the same name  1           

Note: This report is based on the most recent report_methodology run and may not be up-to-date. Run report_methodology on the current design for the latest report.



check_timing report

Table of Contents
-----------------
1. checking no_clock (900)
2. checking constant_clock (0)
3. checking pulse_width_clock (0)
4. checking unconstrained_internal_endpoints (1986)
5. checking no_input_delay (1)
6. checking no_output_delay (17)
7. checking multiple_clock (0)
8. checking generated_clocks (0)
9. checking loops (0)
10. checking partial_input_delay (0)
11. checking partial_output_delay (0)
12. checking latch_loops (0)

1. checking no_clock (900)
--------------------------
 There are 900 register/latch pins with no clock driven by root clock pin: clk (HIGH)


2. checking constant_clock (0)
------------------------------
 There are 0 register/latch pins with constant_clock.


3. checking pulse_width_clock (0)
---------------------------------
 There are 0 register/latch pins which need pulse_width check


4. checking unconstrained_internal_endpoints (1986)
---------------------------------------------------
 There are 1986 pins that are not constrained for maximum delay. (HIGH)

 There are 0 pins that are not constrained for maximum delay due to constant clock.


5. checking no_input_delay (1)
------------------------------
 There is 1 input port with no input delay specified. (HIGH)

 There are 0 input ports with no input delay but user has a false path constraint.


6. checking no_output_delay (17)
--------------------------------
 There are 16 ports with no output delay specified. (HIGH)

 There are 0 ports with no output delay but user has a false path constraint

 There is 1 port with no output delay but with a timing clock defined on it or propagating through it (LOW)


7. checking multiple_clock (0)
------------------------------
 There are 0 register/latch pins with multiple clocks.


8. checking generated_clocks (0)
--------------------------------
 There are 0 generated clocks that are not connected to a clock source.


9. checking loops (0)
---------------------
 There are 0 combinational loops in the design.


10. checking partial_input_delay (0)
------------------------------------
 There are 0 input ports with partial input delay specified.


11. checking partial_output_delay (0)
-------------------------------------
 There are 0 ports with partial output delay specified.


12. checking latch_loops (0)
----------------------------
 There are 0 combinational latch loops in the design through latch input



------------------------------------------------------------------------------------------------
| Design Timing Summary
| ---------------------
------------------------------------------------------------------------------------------------

    WNS(ns)      TNS(ns)  TNS Failing Endpoints  TNS Total Endpoints      WHS(ns)      THS(ns)  THS Failing Endpoints  THS Total Endpoints     WPWS(ns)     TPWS(ns)  TPWS Failing Endpoints  TPWS Total Endpoints  
    -------      -------  ---------------------  -------------------      -------      -------  ---------------------  -------------------     --------     --------  ----------------------  --------------------  
        inf        0.000                      0                 1756          inf        0.000                      0                 1756           NA           NA                      NA                    NA  


All user specified timing constraints are met.


------------------------------------------------------------------------------------------------
| Clock Summary
| -------------
------------------------------------------------------------------------------------------------

Clock    Waveform(ns)         Period(ns)      Frequency(MHz)
-----    ------------         ----------      --------------
clk300M  {0.000 1.665}        3.330           300.300         


------------------------------------------------------------------------------------------------
| Intra Clock Table
| -----------------
------------------------------------------------------------------------------------------------

Clock             WNS(ns)      TNS(ns)  TNS Failing Endpoints  TNS Total Endpoints      WHS(ns)      THS(ns)  THS Failing Endpoints  THS Total Endpoints     WPWS(ns)     TPWS(ns)  TPWS Failing Endpoints  TPWS Total Endpoints  
-----             -------      -------  ---------------------  -------------------      -------      -------  ---------------------  -------------------     --------     --------  ----------------------  --------------------  


------------------------------------------------------------------------------------------------
| Inter Clock Table
| -----------------
------------------------------------------------------------------------------------------------

From Clock    To Clock          WNS(ns)      TNS(ns)  TNS Failing Endpoints  TNS Total Endpoints      WHS(ns)      THS(ns)  THS Failing Endpoints  THS Total Endpoints  
----------    --------          -------      -------  ---------------------  -------------------      -------      -------  ---------------------  -------------------  


------------------------------------------------------------------------------------------------
| Other Path Groups Table
| -----------------------
------------------------------------------------------------------------------------------------

Path Group    From Clock    To Clock          WNS(ns)      TNS(ns)  TNS Failing Endpoints  TNS Total Endpoints      WHS(ns)      THS(ns)  THS Failing Endpoints  THS Total Endpoints  
----------    ----------    --------          -------      -------  ---------------------  -------------------      -------      -------  ---------------------  -------------------  


------------------------------------------------------------------------------------------------
| User Ignored Path Table
| -----------------------
------------------------------------------------------------------------------------------------

Path Group    From Clock    To Clock    
----------    ----------    --------    


------------------------------------------------------------------------------------------------
| Unconstrained Path Table
| ------------------------
------------------------------------------------------------------------------------------------

Path Group    From Clock    To Clock    
----------    ----------    --------    
(none)                                    


------------------------------------------------------------------------------------------------
| Timing Details
| --------------
------------------------------------------------------------------------------------------------


--------------------------------------------------------------------------------------
Path Group:  (none)
From Clock:  
  To Clock:  

Max Delay          1756 Endpoints
Min Delay          1756 Endpoints
--------------------------------------------------------------------------------------


Max Delay Paths
--------------------------------------------------------------------------------------
Slack:                    inf
  Source:                 core/lsu/hptw.hptw/WalkerStateReg/q_reg[2]/C
                            (rising edge-triggered cell FDRE)
  Destination:            HBURST[2]
                            (output port)
  Path Group:             (none)
  Path Type:              Max at Slow Process Corner
  Data Path Delay:        16.671ns  (logic 4.115ns (24.681%)  route 12.556ns (75.319%))
  Logic Levels:           22  (FDRE=1 LUT2=1 LUT3=2 LUT4=4 LUT5=3 LUT6=10 OBUF=1)

    Location             Delay type                Incr(ns)  Path(ns)    Netlist Resource(s)
  -------------------------------------------------------------------    -------------------
    SLICE_X26Y224        FDRE                         0.000     0.000 r  core/lsu/hptw.hptw/WalkerStateReg/q_reg[2]/C
    SLICE_X26Y224        FDRE (Prop_DFF_SLICEL_C_Q)
                                                      0.114     0.114 f  core/lsu/hptw.hptw/WalkerStateReg/q_reg[2]/Q
                         net (fo=35, routed)          0.647     0.761    core/lsu/hptw.hptw/WalkerStateReg/q_reg[2]_9
    SLICE_X25Y227        LUT3 (Prop_A6LUT_SLICEM_I1_O)
                                                      0.226     0.987 f  core/lsu/hptw.hptw/WalkerStateReg/q[3]_i_3__11/O
                         net (fo=57, routed)          1.490     2.477    core/lsu/hptw.hptw/WalkerStateReg/q_reg[3]_2
    SLICE_X23Y225        LUT2 (Prop_E6LUT_SLICEL_I0_O)
                                                      0.223     2.700 r  core/lsu/hptw.hptw/WalkerStateReg/q[0]_i_1__84/O
                         net (fo=65, routed)          2.021     4.722    core/lsu/hptw.hptw/WalkerStateReg/IHAdrM[0]
    SLICE_X20Y202        LUT6 (Prop_B6LUT_SLICEM_I0_O)
                                                      0.188     4.910 r  core/lsu/hptw.hptw/WalkerStateReg/q[1]_i_3__5/O
                         net (fo=2, routed)           0.106     5.016    core/lsu/dmmu.dmmu/tlb.tlb/tlbcam/camlines[1]/pagetypeflop/Match01__4_29
    SLICE_X19Y202        LUT4 (Prop_B6LUT_SLICEL_I2_O)
                                                      0.083     5.099 f  core/lsu/dmmu.dmmu/tlb.tlb/tlbcam/camlines[1]/pagetypeflop/q[39]_i_27/O
                         net (fo=1, routed)           0.105     5.204    core/lsu/dmmu.dmmu/tlb.tlb/tlbcam/camlines[2]/pagetypeflop/q[5]_i_223
    SLICE_X19Y202        LUT6 (Prop_D6LUT_SLICEL_I3_O)
                                                      0.152     5.356 r  core/lsu/dmmu.dmmu/tlb.tlb/tlbcam/camlines[2]/pagetypeflop/q[12]_i_81/O
                         net (fo=1, routed)           0.297     5.653    core/lsu/dmmu.dmmu/tlb.tlb/tlbcam/camlines[8]/pagetypeflop/q[12]_i_8__0_0
    SLICE_X17Y203        LUT6 (Prop_G6LUT_SLICEM_I4_O)
                                                      0.057     5.710 r  core/lsu/dmmu.dmmu/tlb.tlb/tlbcam/camlines[8]/pagetypeflop/q[12]_i_37/O
                         net (fo=1, routed)           0.191     5.901    core/lsu/dmmu.dmmu/tlb.tlb/tlbcam/camlines[23]/pagetypeflop/q[0]_i_27__0_2
    SLICE_X17Y197        LUT6 (Prop_H6LUT_SLICEM_I4_O)
                                                      0.189     6.090 r  core/lsu/dmmu.dmmu/tlb.tlb/tlbcam/camlines[23]/pagetypeflop/q[12]_i_8__0/O
                         net (fo=1, routed)           0.221     6.311    core/lsu/dmmu.dmmu/tlb.tlb/tlbcam/camlines[11]/pagetypeflop/HitPageType[0]
    SLICE_X17Y198        LUT4 (Prop_H6LUT_SLICEM_I3_O)
                                                      0.228     6.539 r  core/lsu/dmmu.dmmu/tlb.tlb/tlbcam/camlines[11]/pagetypeflop/q[12]_i_2__2/O
                         net (fo=4, routed)           1.412     7.951    core/lsu/dmmu.dmmu/tlb.tlb/tlbcam/camlines[10]/pagetypeflop/PageNumberMask[0]
    SLICE_X22Y220        LUT4 (Prop_F6LUT_SLICEL_I2_O)
                                                      0.056     8.007 r  core/lsu/dmmu.dmmu/tlb.tlb/tlbcam/camlines[10]/pagetypeflop/q[5]_i_5__3_LOPT_REMAP_43/O
                         net (fo=1, routed)           0.414     8.421    core/lsu/dmmu.dmmu/tlb.tlb/tlbcam/camlines[10]/pagetypeflop/xlnx_opt_q_reg[1]_0_5
    SLICE_X22Y229        LUT6 (Prop_D6LUT_SLICEL_I1_O)
                                                      0.221     8.642 r  core/lsu/dmmu.dmmu/tlb.tlb/tlbcam/camlines[10]/pagetypeflop/q[5]_i_5__3_LOPT_REMAP_48/O
                         net (fo=1, routed)           0.770     9.412    core/lsu/dmmu.dmmu/tlb.tlb/tlbcam/camlines[10]/pagetypeflop/xlnx_opt_q_reg[1]_0
    SLICE_X25Y228        LUT6 (Prop_F6LUT_SLICEM_I5_O)
                                                      0.186     9.598 f  core/lsu/dmmu.dmmu/tlb.tlb/tlbcam/camlines[10]/pagetypeflop/q[5]_i_5__3_LOPT_REMAP_49/O
                         net (fo=2, routed)           0.240     9.838    core/lsu/dmmu.dmmu/tlb.tlb/tlbcam/camlines[21]/pagetypeflop/q_reg[5]
    SLICE_X26Y223        LUT5 (Prop_G6LUT_SLICEL_I4_O)
                                                      0.137     9.975 r  core/lsu/dmmu.dmmu/tlb.tlb/tlbcam/camlines[21]/pagetypeflop/q[5]_i_2__3_LOPT_REMAP/O
                         net (fo=8, routed)           0.075    10.050    core/ifu/InstrMReg/lopt
    SLICE_X26Y223        LUT6 (Prop_B6LUT_SLICEL_I0_O)
                                                      0.188    10.238 r  core/ifu/InstrMReg/FSM_sequential_CurrState_i_3__0_LOPT_REMAP/O
                         net (fo=1, routed)           0.146    10.384    core/ifu/InstrMReg/xlnx_opt_q_reg[17]_2_4
    SLICE_X26Y222        LUT6 (Prop_B6LUT_SLICEL_I2_O)
                                                      0.058    10.442 r  core/ifu/InstrMReg/FSM_sequential_CurrState_i_3__0_LOPT_REMAP_4/O
                         net (fo=1, routed)           0.176    10.618    core/ifu/InstrMReg/xlnx_opt_q_reg[17]_2
    SLICE_X26Y217        LUT3 (Prop_H6LUT_SLICEL_I2_O)
                                                      0.153    10.771 r  core/ifu/InstrMReg/FSM_sequential_CurrState_i_3__0_LOPT_REMAP_5/O
                         net (fo=81, routed)          0.662    11.433    core/lsu/dmmu.dmmu/tlb.tlb/tlbcam/camlines[21]/pagetypeflop/FlushW
    SLICE_X27Y220        LUT5 (Prop_H6LUT_SLICEL_I4_O)
                                                      0.188    11.621 r  core/lsu/dmmu.dmmu/tlb.tlb/tlbcam/camlines[21]/pagetypeflop/FSM_sequential_CurrState[1]_i_1/O
                         net (fo=12, routed)          0.579    12.200    core/lsu/bus.dcache.ahbcacheinterface/AHBBuscachefsm/BeatCountDelayedReg/IgnoreRequest
    SLICE_X28Y224        LUT6 (Prop_H6LUT_SLICEM_I3_O)
                                                      0.228    12.428 f  core/lsu/bus.dcache.ahbcacheinterface/AHBBuscachefsm/BeatCountDelayedReg/HWRITE_OBUF_inst_i_8/O
                         net (fo=2, routed)           0.254    12.682    core/lsu/bus.dcache.ahbcacheinterface/AHBBuscachefsm/BeatCountReg/q_reg[68]_0
    SLICE_X27Y224        LUT5 (Prop_B5LUT_SLICEL_I4_O)
                                                      0.097    12.779 f  core/lsu/bus.dcache.ahbcacheinterface/AHBBuscachefsm/BeatCountReg/HWRITE_OBUF_inst_i_4/O
                         net (fo=10, routed)          0.374    13.153    core/lsu/bus.dcache.ahbcacheinterface/AHBBuscachefsm/BeatCountReg/q_reg[2]_1
    SLICE_X27Y215        LUT4 (Prop_B6LUT_SLICEL_I0_O)
                                                      0.083    13.236 r  core/lsu/bus.dcache.ahbcacheinterface/AHBBuscachefsm/BeatCountReg/HBURST_OBUF[2]_inst_i_4/O
                         net (fo=1, routed)           0.055    13.291    core/ebu.ebu/IFUInput/SaveReg/q_reg[3]
    SLICE_X27Y215        LUT6 (Prop_H6LUT_SLICEL_I2_O)
                                                      0.153    13.444 r  core/ebu.ebu/IFUInput/SaveReg/HBURST_OBUF[2]_inst_i_2/O
                         net (fo=4, routed)           2.320    15.764    HBURST_OBUF[0]
    C4                   OBUF (Prop_OUTBUF_HPIOB_S_I_O)
                                                      0.907    16.671 r  HBURST_OBUF[2]_inst/O
                         net (fo=0)                   0.000    16.671    HBURST[2]
    C4                                                                r  HBURST[2] (OUT)
  -------------------------------------------------------------------    -------------------

Slack:                    inf
  Source:                 core/lsu/hptw.hptw/WalkerStateReg/q_reg[2]/C
                            (rising edge-triggered cell FDRE)
  Destination:            HBURST[0]
                            (output port)
  Path Group:             (none)
  Path Type:              Max at Slow Process Corner
  Data Path Delay:        16.664ns  (logic 4.142ns (24.859%)  route 12.521ns (75.141%))
  Logic Levels:           22  (FDRE=1 LUT2=1 LUT3=2 LUT4=4 LUT5=3 LUT6=10 OBUF=1)

    Location             Delay type                Incr(ns)  Path(ns)    Netlist Resource(s)
  -------------------------------------------------------------------    -------------------
    SLICE_X26Y224        FDRE                         0.000     0.000 r  core/lsu/hptw.hptw/WalkerStateReg/q_reg[2]/C
    SLICE_X26Y224        FDRE (Prop_DFF_SLICEL_C_Q)
                                                      0.114     0.114 f  core/lsu/hptw.hptw/WalkerStateReg/q_reg[2]/Q
                         net (fo=35, routed)          0.647     0.761    core/lsu/hptw.hptw/WalkerStateReg/q_reg[2]_9
    SLICE_X25Y227        LUT3 (Prop_A6LUT_SLICEM_I1_O)
                                                      0.226     0.987 f  core/lsu/hptw.hptw/WalkerStateReg/q[3]_i_3__11/O
                         net (fo=57, routed)          1.490     2.477    core/lsu/hptw.hptw/WalkerStateReg/q_reg[3]_2
    SLICE_X23Y225        LUT2 (Prop_E6LUT_SLICEL_I0_O)
                                                      0.223     2.700 r  core/lsu/hptw.hptw/WalkerStateReg/q[0]_i_1__84/O
                         net (fo=65, routed)          2.021     4.722    core/lsu/hptw.hptw/WalkerStateReg/IHAdrM[0]
    SLICE_X20Y202        LUT6 (Prop_B6LUT_SLICEM_I0_O)
                                                      0.188     4.910 r  core/lsu/hptw.hptw/WalkerStateReg/q[1]_i_3__5/O
                         net (fo=2, routed)           0.106     5.016    core/lsu/dmmu.dmmu/tlb.tlb/tlbcam/camlines[1]/pagetypeflop/Match01__4_29
    SLICE_X19Y202        LUT4 (Prop_B6LUT_SLICEL_I2_O)
                                                      0.083     5.099 f  core/lsu/dmmu.dmmu/tlb.tlb/tlbcam/camlines[1]/pagetypeflop/q[39]_i_27/O
                         net (fo=1, routed)           0.105     5.204    core/lsu/dmmu.dmmu/tlb.tlb/tlbcam/camlines[2]/pagetypeflop/q[5]_i_223
    SLICE_X19Y202        LUT6 (Prop_D6LUT_SLICEL_I3_O)
                                                      0.152     5.356 r  core/lsu/dmmu.dmmu/tlb.tlb/tlbcam/camlines[2]/pagetypeflop/q[12]_i_81/O
                         net (fo=1, routed)           0.297     5.653    core/lsu/dmmu.dmmu/tlb.tlb/tlbcam/camlines[8]/pagetypeflop/q[12]_i_8__0_0
    SLICE_X17Y203        LUT6 (Prop_G6LUT_SLICEM_I4_O)
                                                      0.057     5.710 r  core/lsu/dmmu.dmmu/tlb.tlb/tlbcam/camlines[8]/pagetypeflop/q[12]_i_37/O
                         net (fo=1, routed)           0.191     5.901    core/lsu/dmmu.dmmu/tlb.tlb/tlbcam/camlines[23]/pagetypeflop/q[0]_i_27__0_2
    SLICE_X17Y197        LUT6 (Prop_H6LUT_SLICEM_I4_O)
                                                      0.189     6.090 r  core/lsu/dmmu.dmmu/tlb.tlb/tlbcam/camlines[23]/pagetypeflop/q[12]_i_8__0/O
                         net (fo=1, routed)           0.221     6.311    core/lsu/dmmu.dmmu/tlb.tlb/tlbcam/camlines[11]/pagetypeflop/HitPageType[0]
    SLICE_X17Y198        LUT4 (Prop_H6LUT_SLICEM_I3_O)
                                                      0.228     6.539 r  core/lsu/dmmu.dmmu/tlb.tlb/tlbcam/camlines[11]/pagetypeflop/q[12]_i_2__2/O
                         net (fo=4, routed)           1.412     7.951    core/lsu/dmmu.dmmu/tlb.tlb/tlbcam/camlines[10]/pagetypeflop/PageNumberMask[0]
    SLICE_X22Y220        LUT4 (Prop_F6LUT_SLICEL_I2_O)
                                                      0.056     8.007 r  core/lsu/dmmu.dmmu/tlb.tlb/tlbcam/camlines[10]/pagetypeflop/q[5]_i_5__3_LOPT_REMAP_43/O
                         net (fo=1, routed)           0.414     8.421    core/lsu/dmmu.dmmu/tlb.tlb/tlbcam/camlines[10]/pagetypeflop/xlnx_opt_q_reg[1]_0_5
    SLICE_X22Y229        LUT6 (Prop_D6LUT_SLICEL_I1_O)
                                                      0.221     8.642 r  core/lsu/dmmu.dmmu/tlb.tlb/tlbcam/camlines[10]/pagetypeflop/q[5]_i_5__3_LOPT_REMAP_48/O
                         net (fo=1, routed)           0.770     9.412    core/lsu/dmmu.dmmu/tlb.tlb/tlbcam/camlines[10]/pagetypeflop/xlnx_opt_q_reg[1]_0
    SLICE_X25Y228        LUT6 (Prop_F6LUT_SLICEM_I5_O)
                                                      0.186     9.598 f  core/lsu/dmmu.dmmu/tlb.tlb/tlbcam/camlines[10]/pagetypeflop/q[5]_i_5__3_LOPT_REMAP_49/O
                         net (fo=2, routed)           0.240     9.838    core/lsu/dmmu.dmmu/tlb.tlb/tlbcam/camlines[21]/pagetypeflop/q_reg[5]
    SLICE_X26Y223        LUT5 (Prop_G6LUT_SLICEL_I4_O)
                                                      0.137     9.975 r  core/lsu/dmmu.dmmu/tlb.tlb/tlbcam/camlines[21]/pagetypeflop/q[5]_i_2__3_LOPT_REMAP/O
                         net (fo=8, routed)           0.075    10.050    core/ifu/InstrMReg/lopt
    SLICE_X26Y223        LUT6 (Prop_B6LUT_SLICEL_I0_O)
                                                      0.188    10.238 r  core/ifu/InstrMReg/FSM_sequential_CurrState_i_3__0_LOPT_REMAP/O
                         net (fo=1, routed)           0.146    10.384    core/ifu/InstrMReg/xlnx_opt_q_reg[17]_2_4
    SLICE_X26Y222        LUT6 (Prop_B6LUT_SLICEL_I2_O)
                                                      0.058    10.442 r  core/ifu/InstrMReg/FSM_sequential_CurrState_i_3__0_LOPT_REMAP_4/O
                         net (fo=1, routed)           0.176    10.618    core/ifu/InstrMReg/xlnx_opt_q_reg[17]_2
    SLICE_X26Y217        LUT3 (Prop_H6LUT_SLICEL_I2_O)
                                                      0.153    10.771 r  core/ifu/InstrMReg/FSM_sequential_CurrState_i_3__0_LOPT_REMAP_5/O
                         net (fo=81, routed)          0.662    11.433    core/lsu/dmmu.dmmu/tlb.tlb/tlbcam/camlines[21]/pagetypeflop/FlushW
    SLICE_X27Y220        LUT5 (Prop_H6LUT_SLICEL_I4_O)
                                                      0.188    11.621 r  core/lsu/dmmu.dmmu/tlb.tlb/tlbcam/camlines[21]/pagetypeflop/FSM_sequential_CurrState[1]_i_1/O
                         net (fo=12, routed)          0.579    12.200    core/lsu/bus.dcache.ahbcacheinterface/AHBBuscachefsm/BeatCountDelayedReg/IgnoreRequest
    SLICE_X28Y224        LUT6 (Prop_H6LUT_SLICEM_I3_O)
                                                      0.228    12.428 f  core/lsu/bus.dcache.ahbcacheinterface/AHBBuscachefsm/BeatCountDelayedReg/HWRITE_OBUF_inst_i_8/O
                         net (fo=2, routed)           0.254    12.682    core/lsu/bus.dcache.ahbcacheinterface/AHBBuscachefsm/BeatCountReg/q_reg[68]_0
    SLICE_X27Y224        LUT5 (Prop_B5LUT_SLICEL_I4_O)
                                                      0.097    12.779 f  core/lsu/bus.dcache.ahbcacheinterface/AHBBuscachefsm/BeatCountReg/HWRITE_OBUF_inst_i_4/O
                         net (fo=10, routed)          0.374    13.153    core/lsu/bus.dcache.ahbcacheinterface/AHBBuscachefsm/BeatCountReg/q_reg[2]_1
    SLICE_X27Y215        LUT4 (Prop_B6LUT_SLICEL_I0_O)
                                                      0.083    13.236 r  core/lsu/bus.dcache.ahbcacheinterface/AHBBuscachefsm/BeatCountReg/HBURST_OBUF[2]_inst_i_4/O
                         net (fo=1, routed)           0.055    13.291    core/ebu.ebu/IFUInput/SaveReg/q_reg[3]
    SLICE_X27Y215        LUT6 (Prop_H6LUT_SLICEL_I2_O)
                                                      0.153    13.444 r  core/ebu.ebu/IFUInput/SaveReg/HBURST_OBUF[2]_inst_i_2/O
                         net (fo=4, routed)           2.285    15.729    HBURST_OBUF[0]
    B4                   OBUF (Prop_OUTBUF_HPIOB_M_I_O)
                                                      0.934    16.664 r  HBURST_OBUF[0]_inst/O
                         net (fo=0)                   0.000    16.664    HBURST[0]
    B4                                                                r  HBURST[0] (OUT)
  -------------------------------------------------------------------    -------------------

Slack:                    inf
  Source:                 core/lsu/hptw.hptw/WalkerStateReg/q_reg[2]/C
                            (rising edge-triggered cell FDRE)
  Destination:            core/ifu/pcreg/q_reg[47]/CE
  Path Group:             (none)
  Path Type:              Max at Slow Process Corner
  Data Path Delay:        16.088ns  (logic 3.128ns (19.443%)  route 12.960ns (80.557%))
  Logic Levels:           20  (FDRE=1 LUT2=2 LUT3=2 LUT4=5 LUT5=4 LUT6=6)

    Location             Delay type                Incr(ns)  Path(ns)    Netlist Resource(s)
  -------------------------------------------------------------------    -------------------
    SLICE_X26Y224        FDRE                         0.000     0.000 r  core/lsu/hptw.hptw/WalkerStateReg/q_reg[2]/C
    SLICE_X26Y224        FDRE (Prop_DFF_SLICEL_C_Q)
                                                      0.114     0.114 f  core/lsu/hptw.hptw/WalkerStateReg/q_reg[2]/Q
                         net (fo=35, routed)          0.647     0.761    core/lsu/hptw.hptw/WalkerStateReg/q_reg[2]_9
    SLICE_X25Y227        LUT3 (Prop_A6LUT_SLICEM_I1_O)
                                                      0.226     0.987 f  core/lsu/hptw.hptw/WalkerStateReg/q[3]_i_3__11/O
                         net (fo=57, routed)          1.490     2.477    core/lsu/hptw.hptw/WalkerStateReg/q_reg[3]_2
    SLICE_X23Y225        LUT2 (Prop_E6LUT_SLICEL_I0_O)
                                                      0.223     2.700 r  core/lsu/hptw.hptw/WalkerStateReg/q[0]_i_1__84/O
                         net (fo=65, routed)          2.021     4.722    core/lsu/hptw.hptw/WalkerStateReg/IHAdrM[0]
    SLICE_X20Y202        LUT6 (Prop_B6LUT_SLICEM_I0_O)
                                                      0.188     4.910 f  core/lsu/hptw.hptw/WalkerStateReg/q[1]_i_3__5/O
                         net (fo=2, routed)           0.106     5.016    core/lsu/dmmu.dmmu/tlb.tlb/tlbcam/camlines[1]/pagetypeflop/Match01__4_29
    SLICE_X19Y202        LUT4 (Prop_B6LUT_SLICEL_I2_O)
                                                      0.083     5.099 r  core/lsu/dmmu.dmmu/tlb.tlb/tlbcam/camlines[1]/pagetypeflop/q[39]_i_27/O
                         net (fo=1, routed)           0.105     5.204    core/lsu/dmmu.dmmu/tlb.tlb/tlbcam/camlines[2]/pagetypeflop/q[5]_i_223
    SLICE_X19Y202        LUT6 (Prop_D6LUT_SLICEL_I3_O)
                                                      0.152     5.356 f  core/lsu/dmmu.dmmu/tlb.tlb/tlbcam/camlines[2]/pagetypeflop/q[12]_i_81/O
                         net (fo=1, routed)           0.297     5.653    core/lsu/dmmu.dmmu/tlb.tlb/tlbcam/camlines[8]/pagetypeflop/q[12]_i_8__0_0
    SLICE_X17Y203        LUT6 (Prop_G6LUT_SLICEM_I4_O)
                                                      0.057     5.710 f  core/lsu/dmmu.dmmu/tlb.tlb/tlbcam/camlines[8]/pagetypeflop/q[12]_i_37/O
                         net (fo=1, routed)           0.191     5.901    core/lsu/dmmu.dmmu/tlb.tlb/tlbcam/camlines[23]/pagetypeflop/q[0]_i_27__0_2
    SLICE_X17Y197        LUT6 (Prop_H6LUT_SLICEM_I4_O)
                                                      0.189     6.090 f  core/lsu/dmmu.dmmu/tlb.tlb/tlbcam/camlines[23]/pagetypeflop/q[12]_i_8__0/O
                         net (fo=1, routed)           0.221     6.311    core/lsu/dmmu.dmmu/tlb.tlb/tlbcam/camlines[11]/pagetypeflop/HitPageType[0]
    SLICE_X17Y198        LUT4 (Prop_H6LUT_SLICEM_I3_O)
                                                      0.228     6.539 f  core/lsu/dmmu.dmmu/tlb.tlb/tlbcam/camlines[11]/pagetypeflop/q[12]_i_2__2/O
                         net (fo=4, routed)           1.412     7.951    core/lsu/dmmu.dmmu/tlb.tlb/tlbcam/camlines[10]/pagetypeflop/PageNumberMask[0]
    SLICE_X22Y220        LUT4 (Prop_F6LUT_SLICEL_I2_O)
                                                      0.056     8.007 f  core/lsu/dmmu.dmmu/tlb.tlb/tlbcam/camlines[10]/pagetypeflop/q[5]_i_5__3_LOPT_REMAP_43/O
                         net (fo=1, routed)           0.414     8.421    core/lsu/dmmu.dmmu/tlb.tlb/tlbcam/camlines[10]/pagetypeflop/xlnx_opt_q_reg[1]_0_5
    SLICE_X22Y229        LUT6 (Prop_D6LUT_SLICEL_I1_O)
                                                      0.221     8.642 f  core/lsu/dmmu.dmmu/tlb.tlb/tlbcam/camlines[10]/pagetypeflop/q[5]_i_5__3_LOPT_REMAP_48/O
                         net (fo=1, routed)           0.770     9.412    core/lsu/dmmu.dmmu/tlb.tlb/tlbcam/camlines[10]/pagetypeflop/xlnx_opt_q_reg[1]_0
    SLICE_X25Y228        LUT6 (Prop_F6LUT_SLICEM_I5_O)
                                                      0.186     9.598 r  core/lsu/dmmu.dmmu/tlb.tlb/tlbcam/camlines[10]/pagetypeflop/q[5]_i_5__3_LOPT_REMAP_49/O
                         net (fo=2, routed)           0.240     9.838    core/lsu/dmmu.dmmu/tlb.tlb/tlbcam/camlines[21]/pagetypeflop/q_reg[5]
    SLICE_X26Y223        LUT5 (Prop_G6LUT_SLICEL_I4_O)
                                                      0.137     9.975 f  core/lsu/dmmu.dmmu/tlb.tlb/tlbcam/camlines[21]/pagetypeflop/q[5]_i_2__3_LOPT_REMAP/O
                         net (fo=8, routed)           0.076    10.051    core/lsu/dmmu.dmmu/tlb.tlb/tlbcam/camlines[21]/pagetypeflop/q_reg[2]
    SLICE_X26Y223        LUT2 (Prop_C5LUT_SLICEL_I0_O)
                                                      0.190    10.241 r  core/lsu/dmmu.dmmu/tlb.tlb/tlbcam/camlines[21]/pagetypeflop/FSM_sequential_CurrState[1]_i_3__0/O
                         net (fo=4, routed)           0.419    10.660    core/lsu/dmmu.dmmu/tlb.tlb/tlbcam/camlines[21]/pagetypeflop/q_reg[61]_0
    SLICE_X27Y220        LUT4 (Prop_D5LUT_SLICEL_I3_O)
                                                      0.133    10.793 f  core/lsu/dmmu.dmmu/tlb.tlb/tlbcam/camlines[21]/pagetypeflop/q[63]_i_8__1/O
                         net (fo=1, routed)           0.209    11.002    core/lsu/bus.dcache.dcache/cachefsm/IgnoreRequestTLB
    SLICE_X27Y224        LUT4 (Prop_F6LUT_SLICEL_I2_O)
                                                      0.187    11.189 r  core/lsu/bus.dcache.dcache/cachefsm/q[63]_i_3__0/O
                         net (fo=3, routed)           0.273    11.462    core/lsu/hptw.hptw/WalkerStateReg/p_0_in
    SLICE_X26Y224        LUT5 (Prop_E6LUT_SLICEL_I0_O)
                                                      0.187    11.649 r  core/lsu/hptw.hptw/WalkerStateReg/FSM_sequential_CurrState_i_3/O
                         net (fo=3, routed)           0.230    11.879    core/ieu/c/controlregM/p_1_in
    SLICE_X26Y224        LUT5 (Prop_F6LUT_SLICEL_I4_O)
                                                      0.224    12.103 f  core/ieu/c/controlregM/FSM_sequential_CurrState_i_2__0_LOPT_REMAP/O
                         net (fo=4, routed)           0.165    12.268    core/lsu/ziccslm_align.align/p_2_in
    SLICE_X26Y225        LUT3 (Prop_C5LUT_SLICEL_I0_O)
                                                      0.091    12.359 f  core/lsu/ziccslm_align.align/sramIP_i_82/O
                         net (fo=1, routed)           0.334    12.693    core/ifu/bus.icache.ahbcacheinterface/AHBBuscachefsm/BeatCountDelayedReg/LSUStallM
    SLICE_X24Y214        LUT5 (Prop_D6LUT_SLICEM_I2_O)
                                                      0.056    12.749 r  core/ifu/bus.icache.ahbcacheinterface/AHBBuscachefsm/BeatCountDelayedReg/sramIP_i_50/O
                         net (fo=288, routed)         3.339    16.088    core/ifu/pcreg/E[0]
    SLICE_X21Y230        FDRE                                         r  core/ifu/pcreg/q_reg[47]/CE
  -------------------------------------------------------------------    -------------------

Slack:                    inf
  Source:                 core/lsu/hptw.hptw/WalkerStateReg/q_reg[2]/C
                            (rising edge-triggered cell FDRE)
  Destination:            HWRITE
                            (output port)
  Path Group:             (none)
  Path Type:              Max at Slow Process Corner
  Data Path Delay:        15.720ns  (logic 3.976ns (25.296%)  route 11.743ns (74.704%))
  Logic Levels:           21  (FDRE=1 LUT2=1 LUT3=2 LUT4=3 LUT5=4 LUT6=9 OBUF=1)

    Location             Delay type                Incr(ns)  Path(ns)    Netlist Resource(s)
  -------------------------------------------------------------------    -------------------
    SLICE_X26Y224        FDRE                         0.000     0.000 r  core/lsu/hptw.hptw/WalkerStateReg/q_reg[2]/C
    SLICE_X26Y224        FDRE (Prop_DFF_SLICEL_C_Q)
                                                      0.114     0.114 f  core/lsu/hptw.hptw/WalkerStateReg/q_reg[2]/Q
                         net (fo=35, routed)          0.647     0.761    core/lsu/hptw.hptw/WalkerStateReg/q_reg[2]_9
    SLICE_X25Y227        LUT3 (Prop_A6LUT_SLICEM_I1_O)
                                                      0.226     0.987 f  core/lsu/hptw.hptw/WalkerStateReg/q[3]_i_3__11/O
                         net (fo=57, routed)          1.490     2.477    core/lsu/hptw.hptw/WalkerStateReg/q_reg[3]_2
    SLICE_X23Y225        LUT2 (Prop_E6LUT_SLICEL_I0_O)
                                                      0.223     2.700 r  core/lsu/hptw.hptw/WalkerStateReg/q[0]_i_1__84/O
                         net (fo=65, routed)          2.021     4.722    core/lsu/hptw.hptw/WalkerStateReg/IHAdrM[0]
    SLICE_X20Y202        LUT6 (Prop_B6LUT_SLICEM_I0_O)
                                                      0.188     4.910 f  core/lsu/hptw.hptw/WalkerStateReg/q[1]_i_3__5/O
                         net (fo=2, routed)           0.106     5.016    core/lsu/dmmu.dmmu/tlb.tlb/tlbcam/camlines[1]/pagetypeflop/Match01__4_29
    SLICE_X19Y202        LUT4 (Prop_B6LUT_SLICEL_I2_O)
                                                      0.083     5.099 r  core/lsu/dmmu.dmmu/tlb.tlb/tlbcam/camlines[1]/pagetypeflop/q[39]_i_27/O
                         net (fo=1, routed)           0.105     5.204    core/lsu/dmmu.dmmu/tlb.tlb/tlbcam/camlines[2]/pagetypeflop/q[5]_i_223
    SLICE_X19Y202        LUT6 (Prop_D6LUT_SLICEL_I3_O)
                                                      0.152     5.356 f  core/lsu/dmmu.dmmu/tlb.tlb/tlbcam/camlines[2]/pagetypeflop/q[12]_i_81/O
                         net (fo=1, routed)           0.297     5.653    core/lsu/dmmu.dmmu/tlb.tlb/tlbcam/camlines[8]/pagetypeflop/q[12]_i_8__0_0
    SLICE_X17Y203        LUT6 (Prop_G6LUT_SLICEM_I4_O)
                                                      0.057     5.710 f  core/lsu/dmmu.dmmu/tlb.tlb/tlbcam/camlines[8]/pagetypeflop/q[12]_i_37/O
                         net (fo=1, routed)           0.191     5.901    core/lsu/dmmu.dmmu/tlb.tlb/tlbcam/camlines[23]/pagetypeflop/q[0]_i_27__0_2
    SLICE_X17Y197        LUT6 (Prop_H6LUT_SLICEM_I4_O)
                                                      0.189     6.090 f  core/lsu/dmmu.dmmu/tlb.tlb/tlbcam/camlines[23]/pagetypeflop/q[12]_i_8__0/O
                         net (fo=1, routed)           0.221     6.311    core/lsu/dmmu.dmmu/tlb.tlb/tlbcam/camlines[11]/pagetypeflop/HitPageType[0]
    SLICE_X17Y198        LUT4 (Prop_H6LUT_SLICEM_I3_O)
                                                      0.228     6.539 f  core/lsu/dmmu.dmmu/tlb.tlb/tlbcam/camlines[11]/pagetypeflop/q[12]_i_2__2/O
                         net (fo=4, routed)           1.412     7.951    core/lsu/dmmu.dmmu/tlb.tlb/tlbcam/camlines[10]/pagetypeflop/PageNumberMask[0]
    SLICE_X22Y220        LUT4 (Prop_F6LUT_SLICEL_I2_O)
                                                      0.056     8.007 f  core/lsu/dmmu.dmmu/tlb.tlb/tlbcam/camlines[10]/pagetypeflop/q[5]_i_5__3_LOPT_REMAP_43/O
                         net (fo=1, routed)           0.414     8.421    core/lsu/dmmu.dmmu/tlb.tlb/tlbcam/camlines[10]/pagetypeflop/xlnx_opt_q_reg[1]_0_5
    SLICE_X22Y229        LUT6 (Prop_D6LUT_SLICEL_I1_O)
                                                      0.221     8.642 f  core/lsu/dmmu.dmmu/tlb.tlb/tlbcam/camlines[10]/pagetypeflop/q[5]_i_5__3_LOPT_REMAP_48/O
                         net (fo=1, routed)           0.770     9.412    core/lsu/dmmu.dmmu/tlb.tlb/tlbcam/camlines[10]/pagetypeflop/xlnx_opt_q_reg[1]_0
    SLICE_X25Y228        LUT6 (Prop_F6LUT_SLICEM_I5_O)
                                                      0.186     9.598 r  core/lsu/dmmu.dmmu/tlb.tlb/tlbcam/camlines[10]/pagetypeflop/q[5]_i_5__3_LOPT_REMAP_49/O
                         net (fo=2, routed)           0.240     9.838    core/lsu/dmmu.dmmu/tlb.tlb/tlbcam/camlines[21]/pagetypeflop/q_reg[5]
    SLICE_X26Y223        LUT5 (Prop_G6LUT_SLICEL_I4_O)
                                                      0.137     9.975 f  core/lsu/dmmu.dmmu/tlb.tlb/tlbcam/camlines[21]/pagetypeflop/q[5]_i_2__3_LOPT_REMAP/O
                         net (fo=8, routed)           0.075    10.050    core/ifu/InstrMReg/lopt
    SLICE_X26Y223        LUT6 (Prop_B6LUT_SLICEL_I0_O)
                                                      0.188    10.238 f  core/ifu/InstrMReg/FSM_sequential_CurrState_i_3__0_LOPT_REMAP/O
                         net (fo=1, routed)           0.146    10.384    core/ifu/InstrMReg/xlnx_opt_q_reg[17]_2_4
    SLICE_X26Y222        LUT6 (Prop_B6LUT_SLICEL_I2_O)
                                                      0.058    10.442 f  core/ifu/InstrMReg/FSM_sequential_CurrState_i_3__0_LOPT_REMAP_4/O
                         net (fo=1, routed)           0.176    10.618    core/ifu/InstrMReg/xlnx_opt_q_reg[17]_2
    SLICE_X26Y217        LUT3 (Prop_H6LUT_SLICEL_I2_O)
                                                      0.153    10.771 f  core/ifu/InstrMReg/FSM_sequential_CurrState_i_3__0_LOPT_REMAP_5/O
                         net (fo=81, routed)          0.662    11.433    core/lsu/dmmu.dmmu/tlb.tlb/tlbcam/camlines[21]/pagetypeflop/FlushW
    SLICE_X27Y220        LUT5 (Prop_H6LUT_SLICEL_I4_O)
                                                      0.188    11.621 f  core/lsu/dmmu.dmmu/tlb.tlb/tlbcam/camlines[21]/pagetypeflop/FSM_sequential_CurrState[1]_i_1/O
                         net (fo=12, routed)          0.579    12.200    core/lsu/bus.dcache.ahbcacheinterface/AHBBuscachefsm/BeatCountDelayedReg/IgnoreRequest
    SLICE_X28Y224        LUT6 (Prop_H6LUT_SLICEM_I3_O)
                                                      0.228    12.428 r  core/lsu/bus.dcache.ahbcacheinterface/AHBBuscachefsm/BeatCountDelayedReg/HWRITE_OBUF_inst_i_8/O
                         net (fo=2, routed)           0.254    12.682    core/lsu/bus.dcache.ahbcacheinterface/AHBBuscachefsm/BeatCountReg/q_reg[68]_0
    SLICE_X27Y224        LUT5 (Prop_B5LUT_SLICEL_I4_O)
                                                      0.097    12.779 r  core/lsu/bus.dcache.ahbcacheinterface/AHBBuscachefsm/BeatCountReg/HWRITE_OBUF_inst_i_4/O
                         net (fo=10, routed)          0.374    13.153    core/lsu/bus.dcache.ahbcacheinterface/AHBBuscachefsm/BeatCountReg/q_reg[2]_1
    SLICE_X27Y215        LUT5 (Prop_B5LUT_SLICEL_I4_O)
                                                      0.097    13.250 r  core/lsu/bus.dcache.ahbcacheinterface/AHBBuscachefsm/BeatCountReg/HWRITE_OBUF_inst_i_1/O
                         net (fo=1, routed)           1.562    14.812    HWRITE_OBUF
    F2                   OBUF (Prop_OUTBUF_HPIOB_M_I_O)
                                                      0.907    15.720 r  HWRITE_OBUF_inst/O
                         net (fo=0)                   0.000    15.720    HWRITE
    F2                                                                r  HWRITE (OUT)
  -------------------------------------------------------------------    -------------------

Slack:                    inf
  Source:                 core/lsu/hptw.hptw/WalkerStateReg/q_reg[2]/C
                            (rising edge-triggered cell FDRE)
  Destination:            HSIZE[1]
                            (output port)
  Path Group:             (none)
  Path Type:              Max at Slow Process Corner
  Data Path Delay:        15.675ns  (logic 4.016ns (25.617%)  route 11.660ns (74.383%))
  Logic Levels:           21  (FDRE=1 LUT2=1 LUT3=2 LUT4=3 LUT5=3 LUT6=10 OBUF=1)

    Location             Delay type                Incr(ns)  Path(ns)    Netlist Resource(s)
  -------------------------------------------------------------------    -------------------
    SLICE_X26Y224        FDRE                         0.000     0.000 r  core/lsu/hptw.hptw/WalkerStateReg/q_reg[2]/C
    SLICE_X26Y224        FDRE (Prop_DFF_SLICEL_C_Q)
                                                      0.114     0.114 f  core/lsu/hptw.hptw/WalkerStateReg/q_reg[2]/Q
                         net (fo=35, routed)          0.647     0.761    core/lsu/hptw.hptw/WalkerStateReg/q_reg[2]_9
    SLICE_X25Y227        LUT3 (Prop_A6LUT_SLICEM_I1_O)
                                                      0.226     0.987 f  core/lsu/hptw.hptw/WalkerStateReg/q[3]_i_3__11/O
                         net (fo=57, routed)          1.490     2.477    core/lsu/hptw.hptw/WalkerStateReg/q_reg[3]_2
    SLICE_X23Y225        LUT2 (Prop_E6LUT_SLICEL_I0_O)
                                                      0.223     2.700 r  core/lsu/hptw.hptw/WalkerStateReg/q[0]_i_1__84/O
                         net (fo=65, routed)          2.021     4.722    core/lsu/hptw.hptw/WalkerStateReg/IHAdrM[0]
    SLICE_X20Y202        LUT6 (Prop_B6LUT_SLICEM_I0_O)
                                                      0.188     4.910 r  core/lsu/hptw.hptw/WalkerStateReg/q[1]_i_3__5/O
                         net (fo=2, routed)           0.106     5.016    core/lsu/dmmu.dmmu/tlb.tlb/tlbcam/camlines[1]/pagetypeflop/Match01__4_29
    SLICE_X19Y202        LUT4 (Prop_B6LUT_SLICEL_I2_O)
                                                      0.083     5.099 f  core/lsu/dmmu.dmmu/tlb.tlb/tlbcam/camlines[1]/pagetypeflop/q[39]_i_27/O
                         net (fo=1, routed)           0.105     5.204    core/lsu/dmmu.dmmu/tlb.tlb/tlbcam/camlines[2]/pagetypeflop/q[5]_i_223
    SLICE_X19Y202        LUT6 (Prop_D6LUT_SLICEL_I3_O)
                                                      0.152     5.356 r  core/lsu/dmmu.dmmu/tlb.tlb/tlbcam/camlines[2]/pagetypeflop/q[12]_i_81/O
                         net (fo=1, routed)           0.297     5.653    core/lsu/dmmu.dmmu/tlb.tlb/tlbcam/camlines[8]/pagetypeflop/q[12]_i_8__0_0
    SLICE_X17Y203        LUT6 (Prop_G6LUT_SLICEM_I4_O)
                                                      0.057     5.710 r  core/lsu/dmmu.dmmu/tlb.tlb/tlbcam/camlines[8]/pagetypeflop/q[12]_i_37/O
                         net (fo=1, routed)           0.191     5.901    core/lsu/dmmu.dmmu/tlb.tlb/tlbcam/camlines[23]/pagetypeflop/q[0]_i_27__0_2
    SLICE_X17Y197        LUT6 (Prop_H6LUT_SLICEM_I4_O)
                                                      0.189     6.090 r  core/lsu/dmmu.dmmu/tlb.tlb/tlbcam/camlines[23]/pagetypeflop/q[12]_i_8__0/O
                         net (fo=1, routed)           0.221     6.311    core/lsu/dmmu.dmmu/tlb.tlb/tlbcam/camlines[11]/pagetypeflop/HitPageType[0]
    SLICE_X17Y198        LUT4 (Prop_H6LUT_SLICEM_I3_O)
                                                      0.228     6.539 r  core/lsu/dmmu.dmmu/tlb.tlb/tlbcam/camlines[11]/pagetypeflop/q[12]_i_2__2/O
                         net (fo=4, routed)           1.412     7.951    core/lsu/dmmu.dmmu/tlb.tlb/tlbcam/camlines[10]/pagetypeflop/PageNumberMask[0]
    SLICE_X22Y220        LUT4 (Prop_F6LUT_SLICEL_I2_O)
                                                      0.056     8.007 r  core/lsu/dmmu.dmmu/tlb.tlb/tlbcam/camlines[10]/pagetypeflop/q[5]_i_5__3_LOPT_REMAP_43/O
                         net (fo=1, routed)           0.414     8.421    core/lsu/dmmu.dmmu/tlb.tlb/tlbcam/camlines[10]/pagetypeflop/xlnx_opt_q_reg[1]_0_5
    SLICE_X22Y229        LUT6 (Prop_D6LUT_SLICEL_I1_O)
                                                      0.221     8.642 r  core/lsu/dmmu.dmmu/tlb.tlb/tlbcam/camlines[10]/pagetypeflop/q[5]_i_5__3_LOPT_REMAP_48/O
                         net (fo=1, routed)           0.770     9.412    core/lsu/dmmu.dmmu/tlb.tlb/tlbcam/camlines[10]/pagetypeflop/xlnx_opt_q_reg[1]_0
    SLICE_X25Y228        LUT6 (Prop_F6LUT_SLICEM_I5_O)
                                                      0.186     9.598 f  core/lsu/dmmu.dmmu/tlb.tlb/tlbcam/camlines[10]/pagetypeflop/q[5]_i_5__3_LOPT_REMAP_49/O
                         net (fo=2, routed)           0.240     9.838    core/lsu/dmmu.dmmu/tlb.tlb/tlbcam/camlines[21]/pagetypeflop/q_reg[5]
    SLICE_X26Y223        LUT5 (Prop_G6LUT_SLICEL_I4_O)
                                                      0.137     9.975 r  core/lsu/dmmu.dmmu/tlb.tlb/tlbcam/camlines[21]/pagetypeflop/q[5]_i_2__3_LOPT_REMAP/O
                         net (fo=8, routed)           0.075    10.050    core/ifu/InstrMReg/lopt
    SLICE_X26Y223        LUT6 (Prop_B6LUT_SLICEL_I0_O)
                                                      0.188    10.238 r  core/ifu/InstrMReg/FSM_sequential_CurrState_i_3__0_LOPT_REMAP/O
                         net (fo=1, routed)           0.146    10.384    core/ifu/InstrMReg/xlnx_opt_q_reg[17]_2_4
    SLICE_X26Y222        LUT6 (Prop_B6LUT_SLICEL_I2_O)
                                                      0.058    10.442 r  core/ifu/InstrMReg/FSM_sequential_CurrState_i_3__0_LOPT_REMAP_4/O
                         net (fo=1, routed)           0.176    10.618    core/ifu/InstrMReg/xlnx_opt_q_reg[17]_2
    SLICE_X26Y217        LUT3 (Prop_H6LUT_SLICEL_I2_O)
                                                      0.153    10.771 r  core/ifu/InstrMReg/FSM_sequential_CurrState_i_3__0_LOPT_REMAP_5/O
                         net (fo=81, routed)          0.662    11.433    core/lsu/dmmu.dmmu/tlb.tlb/tlbcam/camlines[21]/pagetypeflop/FlushW
    SLICE_X27Y220        LUT5 (Prop_H6LUT_SLICEL_I4_O)
                                                      0.188    11.621 r  core/lsu/dmmu.dmmu/tlb.tlb/tlbcam/camlines[21]/pagetypeflop/FSM_sequential_CurrState[1]_i_1/O
                         net (fo=12, routed)          0.579    12.200    core/lsu/bus.dcache.ahbcacheinterface/AHBBuscachefsm/BeatCountDelayedReg/IgnoreRequest
    SLICE_X28Y224        LUT6 (Prop_H6LUT_SLICEM_I3_O)
                                                      0.228    12.428 f  core/lsu/bus.dcache.ahbcacheinterface/AHBBuscachefsm/BeatCountDelayedReg/HWRITE_OBUF_inst_i_8/O
                         net (fo=2, routed)           0.254    12.682    core/lsu/bus.dcache.ahbcacheinterface/AHBBuscachefsm/BeatCountReg/q_reg[68]_0
    SLICE_X27Y224        LUT5 (Prop_B6LUT_SLICEL_I4_O)
                                                      0.083    12.765 r  core/lsu/bus.dcache.ahbcacheinterface/AHBBuscachefsm/BeatCountReg/HWRITE_OBUF_inst_i_3/O
                         net (fo=10, routed)          0.454    13.219    core/ebu.ebu/ebufsmarb/FinalBeatReg/LSUHTRANS[0]
    SLICE_X28Y214        LUT6 (Prop_H6LUT_SLICEM_I2_O)
                                                      0.138    13.357 r  core/ebu.ebu/ebufsmarb/FinalBeatReg/HSIZE_OBUF[1]_inst_i_1/O
                         net (fo=1, routed)           1.399    14.756    HSIZE_OBUF[1]
    A3                   OBUF (Prop_OUTBUF_HPIOB_S_I_O)
                                                      0.920    15.675 r  HSIZE_OBUF[1]_inst/O
                         net (fo=0)                   0.000    15.675    HSIZE[1]
    A3                                                                r  HSIZE[1] (OUT)
  -------------------------------------------------------------------    -------------------

Slack:                    inf
  Source:                 core/lsu/hptw.hptw/WalkerStateReg/q_reg[2]/C
                            (rising edge-triggered cell FDRE)
  Destination:            HSIZE[0]
                            (output port)
  Path Group:             (none)
  Path Type:              Max at Slow Process Corner
  Data Path Delay:        15.637ns  (logic 3.947ns (25.239%)  route 11.691ns (74.761%))
  Logic Levels:           21  (FDRE=1 LUT2=1 LUT3=2 LUT4=3 LUT5=4 LUT6=9 OBUF=1)

    Location             Delay type                Incr(ns)  Path(ns)    Netlist Resource(s)
  -------------------------------------------------------------------    -------------------
    SLICE_X26Y224        FDRE                         0.000     0.000 r  core/lsu/hptw.hptw/WalkerStateReg/q_reg[2]/C
    SLICE_X26Y224        FDRE (Prop_DFF_SLICEL_C_Q)
                                                      0.114     0.114 f  core/lsu/hptw.hptw/WalkerStateReg/q_reg[2]/Q
                         net (fo=35, routed)          0.647     0.761    core/lsu/hptw.hptw/WalkerStateReg/q_reg[2]_9
    SLICE_X25Y227        LUT3 (Prop_A6LUT_SLICEM_I1_O)
                                                      0.226     0.987 f  core/lsu/hptw.hptw/WalkerStateReg/q[3]_i_3__11/O
                         net (fo=57, routed)          1.490     2.477    core/lsu/hptw.hptw/WalkerStateReg/q_reg[3]_2
    SLICE_X23Y225        LUT2 (Prop_E6LUT_SLICEL_I0_O)
                                                      0.223     2.700 r  core/lsu/hptw.hptw/WalkerStateReg/q[0]_i_1__84/O
                         net (fo=65, routed)          2.021     4.722    core/lsu/hptw.hptw/WalkerStateReg/IHAdrM[0]
    SLICE_X20Y202        LUT6 (Prop_B6LUT_SLICEM_I0_O)
                                                      0.188     4.910 f  core/lsu/hptw.hptw/WalkerStateReg/q[1]_i_3__5/O
                         net (fo=2, routed)           0.106     5.016    core/lsu/dmmu.dmmu/tlb.tlb/tlbcam/camlines[1]/pagetypeflop/Match01__4_29
    SLICE_X19Y202        LUT4 (Prop_B6LUT_SLICEL_I2_O)
                                                      0.083     5.099 r  core/lsu/dmmu.dmmu/tlb.tlb/tlbcam/camlines[1]/pagetypeflop/q[39]_i_27/O
                         net (fo=1, routed)           0.105     5.204    core/lsu/dmmu.dmmu/tlb.tlb/tlbcam/camlines[2]/pagetypeflop/q[5]_i_223
    SLICE_X19Y202        LUT6 (Prop_D6LUT_SLICEL_I3_O)
                                                      0.152     5.356 f  core/lsu/dmmu.dmmu/tlb.tlb/tlbcam/camlines[2]/pagetypeflop/q[12]_i_81/O
                         net (fo=1, routed)           0.297     5.653    core/lsu/dmmu.dmmu/tlb.tlb/tlbcam/camlines[8]/pagetypeflop/q[12]_i_8__0_0
    SLICE_X17Y203        LUT6 (Prop_G6LUT_SLICEM_I4_O)
                                                      0.057     5.710 f  core/lsu/dmmu.dmmu/tlb.tlb/tlbcam/camlines[8]/pagetypeflop/q[12]_i_37/O
                         net (fo=1, routed)           0.191     5.901    core/lsu/dmmu.dmmu/tlb.tlb/tlbcam/camlines[23]/pagetypeflop/q[0]_i_27__0_2
    SLICE_X17Y197        LUT6 (Prop_H6LUT_SLICEM_I4_O)
                                                      0.189     6.090 f  core/lsu/dmmu.dmmu/tlb.tlb/tlbcam/camlines[23]/pagetypeflop/q[12]_i_8__0/O
                         net (fo=1, routed)           0.221     6.311    core/lsu/dmmu.dmmu/tlb.tlb/tlbcam/camlines[11]/pagetypeflop/HitPageType[0]
    SLICE_X17Y198        LUT4 (Prop_H6LUT_SLICEM_I3_O)
                                                      0.228     6.539 f  core/lsu/dmmu.dmmu/tlb.tlb/tlbcam/camlines[11]/pagetypeflop/q[12]_i_2__2/O
                         net (fo=4, routed)           1.412     7.951    core/lsu/dmmu.dmmu/tlb.tlb/tlbcam/camlines[10]/pagetypeflop/PageNumberMask[0]
    SLICE_X22Y220        LUT4 (Prop_F6LUT_SLICEL_I2_O)
                                                      0.056     8.007 f  core/lsu/dmmu.dmmu/tlb.tlb/tlbcam/camlines[10]/pagetypeflop/q[5]_i_5__3_LOPT_REMAP_43/O
                         net (fo=1, routed)           0.414     8.421    core/lsu/dmmu.dmmu/tlb.tlb/tlbcam/camlines[10]/pagetypeflop/xlnx_opt_q_reg[1]_0_5
    SLICE_X22Y229        LUT6 (Prop_D6LUT_SLICEL_I1_O)
                                                      0.221     8.642 f  core/lsu/dmmu.dmmu/tlb.tlb/tlbcam/camlines[10]/pagetypeflop/q[5]_i_5__3_LOPT_REMAP_48/O
                         net (fo=1, routed)           0.770     9.412    core/lsu/dmmu.dmmu/tlb.tlb/tlbcam/camlines[10]/pagetypeflop/xlnx_opt_q_reg[1]_0
    SLICE_X25Y228        LUT6 (Prop_F6LUT_SLICEM_I5_O)
                                                      0.186     9.598 r  core/lsu/dmmu.dmmu/tlb.tlb/tlbcam/camlines[10]/pagetypeflop/q[5]_i_5__3_LOPT_REMAP_49/O
                         net (fo=2, routed)           0.240     9.838    core/lsu/dmmu.dmmu/tlb.tlb/tlbcam/camlines[21]/pagetypeflop/q_reg[5]
    SLICE_X26Y223        LUT5 (Prop_G6LUT_SLICEL_I4_O)
                                                      0.137     9.975 f  core/lsu/dmmu.dmmu/tlb.tlb/tlbcam/camlines[21]/pagetypeflop/q[5]_i_2__3_LOPT_REMAP/O
                         net (fo=8, routed)           0.075    10.050    core/ifu/InstrMReg/lopt
    SLICE_X26Y223        LUT6 (Prop_B6LUT_SLICEL_I0_O)
                                                      0.188    10.238 f  core/ifu/InstrMReg/FSM_sequential_CurrState_i_3__0_LOPT_REMAP/O
                         net (fo=1, routed)           0.146    10.384    core/ifu/InstrMReg/xlnx_opt_q_reg[17]_2_4
    SLICE_X26Y222        LUT6 (Prop_B6LUT_SLICEL_I2_O)
                                                      0.058    10.442 f  core/ifu/InstrMReg/FSM_sequential_CurrState_i_3__0_LOPT_REMAP_4/O
                         net (fo=1, routed)           0.176    10.618    core/ifu/InstrMReg/xlnx_opt_q_reg[17]_2
    SLICE_X26Y217        LUT3 (Prop_H6LUT_SLICEL_I2_O)
                                                      0.153    10.771 f  core/ifu/InstrMReg/FSM_sequential_CurrState_i_3__0_LOPT_REMAP_5/O
                         net (fo=81, routed)          0.662    11.433    core/lsu/dmmu.dmmu/tlb.tlb/tlbcam/camlines[21]/pagetypeflop/FlushW
    SLICE_X27Y220        LUT5 (Prop_H6LUT_SLICEL_I4_O)
                                                      0.188    11.621 f  core/lsu/dmmu.dmmu/tlb.tlb/tlbcam/camlines[21]/pagetypeflop/FSM_sequential_CurrState[1]_i_1/O
                         net (fo=12, routed)          0.579    12.200    core/lsu/bus.dcache.ahbcacheinterface/AHBBuscachefsm/BeatCountDelayedReg/IgnoreRequest
    SLICE_X28Y224        LUT6 (Prop_H6LUT_SLICEM_I3_O)
                                                      0.228    12.428 r  core/lsu/bus.dcache.ahbcacheinterface/AHBBuscachefsm/BeatCountDelayedReg/HWRITE_OBUF_inst_i_8/O
                         net (fo=2, routed)           0.254    12.682    core/lsu/bus.dcache.ahbcacheinterface/AHBBuscachefsm/BeatCountReg/q_reg[68]_0
    SLICE_X27Y224        LUT5 (Prop_B5LUT_SLICEL_I4_O)
                                                      0.097    12.779 r  core/lsu/bus.dcache.ahbcacheinterface/AHBBuscachefsm/BeatCountReg/HWRITE_OBUF_inst_i_4/O
                         net (fo=10, routed)          0.416    13.196    core/ebu.ebu/ebufsmarb/busreg/LSUHTRANS[1]
    SLICE_X27Y214        LUT5 (Prop_A6LUT_SLICEL_I4_O)
                                                      0.058    13.254 r  core/ebu.ebu/ebufsmarb/busreg/HSIZE_OBUF[0]_inst_i_1/O
                         net (fo=1, routed)           1.467    14.721    HSIZE_OBUF[0]
    B3                   OBUF (Prop_OUTBUF_HPIOB_M_I_O)
                                                      0.917    15.637 r  HSIZE_OBUF[0]_inst/O
                         net (fo=0)                   0.000    15.637    HSIZE[0]
    B3                                                                r  HSIZE[0] (OUT)
  -------------------------------------------------------------------    -------------------

Slack:                    inf
  Source:                 core/lsu/hptw.hptw/WalkerStateReg/q_reg[2]/C
                            (rising edge-triggered cell FDRE)
  Destination:            HPROT[0]
                            (output port)
  Path Group:             (none)
  Path Type:              Max at Slow Process Corner
  Data Path Delay:        15.620ns  (logic 4.090ns (26.183%)  route 11.530ns (73.817%))
  Logic Levels:           21  (FDRE=1 LUT2=1 LUT3=2 LUT4=4 LUT5=3 LUT6=9 OBUF=1)

    Location             Delay type                Incr(ns)  Path(ns)    Netlist Resource(s)
  -------------------------------------------------------------------    -------------------
    SLICE_X26Y224        FDRE                         0.000     0.000 r  core/lsu/hptw.hptw/WalkerStateReg/q_reg[2]/C
    SLICE_X26Y224        FDRE (Prop_DFF_SLICEL_C_Q)
                                                      0.114     0.114 f  core/lsu/hptw.hptw/WalkerStateReg/q_reg[2]/Q
                         net (fo=35, routed)          0.647     0.761    core/lsu/hptw.hptw/WalkerStateReg/q_reg[2]_9
    SLICE_X25Y227        LUT3 (Prop_A6LUT_SLICEM_I1_O)
                                                      0.226     0.987 f  core/lsu/hptw.hptw/WalkerStateReg/q[3]_i_3__11/O
                         net (fo=57, routed)          1.490     2.477    core/lsu/hptw.hptw/WalkerStateReg/q_reg[3]_2
    SLICE_X23Y225        LUT2 (Prop_E6LUT_SLICEL_I0_O)
                                                      0.223     2.700 r  core/lsu/hptw.hptw/WalkerStateReg/q[0]_i_1__84/O
                         net (fo=65, routed)          2.021     4.722    core/lsu/hptw.hptw/WalkerStateReg/IHAdrM[0]
    SLICE_X20Y202        LUT6 (Prop_B6LUT_SLICEM_I0_O)
                                                      0.188     4.910 r  core/lsu/hptw.hptw/WalkerStateReg/q[1]_i_3__5/O
                         net (fo=2, routed)           0.106     5.016    core/lsu/dmmu.dmmu/tlb.tlb/tlbcam/camlines[1]/pagetypeflop/Match01__4_29
    SLICE_X19Y202        LUT4 (Prop_B6LUT_SLICEL_I2_O)
                                                      0.083     5.099 f  core/lsu/dmmu.dmmu/tlb.tlb/tlbcam/camlines[1]/pagetypeflop/q[39]_i_27/O
                         net (fo=1, routed)           0.105     5.204    core/lsu/dmmu.dmmu/tlb.tlb/tlbcam/camlines[2]/pagetypeflop/q[5]_i_223
    SLICE_X19Y202        LUT6 (Prop_D6LUT_SLICEL_I3_O)
                                                      0.152     5.356 r  core/lsu/dmmu.dmmu/tlb.tlb/tlbcam/camlines[2]/pagetypeflop/q[12]_i_81/O
                         net (fo=1, routed)           0.297     5.653    core/lsu/dmmu.dmmu/tlb.tlb/tlbcam/camlines[8]/pagetypeflop/q[12]_i_8__0_0
    SLICE_X17Y203        LUT6 (Prop_G6LUT_SLICEM_I4_O)
                                                      0.057     5.710 r  core/lsu/dmmu.dmmu/tlb.tlb/tlbcam/camlines[8]/pagetypeflop/q[12]_i_37/O
                         net (fo=1, routed)           0.191     5.901    core/lsu/dmmu.dmmu/tlb.tlb/tlbcam/camlines[23]/pagetypeflop/q[0]_i_27__0_2
    SLICE_X17Y197        LUT6 (Prop_H6LUT_SLICEM_I4_O)
                                                      0.189     6.090 r  core/lsu/dmmu.dmmu/tlb.tlb/tlbcam/camlines[23]/pagetypeflop/q[12]_i_8__0/O
                         net (fo=1, routed)           0.221     6.311    core/lsu/dmmu.dmmu/tlb.tlb/tlbcam/camlines[11]/pagetypeflop/HitPageType[0]
    SLICE_X17Y198        LUT4 (Prop_H6LUT_SLICEM_I3_O)
                                                      0.228     6.539 r  core/lsu/dmmu.dmmu/tlb.tlb/tlbcam/camlines[11]/pagetypeflop/q[12]_i_2__2/O
                         net (fo=4, routed)           1.412     7.951    core/lsu/dmmu.dmmu/tlb.tlb/tlbcam/camlines[10]/pagetypeflop/PageNumberMask[0]
    SLICE_X22Y220        LUT4 (Prop_F6LUT_SLICEL_I2_O)
                                                      0.056     8.007 r  core/lsu/dmmu.dmmu/tlb.tlb/tlbcam/camlines[10]/pagetypeflop/q[5]_i_5__3_LOPT_REMAP_43/O
                         net (fo=1, routed)           0.414     8.421    core/lsu/dmmu.dmmu/tlb.tlb/tlbcam/camlines[10]/pagetypeflop/xlnx_opt_q_reg[1]_0_5
    SLICE_X22Y229        LUT6 (Prop_D6LUT_SLICEL_I1_O)
                                                      0.221     8.642 r  core/lsu/dmmu.dmmu/tlb.tlb/tlbcam/camlines[10]/pagetypeflop/q[5]_i_5__3_LOPT_REMAP_48/O
                         net (fo=1, routed)           0.770     9.412    core/lsu/dmmu.dmmu/tlb.tlb/tlbcam/camlines[10]/pagetypeflop/xlnx_opt_q_reg[1]_0
    SLICE_X25Y228        LUT6 (Prop_F6LUT_SLICEM_I5_O)
                                                      0.186     9.598 f  core/lsu/dmmu.dmmu/tlb.tlb/tlbcam/camlines[10]/pagetypeflop/q[5]_i_5__3_LOPT_REMAP_49/O
                         net (fo=2, routed)           0.240     9.838    core/lsu/dmmu.dmmu/tlb.tlb/tlbcam/camlines[21]/pagetypeflop/q_reg[5]
    SLICE_X26Y223        LUT5 (Prop_G6LUT_SLICEL_I4_O)
                                                      0.137     9.975 r  core/lsu/dmmu.dmmu/tlb.tlb/tlbcam/camlines[21]/pagetypeflop/q[5]_i_2__3_LOPT_REMAP/O
                         net (fo=8, routed)           0.075    10.050    core/ifu/InstrMReg/lopt
    SLICE_X26Y223        LUT6 (Prop_B6LUT_SLICEL_I0_O)
                                                      0.188    10.238 r  core/ifu/InstrMReg/FSM_sequential_CurrState_i_3__0_LOPT_REMAP/O
                         net (fo=1, routed)           0.146    10.384    core/ifu/InstrMReg/xlnx_opt_q_reg[17]_2_4
    SLICE_X26Y222        LUT6 (Prop_B6LUT_SLICEL_I2_O)
                                                      0.058    10.442 r  core/ifu/InstrMReg/FSM_sequential_CurrState_i_3__0_LOPT_REMAP_4/O
                         net (fo=1, routed)           0.176    10.618    core/ifu/InstrMReg/xlnx_opt_q_reg[17]_2
    SLICE_X26Y217        LUT3 (Prop_H6LUT_SLICEL_I2_O)
                                                      0.153    10.771 r  core/ifu/InstrMReg/FSM_sequential_CurrState_i_3__0_LOPT_REMAP_5/O
                         net (fo=81, routed)          0.662    11.433    core/lsu/dmmu.dmmu/tlb.tlb/tlbcam/camlines[21]/pagetypeflop/FlushW
    SLICE_X27Y220        LUT5 (Prop_H6LUT_SLICEL_I4_O)
                                                      0.188    11.621 r  core/lsu/dmmu.dmmu/tlb.tlb/tlbcam/camlines[21]/pagetypeflop/FSM_sequential_CurrState[1]_i_1/O
                         net (fo=12, routed)          0.579    12.200    core/lsu/bus.dcache.ahbcacheinterface/AHBBuscachefsm/BeatCountDelayedReg/IgnoreRequest
    SLICE_X28Y224        LUT6 (Prop_H6LUT_SLICEM_I3_O)
                                                      0.228    12.428 f  core/lsu/bus.dcache.ahbcacheinterface/AHBBuscachefsm/BeatCountDelayedReg/HWRITE_OBUF_inst_i_8/O
                         net (fo=2, routed)           0.254    12.682    core/lsu/bus.dcache.ahbcacheinterface/AHBBuscachefsm/BeatCountReg/q_reg[68]_0
    SLICE_X27Y224        LUT5 (Prop_B6LUT_SLICEL_I4_O)
                                                      0.083    12.765 r  core/lsu/bus.dcache.ahbcacheinterface/AHBBuscachefsm/BeatCountReg/HWRITE_OBUF_inst_i_3/O
                         net (fo=10, routed)          0.405    13.170    core/ebu.ebu/ebufsmarb/busreg/LSUHTRANS[0]
    SLICE_X28Y214        LUT4 (Prop_D5LUT_SLICEM_I2_O)
                                                      0.220    13.390 r  core/ebu.ebu/ebufsmarb/busreg/HPROT_OBUF[0]_inst_i_1/O
                         net (fo=1, routed)           1.318    14.708    HPROT_OBUF[0]
    D7                   OBUF (Prop_OUTBUF_HPIOB_M_I_O)
                                                      0.912    15.620 r  HPROT_OBUF[0]_inst/O
                         net (fo=0)                   0.000    15.620    HPROT[0]
    D7                                                                r  HPROT[0] (OUT)
  -------------------------------------------------------------------    -------------------

Slack:                    inf
  Source:                 core/lsu/hptw.hptw/WalkerStateReg/q_reg[2]/C
                            (rising edge-triggered cell FDRE)
  Destination:            HTRANS[0]
                            (output port)
  Path Group:             (none)
  Path Type:              Max at Slow Process Corner
  Data Path Delay:        15.614ns  (logic 4.037ns (25.857%)  route 11.577ns (74.143%))
  Logic Levels:           21  (FDRE=1 LUT2=1 LUT3=2 LUT4=3 LUT5=3 LUT6=10 OBUF=1)

    Location             Delay type                Incr(ns)  Path(ns)    Netlist Resource(s)
  -------------------------------------------------------------------    -------------------
    SLICE_X26Y224        FDRE                         0.000     0.000 r  core/lsu/hptw.hptw/WalkerStateReg/q_reg[2]/C
    SLICE_X26Y224        FDRE (Prop_DFF_SLICEL_C_Q)
                                                      0.114     0.114 f  core/lsu/hptw.hptw/WalkerStateReg/q_reg[2]/Q
                         net (fo=35, routed)          0.647     0.761    core/lsu/hptw.hptw/WalkerStateReg/q_reg[2]_9
    SLICE_X25Y227        LUT3 (Prop_A6LUT_SLICEM_I1_O)
                                                      0.226     0.987 f  core/lsu/hptw.hptw/WalkerStateReg/q[3]_i_3__11/O
                         net (fo=57, routed)          1.490     2.477    core/lsu/hptw.hptw/WalkerStateReg/q_reg[3]_2
    SLICE_X23Y225        LUT2 (Prop_E6LUT_SLICEL_I0_O)
                                                      0.223     2.700 r  core/lsu/hptw.hptw/WalkerStateReg/q[0]_i_1__84/O
                         net (fo=65, routed)          2.021     4.722    core/lsu/hptw.hptw/WalkerStateReg/IHAdrM[0]
    SLICE_X20Y202        LUT6 (Prop_B6LUT_SLICEM_I0_O)
                                                      0.188     4.910 r  core/lsu/hptw.hptw/WalkerStateReg/q[1]_i_3__5/O
                         net (fo=2, routed)           0.106     5.016    core/lsu/dmmu.dmmu/tlb.tlb/tlbcam/camlines[1]/pagetypeflop/Match01__4_29
    SLICE_X19Y202        LUT4 (Prop_B6LUT_SLICEL_I2_O)
                                                      0.083     5.099 f  core/lsu/dmmu.dmmu/tlb.tlb/tlbcam/camlines[1]/pagetypeflop/q[39]_i_27/O
                         net (fo=1, routed)           0.105     5.204    core/lsu/dmmu.dmmu/tlb.tlb/tlbcam/camlines[2]/pagetypeflop/q[5]_i_223
    SLICE_X19Y202        LUT6 (Prop_D6LUT_SLICEL_I3_O)
                                                      0.152     5.356 r  core/lsu/dmmu.dmmu/tlb.tlb/tlbcam/camlines[2]/pagetypeflop/q[12]_i_81/O
                         net (fo=1, routed)           0.297     5.653    core/lsu/dmmu.dmmu/tlb.tlb/tlbcam/camlines[8]/pagetypeflop/q[12]_i_8__0_0
    SLICE_X17Y203        LUT6 (Prop_G6LUT_SLICEM_I4_O)
                                                      0.057     5.710 r  core/lsu/dmmu.dmmu/tlb.tlb/tlbcam/camlines[8]/pagetypeflop/q[12]_i_37/O
                         net (fo=1, routed)           0.191     5.901    core/lsu/dmmu.dmmu/tlb.tlb/tlbcam/camlines[23]/pagetypeflop/q[0]_i_27__0_2
    SLICE_X17Y197        LUT6 (Prop_H6LUT_SLICEM_I4_O)
                                                      0.189     6.090 r  core/lsu/dmmu.dmmu/tlb.tlb/tlbcam/camlines[23]/pagetypeflop/q[12]_i_8__0/O
                         net (fo=1, routed)           0.221     6.311    core/lsu/dmmu.dmmu/tlb.tlb/tlbcam/camlines[11]/pagetypeflop/HitPageType[0]
    SLICE_X17Y198        LUT4 (Prop_H6LUT_SLICEM_I3_O)
                                                      0.228     6.539 r  core/lsu/dmmu.dmmu/tlb.tlb/tlbcam/camlines[11]/pagetypeflop/q[12]_i_2__2/O
                         net (fo=4, routed)           1.412     7.951    core/lsu/dmmu.dmmu/tlb.tlb/tlbcam/camlines[10]/pagetypeflop/PageNumberMask[0]
    SLICE_X22Y220        LUT4 (Prop_F6LUT_SLICEL_I2_O)
                                                      0.056     8.007 r  core/lsu/dmmu.dmmu/tlb.tlb/tlbcam/camlines[10]/pagetypeflop/q[5]_i_5__3_LOPT_REMAP_43/O
                         net (fo=1, routed)           0.414     8.421    core/lsu/dmmu.dmmu/tlb.tlb/tlbcam/camlines[10]/pagetypeflop/xlnx_opt_q_reg[1]_0_5
    SLICE_X22Y229        LUT6 (Prop_D6LUT_SLICEL_I1_O)
                                                      0.221     8.642 r  core/lsu/dmmu.dmmu/tlb.tlb/tlbcam/camlines[10]/pagetypeflop/q[5]_i_5__3_LOPT_REMAP_48/O
                         net (fo=1, routed)           0.770     9.412    core/lsu/dmmu.dmmu/tlb.tlb/tlbcam/camlines[10]/pagetypeflop/xlnx_opt_q_reg[1]_0
    SLICE_X25Y228        LUT6 (Prop_F6LUT_SLICEM_I5_O)
                                                      0.186     9.598 f  core/lsu/dmmu.dmmu/tlb.tlb/tlbcam/camlines[10]/pagetypeflop/q[5]_i_5__3_LOPT_REMAP_49/O
                         net (fo=2, routed)           0.240     9.838    core/lsu/dmmu.dmmu/tlb.tlb/tlbcam/camlines[21]/pagetypeflop/q_reg[5]
    SLICE_X26Y223        LUT5 (Prop_G6LUT_SLICEL_I4_O)
                                                      0.137     9.975 r  core/lsu/dmmu.dmmu/tlb.tlb/tlbcam/camlines[21]/pagetypeflop/q[5]_i_2__3_LOPT_REMAP/O
                         net (fo=8, routed)           0.075    10.050    core/ifu/InstrMReg/lopt
    SLICE_X26Y223        LUT6 (Prop_B6LUT_SLICEL_I0_O)
                                                      0.188    10.238 r  core/ifu/InstrMReg/FSM_sequential_CurrState_i_3__0_LOPT_REMAP/O
                         net (fo=1, routed)           0.146    10.384    core/ifu/InstrMReg/xlnx_opt_q_reg[17]_2_4
    SLICE_X26Y222        LUT6 (Prop_B6LUT_SLICEL_I2_O)
                                                      0.058    10.442 r  core/ifu/InstrMReg/FSM_sequential_CurrState_i_3__0_LOPT_REMAP_4/O
                         net (fo=1, routed)           0.176    10.618    core/ifu/InstrMReg/xlnx_opt_q_reg[17]_2
    SLICE_X26Y217        LUT3 (Prop_H6LUT_SLICEL_I2_O)
                                                      0.153    10.771 r  core/ifu/InstrMReg/FSM_sequential_CurrState_i_3__0_LOPT_REMAP_5/O
                         net (fo=81, routed)          0.662    11.433    core/lsu/dmmu.dmmu/tlb.tlb/tlbcam/camlines[21]/pagetypeflop/FlushW
    SLICE_X27Y220        LUT5 (Prop_H6LUT_SLICEL_I4_O)
                                                      0.188    11.621 r  core/lsu/dmmu.dmmu/tlb.tlb/tlbcam/camlines[21]/pagetypeflop/FSM_sequential_CurrState[1]_i_1/O
                         net (fo=12, routed)          0.579    12.200    core/lsu/bus.dcache.ahbcacheinterface/AHBBuscachefsm/BeatCountDelayedReg/IgnoreRequest
    SLICE_X28Y224        LUT6 (Prop_H6LUT_SLICEM_I3_O)
                                                      0.228    12.428 f  core/lsu/bus.dcache.ahbcacheinterface/AHBBuscachefsm/BeatCountDelayedReg/HWRITE_OBUF_inst_i_8/O
                         net (fo=2, routed)           0.254    12.682    core/lsu/bus.dcache.ahbcacheinterface/AHBBuscachefsm/BeatCountReg/q_reg[68]_0
    SLICE_X27Y224        LUT5 (Prop_B6LUT_SLICEL_I4_O)
                                                      0.083    12.765 r  core/lsu/bus.dcache.ahbcacheinterface/AHBBuscachefsm/BeatCountReg/HWRITE_OBUF_inst_i_3/O
                         net (fo=10, routed)          0.343    13.108    core/ebu.ebu/ebufsmarb/FinalBeatReg/LSUHTRANS[0]
    SLICE_X27Y215        LUT6 (Prop_G6LUT_SLICEL_I1_O)
                                                      0.151    13.259 r  core/ebu.ebu/ebufsmarb/FinalBeatReg/HTRANS_OBUF[0]_inst_i_1/O
                         net (fo=1, routed)           1.427    14.686    HTRANS_OBUF[0]
    A1                   OBUF (Prop_OUTBUF_HPIOB_S_I_O)
                                                      0.928    15.614 r  HTRANS_OBUF[0]_inst/O
                         net (fo=0)                   0.000    15.614    HTRANS[0]
    A1                                                                r  HTRANS[0] (OUT)
  -------------------------------------------------------------------    -------------------

Slack:                    inf
  Source:                 core/lsu/hptw.hptw/WalkerStateReg/q_reg[2]/C
                            (rising edge-triggered cell FDRE)
  Destination:            HTRANS[1]
                            (output port)
  Path Group:             (none)
  Path Type:              Max at Slow Process Corner
  Data Path Delay:        15.574ns  (logic 4.042ns (25.955%)  route 11.531ns (74.045%))
  Logic Levels:           21  (FDRE=1 LUT2=1 LUT3=2 LUT4=3 LUT5=3 LUT6=10 OBUF=1)

    Location             Delay type                Incr(ns)  Path(ns)    Netlist Resource(s)
  -------------------------------------------------------------------    -------------------
    SLICE_X26Y224        FDRE                         0.000     0.000 r  core/lsu/hptw.hptw/WalkerStateReg/q_reg[2]/C
    SLICE_X26Y224        FDRE (Prop_DFF_SLICEL_C_Q)
                                                      0.114     0.114 f  core/lsu/hptw.hptw/WalkerStateReg/q_reg[2]/Q
                         net (fo=35, routed)          0.647     0.761    core/lsu/hptw.hptw/WalkerStateReg/q_reg[2]_9
    SLICE_X25Y227        LUT3 (Prop_A6LUT_SLICEM_I1_O)
                                                      0.226     0.987 f  core/lsu/hptw.hptw/WalkerStateReg/q[3]_i_3__11/O
                         net (fo=57, routed)          1.490     2.477    core/lsu/hptw.hptw/WalkerStateReg/q_reg[3]_2
    SLICE_X23Y225        LUT2 (Prop_E6LUT_SLICEL_I0_O)
                                                      0.223     2.700 r  core/lsu/hptw.hptw/WalkerStateReg/q[0]_i_1__84/O
                         net (fo=65, routed)          2.021     4.722    core/lsu/hptw.hptw/WalkerStateReg/IHAdrM[0]
    SLICE_X20Y202        LUT6 (Prop_B6LUT_SLICEM_I0_O)
                                                      0.188     4.910 f  core/lsu/hptw.hptw/WalkerStateReg/q[1]_i_3__5/O
                         net (fo=2, routed)           0.106     5.016    core/lsu/dmmu.dmmu/tlb.tlb/tlbcam/camlines[1]/pagetypeflop/Match01__4_29
    SLICE_X19Y202        LUT4 (Prop_B6LUT_SLICEL_I2_O)
                                                      0.083     5.099 r  core/lsu/dmmu.dmmu/tlb.tlb/tlbcam/camlines[1]/pagetypeflop/q[39]_i_27/O
                         net (fo=1, routed)           0.105     5.204    core/lsu/dmmu.dmmu/tlb.tlb/tlbcam/camlines[2]/pagetypeflop/q[5]_i_223
    SLICE_X19Y202        LUT6 (Prop_D6LUT_SLICEL_I3_O)
                                                      0.152     5.356 f  core/lsu/dmmu.dmmu/tlb.tlb/tlbcam/camlines[2]/pagetypeflop/q[12]_i_81/O
                         net (fo=1, routed)           0.297     5.653    core/lsu/dmmu.dmmu/tlb.tlb/tlbcam/camlines[8]/pagetypeflop/q[12]_i_8__0_0
    SLICE_X17Y203        LUT6 (Prop_G6LUT_SLICEM_I4_O)
                                                      0.057     5.710 f  core/lsu/dmmu.dmmu/tlb.tlb/tlbcam/camlines[8]/pagetypeflop/q[12]_i_37/O
                         net (fo=1, routed)           0.191     5.901    core/lsu/dmmu.dmmu/tlb.tlb/tlbcam/camlines[23]/pagetypeflop/q[0]_i_27__0_2
    SLICE_X17Y197        LUT6 (Prop_H6LUT_SLICEM_I4_O)
                                                      0.189     6.090 f  core/lsu/dmmu.dmmu/tlb.tlb/tlbcam/camlines[23]/pagetypeflop/q[12]_i_8__0/O
                         net (fo=1, routed)           0.221     6.311    core/lsu/dmmu.dmmu/tlb.tlb/tlbcam/camlines[11]/pagetypeflop/HitPageType[0]
    SLICE_X17Y198        LUT4 (Prop_H6LUT_SLICEM_I3_O)
                                                      0.228     6.539 f  core/lsu/dmmu.dmmu/tlb.tlb/tlbcam/camlines[11]/pagetypeflop/q[12]_i_2__2/O
                         net (fo=4, routed)           1.412     7.951    core/lsu/dmmu.dmmu/tlb.tlb/tlbcam/camlines[10]/pagetypeflop/PageNumberMask[0]
    SLICE_X22Y220        LUT4 (Prop_F6LUT_SLICEL_I2_O)
                                                      0.056     8.007 f  core/lsu/dmmu.dmmu/tlb.tlb/tlbcam/camlines[10]/pagetypeflop/q[5]_i_5__3_LOPT_REMAP_43/O
                         net (fo=1, routed)           0.414     8.421    core/lsu/dmmu.dmmu/tlb.tlb/tlbcam/camlines[10]/pagetypeflop/xlnx_opt_q_reg[1]_0_5
    SLICE_X22Y229        LUT6 (Prop_D6LUT_SLICEL_I1_O)
                                                      0.221     8.642 f  core/lsu/dmmu.dmmu/tlb.tlb/tlbcam/camlines[10]/pagetypeflop/q[5]_i_5__3_LOPT_REMAP_48/O
                         net (fo=1, routed)           0.770     9.412    core/lsu/dmmu.dmmu/tlb.tlb/tlbcam/camlines[10]/pagetypeflop/xlnx_opt_q_reg[1]_0
    SLICE_X25Y228        LUT6 (Prop_F6LUT_SLICEM_I5_O)
                                                      0.186     9.598 r  core/lsu/dmmu.dmmu/tlb.tlb/tlbcam/camlines[10]/pagetypeflop/q[5]_i_5__3_LOPT_REMAP_49/O
                         net (fo=2, routed)           0.240     9.838    core/lsu/dmmu.dmmu/tlb.tlb/tlbcam/camlines[21]/pagetypeflop/q_reg[5]
    SLICE_X26Y223        LUT5 (Prop_G6LUT_SLICEL_I4_O)
                                                      0.137     9.975 f  core/lsu/dmmu.dmmu/tlb.tlb/tlbcam/camlines[21]/pagetypeflop/q[5]_i_2__3_LOPT_REMAP/O
                         net (fo=8, routed)           0.075    10.050    core/ifu/InstrMReg/lopt
    SLICE_X26Y223        LUT6 (Prop_B6LUT_SLICEL_I0_O)
                                                      0.188    10.238 f  core/ifu/InstrMReg/FSM_sequential_CurrState_i_3__0_LOPT_REMAP/O
                         net (fo=1, routed)           0.146    10.384    core/ifu/InstrMReg/xlnx_opt_q_reg[17]_2_4
    SLICE_X26Y222        LUT6 (Prop_B6LUT_SLICEL_I2_O)
                                                      0.058    10.442 f  core/ifu/InstrMReg/FSM_sequential_CurrState_i_3__0_LOPT_REMAP_4/O
                         net (fo=1, routed)           0.176    10.618    core/ifu/InstrMReg/xlnx_opt_q_reg[17]_2
    SLICE_X26Y217        LUT3 (Prop_H6LUT_SLICEL_I2_O)
                                                      0.153    10.771 f  core/ifu/InstrMReg/FSM_sequential_CurrState_i_3__0_LOPT_REMAP_5/O
                         net (fo=81, routed)          0.662    11.433    core/lsu/dmmu.dmmu/tlb.tlb/tlbcam/camlines[21]/pagetypeflop/FlushW
    SLICE_X27Y220        LUT5 (Prop_H6LUT_SLICEL_I4_O)
                                                      0.188    11.621 f  core/lsu/dmmu.dmmu/tlb.tlb/tlbcam/camlines[21]/pagetypeflop/FSM_sequential_CurrState[1]_i_1/O
                         net (fo=12, routed)          0.579    12.200    core/lsu/bus.dcache.ahbcacheinterface/AHBBuscachefsm/BeatCountDelayedReg/IgnoreRequest
    SLICE_X28Y224        LUT6 (Prop_H6LUT_SLICEM_I3_O)
                                                      0.228    12.428 r  core/lsu/bus.dcache.ahbcacheinterface/AHBBuscachefsm/BeatCountDelayedReg/HWRITE_OBUF_inst_i_8/O
                         net (fo=2, routed)           0.254    12.682    core/lsu/bus.dcache.ahbcacheinterface/AHBBuscachefsm/BeatCountReg/q_reg[68]_0
    SLICE_X27Y224        LUT5 (Prop_B5LUT_SLICEL_I4_O)
                                                      0.097    12.779 r  core/lsu/bus.dcache.ahbcacheinterface/AHBBuscachefsm/BeatCountReg/HWRITE_OBUF_inst_i_4/O
                         net (fo=10, routed)          0.326    13.105    core/ebu.ebu/ebufsmarb/FinalBeatReg/LSUHTRANS[1]
    SLICE_X27Y215        LUT6 (Prop_F6LUT_SLICEL_I0_O)
                                                      0.150    13.255 r  core/ebu.ebu/ebufsmarb/FinalBeatReg/HTRANS_OBUF[1]_inst_i_1/O
                         net (fo=1, routed)           1.398    14.653    HTRANS_OBUF[1]
    C1                   OBUF (Prop_OUTBUF_HPIOB_M_I_O)
                                                      0.920    15.574 r  HTRANS_OBUF[1]_inst/O
                         net (fo=0)                   0.000    15.574    HTRANS[1]
    C1                                                                r  HTRANS[1] (OUT)
  -------------------------------------------------------------------    -------------------

Slack:                    inf
  Source:                 core/lsu/hptw.hptw/WalkerStateReg/q_reg[2]/C
                            (rising edge-triggered cell FDRE)
  Destination:            core/lsu/bus.dcache.ahbcacheinterface/AHBBuscachefsm/BeatCountReg/q_reg[2]/CE
  Path Group:             (none)
  Path Type:              Max at Slow Process Corner
  Data Path Delay:        15.513ns  (logic 3.837ns (24.734%)  route 11.676ns (75.266%))
  Logic Levels:           25  (FDRE=1 LUT2=2 LUT3=3 LUT4=5 LUT5=6 LUT6=8)

    Location             Delay type                Incr(ns)  Path(ns)    Netlist Resource(s)
  -------------------------------------------------------------------    -------------------
    SLICE_X26Y224        FDRE                         0.000     0.000 r  core/lsu/hptw.hptw/WalkerStateReg/q_reg[2]/C
    SLICE_X26Y224        FDRE (Prop_DFF_SLICEL_C_Q)
                                                      0.114     0.114 f  core/lsu/hptw.hptw/WalkerStateReg/q_reg[2]/Q
                         net (fo=35, routed)          0.647     0.761    core/lsu/hptw.hptw/WalkerStateReg/q_reg[2]_9
    SLICE_X25Y227        LUT3 (Prop_A6LUT_SLICEM_I1_O)
                                                      0.226     0.987 f  core/lsu/hptw.hptw/WalkerStateReg/q[3]_i_3__11/O
                         net (fo=57, routed)          1.490     2.477    core/lsu/hptw.hptw/WalkerStateReg/q_reg[3]_2
    SLICE_X23Y225        LUT2 (Prop_E6LUT_SLICEL_I0_O)
                                                      0.223     2.700 r  core/lsu/hptw.hptw/WalkerStateReg/q[0]_i_1__84/O
                         net (fo=65, routed)          2.021     4.722    core/lsu/hptw.hptw/WalkerStateReg/IHAdrM[0]
    SLICE_X20Y202        LUT6 (Prop_B6LUT_SLICEM_I0_O)
                                                      0.188     4.910 f  core/lsu/hptw.hptw/WalkerStateReg/q[1]_i_3__5/O
                         net (fo=2, routed)           0.106     5.016    core/lsu/dmmu.dmmu/tlb.tlb/tlbcam/camlines[1]/pagetypeflop/Match01__4_29
    SLICE_X19Y202        LUT4 (Prop_B6LUT_SLICEL_I2_O)
                                                      0.083     5.099 r  core/lsu/dmmu.dmmu/tlb.tlb/tlbcam/camlines[1]/pagetypeflop/q[39]_i_27/O
                         net (fo=1, routed)           0.105     5.204    core/lsu/dmmu.dmmu/tlb.tlb/tlbcam/camlines[2]/pagetypeflop/q[5]_i_223
    SLICE_X19Y202        LUT6 (Prop_D6LUT_SLICEL_I3_O)
                                                      0.152     5.356 f  core/lsu/dmmu.dmmu/tlb.tlb/tlbcam/camlines[2]/pagetypeflop/q[12]_i_81/O
                         net (fo=1, routed)           0.297     5.653    core/lsu/dmmu.dmmu/tlb.tlb/tlbcam/camlines[8]/pagetypeflop/q[12]_i_8__0_0
    SLICE_X17Y203        LUT6 (Prop_G6LUT_SLICEM_I4_O)
                                                      0.057     5.710 f  core/lsu/dmmu.dmmu/tlb.tlb/tlbcam/camlines[8]/pagetypeflop/q[12]_i_37/O
                         net (fo=1, routed)           0.191     5.901    core/lsu/dmmu.dmmu/tlb.tlb/tlbcam/camlines[23]/pagetypeflop/q[0]_i_27__0_2
    SLICE_X17Y197        LUT6 (Prop_H6LUT_SLICEM_I4_O)
                                                      0.189     6.090 f  core/lsu/dmmu.dmmu/tlb.tlb/tlbcam/camlines[23]/pagetypeflop/q[12]_i_8__0/O
                         net (fo=1, routed)           0.221     6.311    core/lsu/dmmu.dmmu/tlb.tlb/tlbcam/camlines[11]/pagetypeflop/HitPageType[0]
    SLICE_X17Y198        LUT4 (Prop_H6LUT_SLICEM_I3_O)
                                                      0.228     6.539 f  core/lsu/dmmu.dmmu/tlb.tlb/tlbcam/camlines[11]/pagetypeflop/q[12]_i_2__2/O
                         net (fo=4, routed)           1.412     7.951    core/lsu/dmmu.dmmu/tlb.tlb/tlbcam/camlines[10]/pagetypeflop/PageNumberMask[0]
    SLICE_X22Y220        LUT4 (Prop_F6LUT_SLICEL_I2_O)
                                                      0.056     8.007 f  core/lsu/dmmu.dmmu/tlb.tlb/tlbcam/camlines[10]/pagetypeflop/q[5]_i_5__3_LOPT_REMAP_43/O
                         net (fo=1, routed)           0.414     8.421    core/lsu/dmmu.dmmu/tlb.tlb/tlbcam/camlines[10]/pagetypeflop/xlnx_opt_q_reg[1]_0_5
    SLICE_X22Y229        LUT6 (Prop_D6LUT_SLICEL_I1_O)
                                                      0.221     8.642 f  core/lsu/dmmu.dmmu/tlb.tlb/tlbcam/camlines[10]/pagetypeflop/q[5]_i_5__3_LOPT_REMAP_48/O
                         net (fo=1, routed)           0.770     9.412    core/lsu/dmmu.dmmu/tlb.tlb/tlbcam/camlines[10]/pagetypeflop/xlnx_opt_q_reg[1]_0
    SLICE_X25Y228        LUT6 (Prop_F6LUT_SLICEM_I5_O)
                                                      0.186     9.598 r  core/lsu/dmmu.dmmu/tlb.tlb/tlbcam/camlines[10]/pagetypeflop/q[5]_i_5__3_LOPT_REMAP_49/O
                         net (fo=2, routed)           0.240     9.838    core/lsu/dmmu.dmmu/tlb.tlb/tlbcam/camlines[21]/pagetypeflop/q_reg[5]
    SLICE_X26Y223        LUT5 (Prop_G6LUT_SLICEL_I4_O)
                                                      0.137     9.975 f  core/lsu/dmmu.dmmu/tlb.tlb/tlbcam/camlines[21]/pagetypeflop/q[5]_i_2__3_LOPT_REMAP/O
                         net (fo=8, routed)           0.076    10.051    core/lsu/dmmu.dmmu/tlb.tlb/tlbcam/camlines[21]/pagetypeflop/q_reg[2]
    SLICE_X26Y223        LUT2 (Prop_C5LUT_SLICEL_I0_O)
                                                      0.190    10.241 r  core/lsu/dmmu.dmmu/tlb.tlb/tlbcam/camlines[21]/pagetypeflop/FSM_sequential_CurrState[1]_i_3__0/O
                         net (fo=4, routed)           0.419    10.660    core/lsu/dmmu.dmmu/tlb.tlb/tlbcam/camlines[21]/pagetypeflop/q_reg[61]_0
    SLICE_X27Y220        LUT4 (Prop_D5LUT_SLICEL_I3_O)
                                                      0.133    10.793 f  core/lsu/dmmu.dmmu/tlb.tlb/tlbcam/camlines[21]/pagetypeflop/q[63]_i_8__1/O
                         net (fo=1, routed)           0.209    11.002    core/lsu/bus.dcache.dcache/cachefsm/IgnoreRequestTLB
    SLICE_X27Y224        LUT4 (Prop_F6LUT_SLICEL_I2_O)
                                                      0.187    11.189 r  core/lsu/bus.dcache.dcache/cachefsm/q[63]_i_3__0/O
                         net (fo=3, routed)           0.273    11.462    core/lsu/hptw.hptw/WalkerStateReg/p_0_in
    SLICE_X26Y224        LUT5 (Prop_E6LUT_SLICEL_I0_O)
                                                      0.187    11.649 r  core/lsu/hptw.hptw/WalkerStateReg/FSM_sequential_CurrState_i_3/O
                         net (fo=3, routed)           0.230    11.879    core/ieu/c/controlregM/p_1_in
    SLICE_X26Y224        LUT5 (Prop_F6LUT_SLICEL_I4_O)
                                                      0.224    12.103 f  core/ieu/c/controlregM/FSM_sequential_CurrState_i_2__0_LOPT_REMAP/O
                         net (fo=4, routed)           0.165    12.268    core/lsu/ziccslm_align.align/p_2_in
    SLICE_X26Y225        LUT3 (Prop_C5LUT_SLICEL_I0_O)
                                                      0.091    12.359 f  core/lsu/ziccslm_align.align/sramIP_i_82/O
                         net (fo=1, routed)           0.334    12.693    core/ifu/bus.icache.ahbcacheinterface/AHBBuscachefsm/BeatCountDelayedReg/LSUStallM
    SLICE_X24Y214        LUT5 (Prop_D6LUT_SLICEM_I2_O)
                                                      0.056    12.749 r  core/ifu/bus.icache.ahbcacheinterface/AHBBuscachefsm/BeatCountDelayedReg/sramIP_i_50/O
                         net (fo=288, routed)         1.300    14.049    core/lsu/bus.dcache.ahbcacheinterface/AHBBuscachefsm/BeatCountDelayedReg/StallW
    SLICE_X27Y226        LUT5 (Prop_A6LUT_SLICEL_I2_O)
                                                      0.137    14.186 f  core/lsu/bus.dcache.ahbcacheinterface/AHBBuscachefsm/BeatCountDelayedReg/q[2]_i_6__8_LOPT_REMAP/O
                         net (fo=1, routed)           0.050    14.236    core/lsu/bus.dcache.ahbcacheinterface/AHBBuscachefsm/BeatCountDelayedReg/xlnx_opt_q[2]_i_6__8_n_0_1
    SLICE_X27Y226        LUT6 (Prop_B6LUT_SLICEL_I5_O)
                                                      0.138    14.374 f  core/lsu/bus.dcache.ahbcacheinterface/AHBBuscachefsm/BeatCountDelayedReg/q[2]_i_6__8_LOPT_REMAP_1/O
                         net (fo=1, routed)           0.099    14.473    core/lsu/bus.dcache.ahbcacheinterface/AHBBuscachefsm/BeatCountDelayedReg/xlnx_opt_q[2]_i_6__8_n_0
    SLICE_X27Y227        LUT3 (Prop_E6LUT_SLICEL_I2_O)
                                                      0.057    14.530 r  core/lsu/bus.dcache.ahbcacheinterface/AHBBuscachefsm/BeatCountDelayedReg/q[2]_i_6__8_LOPT_REMAP_2/O
                         net (fo=2, routed)           0.177    14.707    core/lsu/bus.dcache.ahbcacheinterface/AHBBuscachefsm/BeatCountDelayedReg/q[2]_i_6__8_n_0
    SLICE_X28Y226        LUT6 (Prop_H6LUT_SLICEM_I2_O)
                                                      0.189    14.896 r  core/lsu/bus.dcache.ahbcacheinterface/AHBBuscachefsm/BeatCountDelayedReg/q[2]_i_2__13/O
                         net (fo=4, routed)           0.169    15.065    core/lsu/bus.dcache.ahbcacheinterface/AHBBuscachefsm/BeatCountReg/E[0]
    SLICE_X27Y225        LUT5 (Prop_H6LUT_SLICEL_I4_O)
                                                      0.188    15.253 r  core/lsu/bus.dcache.ahbcacheinterface/AHBBuscachefsm/BeatCountReg/q_reg[0]_CE_cooolgate_en_gate_465_LOPT_REMAP/O
                         net (fo=3, routed)           0.260    15.513    core/lsu/bus.dcache.ahbcacheinterface/AHBBuscachefsm/BeatCountReg/q_reg[0]_CE_cooolgate_en_sig_196
    SLICE_X27Y225        FDRE                                         r  core/lsu/bus.dcache.ahbcacheinterface/AHBBuscachefsm/BeatCountReg/q_reg[2]/CE
  -------------------------------------------------------------------    -------------------





Min Delay Paths
--------------------------------------------------------------------------------------
Slack:                    inf
  Source:                 core/priv.priv/csr/csrsr/STATUS_MPRV_INT_reg/C
                            (rising edge-triggered cell FDRE)
  Destination:            core/priv.priv/csr/csrsr/STATUS_MPRV_INT_reg/D
  Path Group:             (none)
  Path Type:              Min at Fast Process Corner
  Data Path Delay:        0.130ns  (logic 0.083ns (63.851%)  route 0.047ns (36.149%))
  Logic Levels:           1  (FDRE=1)

    Location             Delay type                Incr(ns)  Path(ns)    Netlist Resource(s)
  -------------------------------------------------------------------    -------------------
    SLICE_X25Y212        FDRE                         0.000     0.000 r  core/priv.priv/csr/csrsr/STATUS_MPRV_INT_reg/C
    SLICE_X25Y212        FDRE (Prop_HFF_SLICEM_C_Q)
                                                      0.083     0.083 r  core/priv.priv/csr/csrsr/STATUS_MPRV_INT_reg/Q
                         net (fo=3, routed)           0.047     0.130    core/priv.priv/csr/csrsr/STATUS_MPRV_INT_reg_2
    SLICE_X25Y212        FDRE                                         r  core/priv.priv/csr/csrsr/STATUS_MPRV_INT_reg/D
  -------------------------------------------------------------------    -------------------

Slack:                    inf
  Source:                 core/ifu/pcreg/q_reg[15]/C
                            (rising edge-triggered cell FDRE)
  Destination:            core/ifu/Spill.spill/pcplus2reg/q_reg[15]/D
  Path Group:             (none)
  Path Type:              Min at Fast Process Corner
  Data Path Delay:        0.144ns  (logic 0.107ns (74.499%)  route 0.037ns (25.501%))
  Logic Levels:           2  (FDRE=1 LUT3=1)

    Location             Delay type                Incr(ns)  Path(ns)    Netlist Resource(s)
  -------------------------------------------------------------------    -------------------
    SLICE_X22Y221        FDRE                         0.000     0.000 r  core/ifu/pcreg/q_reg[15]/C
    SLICE_X22Y221        FDRE (Prop_DFF_SLICEL_C_Q)
                                                      0.084     0.084 r  core/ifu/pcreg/q_reg[15]/Q
                         net (fo=5, routed)           0.029     0.113    core/ifu/pcreg/q_reg[63]_0[14]
    SLICE_X22Y221        LUT3 (Prop_B5LUT_SLICEL_I2_O)
                                                      0.023     0.136 r  core/ifu/pcreg/q[15]_i_1__0/O
                         net (fo=1, routed)           0.008     0.144    core/ifu/Spill.spill/pcplus2reg/d[3]
    SLICE_X22Y221        FDRE                                         r  core/ifu/Spill.spill/pcplus2reg/q_reg[15]/D
  -------------------------------------------------------------------    -------------------

Slack:                    inf
  Source:                 core/ifu/PCDReg/q_reg[36]/C
                            (rising edge-triggered cell FDRE)
  Destination:            core/ifu/PCEReg/q_reg[36]/D
  Path Group:             (none)
  Path Type:              Min at Fast Process Corner
  Data Path Delay:        0.147ns  (logic 0.085ns (57.731%)  route 0.062ns (42.269%))
  Logic Levels:           1  (FDRE=1)

    Location             Delay type                Incr(ns)  Path(ns)    Netlist Resource(s)
  -------------------------------------------------------------------    -------------------
    SLICE_X19Y226        FDRE                         0.000     0.000 r  core/ifu/PCDReg/q_reg[36]/C
    SLICE_X19Y226        FDRE (Prop_BFF2_SLICEL_C_Q)
                                                      0.085     0.085 r  core/ifu/PCDReg/q_reg[36]/Q
                         net (fo=2, routed)           0.062     0.147    core/ifu/PCEReg/q_reg[63]_2[35]
    SLICE_X19Y224        FDRE                                         r  core/ifu/PCEReg/q_reg[36]/D
  -------------------------------------------------------------------    -------------------

Slack:                    inf
  Source:                 core/ifu/PCDReg/q_reg[35]/C
                            (rising edge-triggered cell FDRE)
  Destination:            core/ifu/PCEReg/q_reg[35]/D
  Path Group:             (none)
  Path Type:              Min at Fast Process Corner
  Data Path Delay:        0.148ns  (logic 0.085ns (57.574%)  route 0.063ns (42.426%))
  Logic Levels:           1  (FDRE=1)

    Location             Delay type                Incr(ns)  Path(ns)    Netlist Resource(s)
  -------------------------------------------------------------------    -------------------
    SLICE_X19Y226        FDRE                         0.000     0.000 r  core/ifu/PCDReg/q_reg[35]/C
    SLICE_X19Y226        FDRE (Prop_AFF2_SLICEL_C_Q)
                                                      0.085     0.085 r  core/ifu/PCDReg/q_reg[35]/Q
                         net (fo=2, routed)           0.063     0.148    core/ifu/PCEReg/q_reg[63]_2[34]
    SLICE_X19Y225        FDRE                                         r  core/ifu/PCEReg/q_reg[35]/D
  -------------------------------------------------------------------    -------------------

Slack:                    inf
  Source:                 core/ifu/PCDReg/q_reg[30]/C
                            (rising edge-triggered cell FDRE)
  Destination:            core/ifu/PCEReg/q_reg[30]/D
  Path Group:             (none)
  Path Type:              Min at Fast Process Corner
  Data Path Delay:        0.148ns  (logic 0.084ns (56.897%)  route 0.064ns (43.103%))
  Logic Levels:           1  (FDRE=1)

    Location             Delay type                Incr(ns)  Path(ns)    Netlist Resource(s)
  -------------------------------------------------------------------    -------------------
    SLICE_X18Y222        FDRE                         0.000     0.000 r  core/ifu/PCDReg/q_reg[30]/C
    SLICE_X18Y222        FDRE (Prop_GFF2_SLICEM_C_Q)
                                                      0.084     0.084 r  core/ifu/PCDReg/q_reg[30]/Q
                         net (fo=2, routed)           0.064     0.148    core/ifu/PCEReg/q_reg[63]_2[29]
    SLICE_X19Y222        FDRE                                         r  core/ifu/PCEReg/q_reg[30]/D
  -------------------------------------------------------------------    -------------------

Slack:                    inf
  Source:                 core/ifu/pcreg/q_reg[33]/C
                            (rising edge-triggered cell FDRE)
  Destination:            core/ifu/Spill.spill/pcplus2reg/q_reg[33]/D
  Path Group:             (none)
  Path Type:              Min at Fast Process Corner
  Data Path Delay:        0.149ns  (logic 0.108ns (72.577%)  route 0.041ns (27.423%))
  Logic Levels:           2  (FDRE=1 LUT3=1)

    Location             Delay type                Incr(ns)  Path(ns)    Netlist Resource(s)
  -------------------------------------------------------------------    -------------------
    SLICE_X21Y224        FDRE                         0.000     0.000 r  core/ifu/pcreg/q_reg[33]/C
    SLICE_X21Y224        FDRE (Prop_DFF_SLICEM_C_Q)
                                                      0.083     0.083 r  core/ifu/pcreg/q_reg[33]/Q
                         net (fo=5, routed)           0.032     0.115    core/ifu/pcreg/q_reg[63]_0[32]
    SLICE_X21Y224        LUT3 (Prop_B5LUT_SLICEM_I2_O)
                                                      0.025     0.140 r  core/ifu/pcreg/q[33]_i_1/O
                         net (fo=1, routed)           0.009     0.149    core/ifu/Spill.spill/pcplus2reg/d[21]
    SLICE_X21Y224        FDRE                                         r  core/ifu/Spill.spill/pcplus2reg/q_reg[33]/D
  -------------------------------------------------------------------    -------------------

Slack:                    inf
  Source:                 core/ifu/pcreg/q_reg[36]/C
                            (rising edge-triggered cell FDRE)
  Destination:            core/ifu/Spill.spill/pcplus2reg/q_reg[36]/D
  Path Group:             (none)
  Path Type:              Min at Fast Process Corner
  Data Path Delay:        0.149ns  (logic 0.108ns (72.577%)  route 0.041ns (27.423%))
  Logic Levels:           2  (FDRE=1 LUT3=1)

    Location             Delay type                Incr(ns)  Path(ns)    Netlist Resource(s)
  -------------------------------------------------------------------    -------------------
    SLICE_X21Y229        FDRE                         0.000     0.000 r  core/ifu/pcreg/q_reg[36]/C
    SLICE_X21Y229        FDRE (Prop_DFF_SLICEM_C_Q)
                                                      0.083     0.083 r  core/ifu/pcreg/q_reg[36]/Q
                         net (fo=5, routed)           0.032     0.115    core/ifu/pcreg/q_reg[63]_0[35]
    SLICE_X21Y229        LUT3 (Prop_B5LUT_SLICEM_I2_O)
                                                      0.025     0.140 r  core/ifu/pcreg/q[36]_i_1/O
                         net (fo=1, routed)           0.009     0.149    core/ifu/Spill.spill/pcplus2reg/d[24]
    SLICE_X21Y229        FDRE                                         r  core/ifu/Spill.spill/pcplus2reg/q_reg[36]/D
  -------------------------------------------------------------------    -------------------

Slack:                    inf
  Source:                 core/ifu/pcreg/q_reg[37]/C
                            (rising edge-triggered cell FDRE)
  Destination:            core/ifu/Spill.spill/pcplus2reg/q_reg[37]/D
  Path Group:             (none)
  Path Type:              Min at Fast Process Corner
  Data Path Delay:        0.149ns  (logic 0.108ns (72.577%)  route 0.041ns (27.423%))
  Logic Levels:           2  (FDRE=1 LUT3=1)

    Location             Delay type                Incr(ns)  Path(ns)    Netlist Resource(s)
  -------------------------------------------------------------------    -------------------
    SLICE_X20Y229        FDRE                         0.000     0.000 r  core/ifu/pcreg/q_reg[37]/C
    SLICE_X20Y229        FDRE (Prop_DFF_SLICEM_C_Q)
                                                      0.083     0.083 r  core/ifu/pcreg/q_reg[37]/Q
                         net (fo=5, routed)           0.032     0.115    core/ifu/pcreg/q_reg[63]_0[36]
    SLICE_X20Y229        LUT3 (Prop_B5LUT_SLICEM_I2_O)
                                                      0.025     0.140 r  core/ifu/pcreg/q[37]_i_1/O
                         net (fo=1, routed)           0.009     0.149    core/ifu/Spill.spill/pcplus2reg/d[25]
    SLICE_X20Y229        FDRE                                         r  core/ifu/Spill.spill/pcplus2reg/q_reg[37]/D
  -------------------------------------------------------------------    -------------------

Slack:                    inf
  Source:                 core/lsu/bus.dcache.dcache/flushlogic.FlushWayReg/q_reg[2]/C
                            (rising edge-triggered cell FDRE)
  Destination:            core/lsu/bus.dcache.dcache/flushlogic.FlushWayReg/q_reg[3]/D
  Path Group:             (none)
  Path Type:              Min at Fast Process Corner
  Data Path Delay:        0.151ns  (logic 0.121ns (80.132%)  route 0.030ns (19.868%))
  Logic Levels:           2  (FDRE=1 LUT2=1)

    Location             Delay type                Incr(ns)  Path(ns)    Netlist Resource(s)
  -------------------------------------------------------------------    -------------------
    SLICE_X30Y227        FDRE                         0.000     0.000 r  core/lsu/bus.dcache.dcache/flushlogic.FlushWayReg/q_reg[2]/C
    SLICE_X30Y227        FDRE (Prop_DFF_SLICEL_C_Q)
                                                      0.084     0.084 r  core/lsu/bus.dcache.dcache/flushlogic.FlushWayReg/q_reg[2]/Q
                         net (fo=1, routed)           0.023     0.107    core/lsu/bus.dcache.dcache/cachefsm/q_reg[3][2]
    SLICE_X30Y227        LUT2 (Prop_D5LUT_SLICEL_I1_O)
                                                      0.037     0.144 r  core/lsu/bus.dcache.dcache/cachefsm/q[3]_i_2__14/O
                         net (fo=1, routed)           0.007     0.151    core/lsu/bus.dcache.dcache/flushlogic.FlushWayReg/D[2]
    SLICE_X30Y227        FDRE                                         r  core/lsu/bus.dcache.dcache/flushlogic.FlushWayReg/q_reg[3]/D
  -------------------------------------------------------------------    -------------------

Slack:                    inf
  Source:                 core/priv.priv/privmode/privmode.privmodereg/q_reg[0]/C
                            (rising edge-triggered cell FDRE)
  Destination:            core/priv.priv/privmode/privmode.privmodereg/q_reg[0]/D
  Path Group:             (none)
  Path Type:              Min at Fast Process Corner
  Data Path Delay:        0.152ns  (logic 0.105ns (69.245%)  route 0.047ns (30.755%))
  Logic Levels:           2  (FDRE=1 LUT2=1)

    Location             Delay type                Incr(ns)  Path(ns)    Netlist Resource(s)
  -------------------------------------------------------------------    -------------------
    SLICE_X27Y214        FDRE                         0.000     0.000 r  core/priv.priv/privmode/privmode.privmodereg/q_reg[0]/C
    SLICE_X27Y214        FDRE (Prop_CFF_SLICEL_C_Q)
                                                      0.084     0.084 r  core/priv.priv/privmode/privmode.privmodereg/q_reg[0]/Q
                         net (fo=8, routed)           0.028     0.112    core/priv.priv/csr/csrsr/Q[0]
    SLICE_X27Y214        LUT2 (Prop_C6LUT_SLICEL_I0_O)
                                                      0.021     0.133 r  core/priv.priv/csr/csrsr/q[0]_i_1__103/O
                         net (fo=1, routed)           0.019     0.152    core/priv.priv/privmode/privmode.privmodereg/D[0]
    SLICE_X27Y214        FDRE                                         r  core/priv.priv/privmode/privmode.privmodereg/q_reg[0]/D
  -------------------------------------------------------------------    -------------------





