Copyright 1986-2022 Xilinx, Inc. All Rights Reserved. Copyright 2022-2025 Advanced Micro Devices, Inc. All Rights Reserved.
--------------------------------------------------------------------------------------------------------------------------------------------------------------------------------------------------------------------------------------------------------------------------------------------
| Tool Version      : Vivado v.2025.1 (lin64) Build 6140274 Wed May 21 22:58:25 MDT 2025
| Date              : Mon Jun 30 17:35:48 2025
| Host              : thinkpad-p1-gen-5 running 64-bit Ubuntu 25.04
| Command           : report_timing_summary -max_paths 10 -report_unconstrained -warn_on_violation -file wallypipelinedsoc_timing_summary_postroute_physopted.rpt -pb wallypipelinedsoc_timing_summary_postroute_physopted.pb -rpx wallypipelinedsoc_timing_summary_postroute_physopted.rpx
| Design            : wallypipelinedsoc
| Device            : xck26-sfvc784
| Speed File        : -2LV  PRODUCTION 1.30 05-15-2022
| Design State      : Physopt postRoute
| Temperature Grade : C
--------------------------------------------------------------------------------------------------------------------------------------------------------------------------------------------------------------------------------------------------------------------------------------------

Timing Summary Report

------------------------------------------------------------------------------------------------
| Timer Settings
| --------------
------------------------------------------------------------------------------------------------

  Enable Multi Corner Analysis               :  Yes
  Enable Pessimism Removal                   :  Yes
  Pessimism Removal Resolution               :  Nearest Common Node
  Enable Input Delay Default Clock           :  No
  Enable Preset / Clear Arcs                 :  No
  Disable Flight Delays                      :  No
  Ignore I/O Paths                           :  No
  Timing Early Launch at Borrowing Latches   :  No
  Borrow Time for Max Delay Exceptions       :  Yes
  Merge Timing Exceptions                    :  Yes
  Inter-SLR Compensation                     :  Conservative

  Corner  Analyze    Analyze    
  Name    Max Paths  Min Paths  
  ------  ---------  ---------  
  Slow    Yes        Yes        
  Fast    Yes        Yes        


------------------------------------------------------------------------------------------------
| Report Methodology
| ------------------
------------------------------------------------------------------------------------------------

Rule       Severity          Description                                           Violations  
---------  ----------------  ----------------------------------------------------  ----------  
TIMING-17  Critical Warning  Non-clocked sequential cell                           900         
XDCC-4     Warning           User Clock constraint overwritten with the same name  1           

Note: This report is based on the most recent report_methodology run and may not be up-to-date. Run report_methodology on the current design for the latest report.



check_timing report

Table of Contents
-----------------
1. checking no_clock (900)
2. checking constant_clock (0)
3. checking pulse_width_clock (0)
4. checking unconstrained_internal_endpoints (1986)
5. checking no_input_delay (1)
6. checking no_output_delay (17)
7. checking multiple_clock (0)
8. checking generated_clocks (0)
9. checking loops (0)
10. checking partial_input_delay (0)
11. checking partial_output_delay (0)
12. checking latch_loops (0)

1. checking no_clock (900)
--------------------------
 There are 900 register/latch pins with no clock driven by root clock pin: clk (HIGH)


2. checking constant_clock (0)
------------------------------
 There are 0 register/latch pins with constant_clock.


3. checking pulse_width_clock (0)
---------------------------------
 There are 0 register/latch pins which need pulse_width check


4. checking unconstrained_internal_endpoints (1986)
---------------------------------------------------
 There are 1986 pins that are not constrained for maximum delay. (HIGH)

 There are 0 pins that are not constrained for maximum delay due to constant clock.


5. checking no_input_delay (1)
------------------------------
 There is 1 input port with no input delay specified. (HIGH)

 There are 0 input ports with no input delay but user has a false path constraint.


6. checking no_output_delay (17)
--------------------------------
 There are 16 ports with no output delay specified. (HIGH)

 There are 0 ports with no output delay but user has a false path constraint

 There is 1 port with no output delay but with a timing clock defined on it or propagating through it (LOW)


7. checking multiple_clock (0)
------------------------------
 There are 0 register/latch pins with multiple clocks.


8. checking generated_clocks (0)
--------------------------------
 There are 0 generated clocks that are not connected to a clock source.


9. checking loops (0)
---------------------
 There are 0 combinational loops in the design.


10. checking partial_input_delay (0)
------------------------------------
 There are 0 input ports with partial input delay specified.


11. checking partial_output_delay (0)
-------------------------------------
 There are 0 ports with partial output delay specified.


12. checking latch_loops (0)
----------------------------
 There are 0 combinational latch loops in the design through latch input



------------------------------------------------------------------------------------------------
| Design Timing Summary
| ---------------------
------------------------------------------------------------------------------------------------

    WNS(ns)      TNS(ns)  TNS Failing Endpoints  TNS Total Endpoints      WHS(ns)      THS(ns)  THS Failing Endpoints  THS Total Endpoints     WPWS(ns)     TPWS(ns)  TPWS Failing Endpoints  TPWS Total Endpoints  
    -------      -------  ---------------------  -------------------      -------      -------  ---------------------  -------------------     --------     --------  ----------------------  --------------------  
        inf        0.000                      0                 1756          inf        0.000                      0                 1756           NA           NA                      NA                    NA  


All user specified timing constraints are met.


------------------------------------------------------------------------------------------------
| Clock Summary
| -------------
------------------------------------------------------------------------------------------------

Clock    Waveform(ns)         Period(ns)      Frequency(MHz)
-----    ------------         ----------      --------------
clk300M  {0.000 1.665}        3.330           300.300         


------------------------------------------------------------------------------------------------
| Intra Clock Table
| -----------------
------------------------------------------------------------------------------------------------

Clock             WNS(ns)      TNS(ns)  TNS Failing Endpoints  TNS Total Endpoints      WHS(ns)      THS(ns)  THS Failing Endpoints  THS Total Endpoints     WPWS(ns)     TPWS(ns)  TPWS Failing Endpoints  TPWS Total Endpoints  
-----             -------      -------  ---------------------  -------------------      -------      -------  ---------------------  -------------------     --------     --------  ----------------------  --------------------  


------------------------------------------------------------------------------------------------
| Inter Clock Table
| -----------------
------------------------------------------------------------------------------------------------

From Clock    To Clock          WNS(ns)      TNS(ns)  TNS Failing Endpoints  TNS Total Endpoints      WHS(ns)      THS(ns)  THS Failing Endpoints  THS Total Endpoints  
----------    --------          -------      -------  ---------------------  -------------------      -------      -------  ---------------------  -------------------  


------------------------------------------------------------------------------------------------
| Other Path Groups Table
| -----------------------
------------------------------------------------------------------------------------------------

Path Group    From Clock    To Clock          WNS(ns)      TNS(ns)  TNS Failing Endpoints  TNS Total Endpoints      WHS(ns)      THS(ns)  THS Failing Endpoints  THS Total Endpoints  
----------    ----------    --------          -------      -------  ---------------------  -------------------      -------      -------  ---------------------  -------------------  


------------------------------------------------------------------------------------------------
| User Ignored Path Table
| -----------------------
------------------------------------------------------------------------------------------------

Path Group    From Clock    To Clock    
----------    ----------    --------    


------------------------------------------------------------------------------------------------
| Unconstrained Path Table
| ------------------------
------------------------------------------------------------------------------------------------

Path Group    From Clock    To Clock    
----------    ----------    --------    
(none)                                    


------------------------------------------------------------------------------------------------
| Timing Details
| --------------
------------------------------------------------------------------------------------------------


--------------------------------------------------------------------------------------
Path Group:  (none)
From Clock:  
  To Clock:  

Max Delay          1756 Endpoints
Min Delay          1756 Endpoints
--------------------------------------------------------------------------------------


Max Delay Paths
--------------------------------------------------------------------------------------
Slack:                    inf
  Source:                 core/lsu/hptw.hptw/WalkerStateReg/q_reg[1]/C
                            (rising edge-triggered cell FDRE)
  Destination:            HBURST[2]
                            (output port)
  Path Group:             (none)
  Path Type:              Max at Slow Process Corner
  Data Path Delay:        13.690ns  (logic 3.922ns (28.646%)  route 9.768ns (71.354%))
  Logic Levels:           21  (FDRE=1 LUT2=3 LUT3=4 LUT4=3 LUT5=2 LUT6=7 OBUF=1)

    Location             Delay type                Incr(ns)  Path(ns)    Netlist Resource(s)
  -------------------------------------------------------------------    -------------------
    SLICE_X27Y215        FDRE                         0.000     0.000 r  core/lsu/hptw.hptw/WalkerStateReg/q_reg[1]/C
    SLICE_X27Y215        FDRE (Prop_BFF2_SLICEL_C_Q)
                                                      0.115     0.115 f  core/lsu/hptw.hptw/WalkerStateReg/q_reg[1]/Q
                         net (fo=43, routed)          0.514     0.629    core/lsu/hptw.hptw/WalkerStateReg/q_reg[1]_2
    SLICE_X25Y217        LUT3 (Prop_C6LUT_SLICEM_I2_O)
                                                      0.220     0.849 f  core/lsu/hptw.hptw/WalkerStateReg/q[3]_i_3__11/O
                         net (fo=57, routed)          0.679     1.528    core/lsu/hptw.hptw/WalkerStateReg/q_reg[3]_2
    SLICE_X29Y220        LUT2 (Prop_E6LUT_SLICEM_I0_O)
                                                      0.083     1.611 r  core/lsu/hptw.hptw/WalkerStateReg/q[3]_i_1__16/O
                         net (fo=65, routed)          1.331     2.942    core/lsu/dmmu.dmmu/tlb.tlb/tlbcam/camlines[6]/keyflop/IHAdrM[3]
    SLICE_X38Y217        LUT3 (Prop_C6LUT_SLICEM_I1_O)
                                                      0.149     3.091 f  core/lsu/dmmu.dmmu/tlb.tlb/tlbcam/camlines[6]/keyflop/q[6]_i_7__3/O
                         net (fo=4, routed)           0.282     3.373    core/lsu/dmmu.dmmu/tlb.tlb/tlbcam/camlines[6]/keyflop/Match1__24
    SLICE_X38Y218        LUT3 (Prop_H6LUT_SLICEM_I0_O)
                                                      0.084     3.457 f  core/lsu/dmmu.dmmu/tlb.tlb/tlbcam/camlines[6]/keyflop/q[12]_i_70/O
                         net (fo=1, routed)           0.327     3.784    core/lsu/dmmu.dmmu/tlb.tlb/tlbcam/camlines[7]/pagetypeflop/PageTypeRead[6]_136[0]
    SLICE_X37Y214        LUT6 (Prop_G6LUT_SLICEM_I5_O)
                                                      0.226     4.010 f  core/lsu/dmmu.dmmu/tlb.tlb/tlbcam/camlines[7]/pagetypeflop/q[12]_i_24/O
                         net (fo=1, routed)           0.119     4.129    core/lsu/dmmu.dmmu/tlb.tlb/tlbcam/camlines[11]/pagetypeflop/q[0]_i_25__1_1
    SLICE_X36Y214        LUT4 (Prop_D6LUT_SLICEL_I3_O)
                                                      0.221     4.350 f  core/lsu/dmmu.dmmu/tlb.tlb/tlbcam/camlines[11]/pagetypeflop/q[12]_i_5__2/O
                         net (fo=1, routed)           0.347     4.697    core/lsu/dmmu.dmmu/tlb.tlb/tlbcam/camlines[11]/pagetypeflop/q_reg[1]_0
    SLICE_X36Y207        LUT4 (Prop_B6LUT_SLICEL_I0_O)
                                                      0.058     4.755 f  core/lsu/dmmu.dmmu/tlb.tlb/tlbcam/camlines[11]/pagetypeflop/q[12]_i_2__2/O
                         net (fo=4, routed)           1.300     6.055    core/lsu/dmmu.dmmu/tlb.tlb/tlbcam/camlines[10]/pagetypeflop/PageNumberMask[0]
    SLICE_X32Y215        LUT4 (Prop_F6LUT_SLICEM_I2_O)
                                                      0.149     6.204 f  core/lsu/dmmu.dmmu/tlb.tlb/tlbcam/camlines[10]/pagetypeflop/q[5]_i_5__3_LOPT_REMAP_40/O
                         net (fo=1, routed)           0.364     6.568    core/lsu/dmmu.dmmu/tlb.tlb/tlbcam/camlines[10]/pagetypeflop/xlnx_opt_q_reg[1]_0_8
    SLICE_X29Y219        LUT6 (Prop_C6LUT_SLICEM_I4_O)
                                                      0.149     6.717 f  core/lsu/dmmu.dmmu/tlb.tlb/tlbcam/camlines[10]/pagetypeflop/q[5]_i_5__3_LOPT_REMAP_42/O
                         net (fo=1, routed)           0.358     7.075    core/lsu/dmmu.dmmu/tlb.tlb/tlbcam/camlines[10]/pagetypeflop/xlnx_opt_q_reg[1]_0_6
    SLICE_X26Y220        LUT6 (Prop_G6LUT_SLICEL_I4_O)
                                                      0.226     7.301 r  core/lsu/dmmu.dmmu/tlb.tlb/tlbcam/camlines[10]/pagetypeflop/q[5]_i_5__3_LOPT_REMAP_49/O
                         net (fo=2, routed)           0.352     7.653    core/lsu/dmmu.dmmu/tlb.tlb/tlbcam/camlines[21]/pagetypeflop/q_reg[5]
    SLICE_X27Y216        LUT5 (Prop_B6LUT_SLICEL_I4_O)
                                                      0.083     7.736 f  core/lsu/dmmu.dmmu/tlb.tlb/tlbcam/camlines[21]/pagetypeflop/q[5]_i_2__3_LOPT_REMAP/O
                         net (fo=8, routed)           0.117     7.853    core/ifu/InstrMReg/lopt
    SLICE_X27Y215        LUT6 (Prop_H6LUT_SLICEL_I0_O)
                                                      0.153     8.006 f  core/ifu/InstrMReg/FSM_sequential_CurrState_i_3__0_LOPT_REMAP/O
                         net (fo=1, routed)           0.186     8.192    core/ifu/InstrMReg/xlnx_opt_q_reg[17]_2_4
    SLICE_X28Y215        LUT6 (Prop_B6LUT_SLICEM_I2_O)
                                                      0.152     8.344 f  core/ifu/InstrMReg/FSM_sequential_CurrState_i_3__0_LOPT_REMAP_4/O
                         net (fo=1, routed)           0.051     8.395    core/ifu/InstrMReg/xlnx_opt_q_reg[17]_2
    SLICE_X28Y215        LUT3 (Prop_F6LUT_SLICEM_I2_O)
                                                      0.056     8.451 f  core/ifu/InstrMReg/FSM_sequential_CurrState_i_3__0_LOPT_REMAP_5/O
                         net (fo=81, routed)          0.456     8.907    core/ieu/c/controlregM/FSM_sequential_CurrState_reg[0]
    SLICE_X30Y217        LUT2 (Prop_F6LUT_SLICEL_I0_O)
                                                      0.187     9.094 f  core/ieu/c/controlregM/FSM_sequential_CurrState_i_1__0/O
                         net (fo=13, routed)          0.629     9.723    core/ieu/c/controlregM/q_reg[17]_0
    SLICE_X27Y211        LUT2 (Prop_H6LUT_SLICEL_I0_O)
                                                      0.227     9.950 r  core/ieu/c/controlregM/q[65]_i_3/O
                         net (fo=1, routed)           0.176    10.126    core/ifu/bus.icache.ahbcacheinterface/AHBBuscachefsm/BeatCountReg/q_reg[65]
    SLICE_X27Y209        LUT6 (Prop_C6LUT_SLICEL_I4_O)
                                                      0.150    10.276 r  core/ifu/bus.icache.ahbcacheinterface/AHBBuscachefsm/BeatCountReg/q[65]_i_1__1/O
                         net (fo=4, routed)           0.449    10.725    core/ebu.ebu/IFUInput/SaveReg/IFUHTRANS[1]
    SLICE_X25Y209        LUT5 (Prop_H5LUT_SLICEM_I2_O)
                                                      0.189    10.914 f  core/ebu.ebu/IFUInput/SaveReg/HSIZE_OBUF[1]_inst_i_3/O
                         net (fo=5, routed)           0.279    11.194    core/ebu.ebu/IFUInput/SaveReg/q_reg[64]_0
    SLICE_X25Y210        LUT6 (Prop_H6LUT_SLICEM_I1_O)
                                                      0.138    11.332 r  core/ebu.ebu/IFUInput/SaveReg/HBURST_OBUF[2]_inst_i_2/O
                         net (fo=4, routed)           1.452    12.783    HBURST_OBUF[0]
    C4                   OBUF (Prop_OUTBUF_HPIOB_S_I_O)
                                                      0.907    13.690 r  HBURST_OBUF[2]_inst/O
                         net (fo=0)                   0.000    13.690    HBURST[2]
    C4                                                                r  HBURST[2] (OUT)
  -------------------------------------------------------------------    -------------------

Slack:                    inf
  Source:                 core/lsu/hptw.hptw/WalkerStateReg/q_reg[1]/C
                            (rising edge-triggered cell FDRE)
  Destination:            HBURST[0]
                            (output port)
  Path Group:             (none)
  Path Type:              Max at Slow Process Corner
  Data Path Delay:        13.667ns  (logic 3.949ns (28.897%)  route 9.718ns (71.103%))
  Logic Levels:           21  (FDRE=1 LUT2=3 LUT3=4 LUT4=3 LUT5=2 LUT6=7 OBUF=1)

    Location             Delay type                Incr(ns)  Path(ns)    Netlist Resource(s)
  -------------------------------------------------------------------    -------------------
    SLICE_X27Y215        FDRE                         0.000     0.000 r  core/lsu/hptw.hptw/WalkerStateReg/q_reg[1]/C
    SLICE_X27Y215        FDRE (Prop_BFF2_SLICEL_C_Q)
                                                      0.115     0.115 f  core/lsu/hptw.hptw/WalkerStateReg/q_reg[1]/Q
                         net (fo=43, routed)          0.514     0.629    core/lsu/hptw.hptw/WalkerStateReg/q_reg[1]_2
    SLICE_X25Y217        LUT3 (Prop_C6LUT_SLICEM_I2_O)
                                                      0.220     0.849 f  core/lsu/hptw.hptw/WalkerStateReg/q[3]_i_3__11/O
                         net (fo=57, routed)          0.679     1.528    core/lsu/hptw.hptw/WalkerStateReg/q_reg[3]_2
    SLICE_X29Y220        LUT2 (Prop_E6LUT_SLICEM_I0_O)
                                                      0.083     1.611 r  core/lsu/hptw.hptw/WalkerStateReg/q[3]_i_1__16/O
                         net (fo=65, routed)          1.331     2.942    core/lsu/dmmu.dmmu/tlb.tlb/tlbcam/camlines[6]/keyflop/IHAdrM[3]
    SLICE_X38Y217        LUT3 (Prop_C6LUT_SLICEM_I1_O)
                                                      0.149     3.091 f  core/lsu/dmmu.dmmu/tlb.tlb/tlbcam/camlines[6]/keyflop/q[6]_i_7__3/O
                         net (fo=4, routed)           0.282     3.373    core/lsu/dmmu.dmmu/tlb.tlb/tlbcam/camlines[6]/keyflop/Match1__24
    SLICE_X38Y218        LUT3 (Prop_H6LUT_SLICEM_I0_O)
                                                      0.084     3.457 f  core/lsu/dmmu.dmmu/tlb.tlb/tlbcam/camlines[6]/keyflop/q[12]_i_70/O
                         net (fo=1, routed)           0.327     3.784    core/lsu/dmmu.dmmu/tlb.tlb/tlbcam/camlines[7]/pagetypeflop/PageTypeRead[6]_136[0]
    SLICE_X37Y214        LUT6 (Prop_G6LUT_SLICEM_I5_O)
                                                      0.226     4.010 f  core/lsu/dmmu.dmmu/tlb.tlb/tlbcam/camlines[7]/pagetypeflop/q[12]_i_24/O
                         net (fo=1, routed)           0.119     4.129    core/lsu/dmmu.dmmu/tlb.tlb/tlbcam/camlines[11]/pagetypeflop/q[0]_i_25__1_1
    SLICE_X36Y214        LUT4 (Prop_D6LUT_SLICEL_I3_O)
                                                      0.221     4.350 f  core/lsu/dmmu.dmmu/tlb.tlb/tlbcam/camlines[11]/pagetypeflop/q[12]_i_5__2/O
                         net (fo=1, routed)           0.347     4.697    core/lsu/dmmu.dmmu/tlb.tlb/tlbcam/camlines[11]/pagetypeflop/q_reg[1]_0
    SLICE_X36Y207        LUT4 (Prop_B6LUT_SLICEL_I0_O)
                                                      0.058     4.755 f  core/lsu/dmmu.dmmu/tlb.tlb/tlbcam/camlines[11]/pagetypeflop/q[12]_i_2__2/O
                         net (fo=4, routed)           1.300     6.055    core/lsu/dmmu.dmmu/tlb.tlb/tlbcam/camlines[10]/pagetypeflop/PageNumberMask[0]
    SLICE_X32Y215        LUT4 (Prop_F6LUT_SLICEM_I2_O)
                                                      0.149     6.204 f  core/lsu/dmmu.dmmu/tlb.tlb/tlbcam/camlines[10]/pagetypeflop/q[5]_i_5__3_LOPT_REMAP_40/O
                         net (fo=1, routed)           0.364     6.568    core/lsu/dmmu.dmmu/tlb.tlb/tlbcam/camlines[10]/pagetypeflop/xlnx_opt_q_reg[1]_0_8
    SLICE_X29Y219        LUT6 (Prop_C6LUT_SLICEM_I4_O)
                                                      0.149     6.717 f  core/lsu/dmmu.dmmu/tlb.tlb/tlbcam/camlines[10]/pagetypeflop/q[5]_i_5__3_LOPT_REMAP_42/O
                         net (fo=1, routed)           0.358     7.075    core/lsu/dmmu.dmmu/tlb.tlb/tlbcam/camlines[10]/pagetypeflop/xlnx_opt_q_reg[1]_0_6
    SLICE_X26Y220        LUT6 (Prop_G6LUT_SLICEL_I4_O)
                                                      0.226     7.301 r  core/lsu/dmmu.dmmu/tlb.tlb/tlbcam/camlines[10]/pagetypeflop/q[5]_i_5__3_LOPT_REMAP_49/O
                         net (fo=2, routed)           0.352     7.653    core/lsu/dmmu.dmmu/tlb.tlb/tlbcam/camlines[21]/pagetypeflop/q_reg[5]
    SLICE_X27Y216        LUT5 (Prop_B6LUT_SLICEL_I4_O)
                                                      0.083     7.736 f  core/lsu/dmmu.dmmu/tlb.tlb/tlbcam/camlines[21]/pagetypeflop/q[5]_i_2__3_LOPT_REMAP/O
                         net (fo=8, routed)           0.117     7.853    core/ifu/InstrMReg/lopt
    SLICE_X27Y215        LUT6 (Prop_H6LUT_SLICEL_I0_O)
                                                      0.153     8.006 f  core/ifu/InstrMReg/FSM_sequential_CurrState_i_3__0_LOPT_REMAP/O
                         net (fo=1, routed)           0.186     8.192    core/ifu/InstrMReg/xlnx_opt_q_reg[17]_2_4
    SLICE_X28Y215        LUT6 (Prop_B6LUT_SLICEM_I2_O)
                                                      0.152     8.344 f  core/ifu/InstrMReg/FSM_sequential_CurrState_i_3__0_LOPT_REMAP_4/O
                         net (fo=1, routed)           0.051     8.395    core/ifu/InstrMReg/xlnx_opt_q_reg[17]_2
    SLICE_X28Y215        LUT3 (Prop_F6LUT_SLICEM_I2_O)
                                                      0.056     8.451 f  core/ifu/InstrMReg/FSM_sequential_CurrState_i_3__0_LOPT_REMAP_5/O
                         net (fo=81, routed)          0.456     8.907    core/ieu/c/controlregM/FSM_sequential_CurrState_reg[0]
    SLICE_X30Y217        LUT2 (Prop_F6LUT_SLICEL_I0_O)
                                                      0.187     9.094 f  core/ieu/c/controlregM/FSM_sequential_CurrState_i_1__0/O
                         net (fo=13, routed)          0.629     9.723    core/ieu/c/controlregM/q_reg[17]_0
    SLICE_X27Y211        LUT2 (Prop_H6LUT_SLICEL_I0_O)
                                                      0.227     9.950 r  core/ieu/c/controlregM/q[65]_i_3/O
                         net (fo=1, routed)           0.176    10.126    core/ifu/bus.icache.ahbcacheinterface/AHBBuscachefsm/BeatCountReg/q_reg[65]
    SLICE_X27Y209        LUT6 (Prop_C6LUT_SLICEL_I4_O)
                                                      0.150    10.276 r  core/ifu/bus.icache.ahbcacheinterface/AHBBuscachefsm/BeatCountReg/q[65]_i_1__1/O
                         net (fo=4, routed)           0.449    10.725    core/ebu.ebu/IFUInput/SaveReg/IFUHTRANS[1]
    SLICE_X25Y209        LUT5 (Prop_H5LUT_SLICEM_I2_O)
                                                      0.189    10.914 f  core/ebu.ebu/IFUInput/SaveReg/HSIZE_OBUF[1]_inst_i_3/O
                         net (fo=5, routed)           0.279    11.194    core/ebu.ebu/IFUInput/SaveReg/q_reg[64]_0
    SLICE_X25Y210        LUT6 (Prop_H6LUT_SLICEM_I1_O)
                                                      0.138    11.332 r  core/ebu.ebu/IFUInput/SaveReg/HBURST_OBUF[2]_inst_i_2/O
                         net (fo=4, routed)           1.401    12.733    HBURST_OBUF[0]
    B4                   OBUF (Prop_OUTBUF_HPIOB_M_I_O)
                                                      0.934    13.667 r  HBURST_OBUF[0]_inst/O
                         net (fo=0)                   0.000    13.667    HBURST[0]
    B4                                                                r  HBURST[0] (OUT)
  -------------------------------------------------------------------    -------------------

Slack:                    inf
  Source:                 core/lsu/hptw.hptw/WalkerStateReg/q_reg[1]/C
                            (rising edge-triggered cell FDRE)
  Destination:            HSIZE[1]
                            (output port)
  Path Group:             (none)
  Path Type:              Max at Slow Process Corner
  Data Path Delay:        13.627ns  (logic 3.934ns (28.866%)  route 9.694ns (71.134%))
  Logic Levels:           21  (FDRE=1 LUT2=3 LUT3=4 LUT4=3 LUT5=2 LUT6=7 OBUF=1)

    Location             Delay type                Incr(ns)  Path(ns)    Netlist Resource(s)
  -------------------------------------------------------------------    -------------------
    SLICE_X27Y215        FDRE                         0.000     0.000 r  core/lsu/hptw.hptw/WalkerStateReg/q_reg[1]/C
    SLICE_X27Y215        FDRE (Prop_BFF2_SLICEL_C_Q)
                                                      0.115     0.115 f  core/lsu/hptw.hptw/WalkerStateReg/q_reg[1]/Q
                         net (fo=43, routed)          0.514     0.629    core/lsu/hptw.hptw/WalkerStateReg/q_reg[1]_2
    SLICE_X25Y217        LUT3 (Prop_C6LUT_SLICEM_I2_O)
                                                      0.220     0.849 f  core/lsu/hptw.hptw/WalkerStateReg/q[3]_i_3__11/O
                         net (fo=57, routed)          0.679     1.528    core/lsu/hptw.hptw/WalkerStateReg/q_reg[3]_2
    SLICE_X29Y220        LUT2 (Prop_E6LUT_SLICEM_I0_O)
                                                      0.083     1.611 r  core/lsu/hptw.hptw/WalkerStateReg/q[3]_i_1__16/O
                         net (fo=65, routed)          1.331     2.942    core/lsu/dmmu.dmmu/tlb.tlb/tlbcam/camlines[6]/keyflop/IHAdrM[3]
    SLICE_X38Y217        LUT3 (Prop_C6LUT_SLICEM_I1_O)
                                                      0.149     3.091 f  core/lsu/dmmu.dmmu/tlb.tlb/tlbcam/camlines[6]/keyflop/q[6]_i_7__3/O
                         net (fo=4, routed)           0.282     3.373    core/lsu/dmmu.dmmu/tlb.tlb/tlbcam/camlines[6]/keyflop/Match1__24
    SLICE_X38Y218        LUT3 (Prop_H6LUT_SLICEM_I0_O)
                                                      0.084     3.457 f  core/lsu/dmmu.dmmu/tlb.tlb/tlbcam/camlines[6]/keyflop/q[12]_i_70/O
                         net (fo=1, routed)           0.327     3.784    core/lsu/dmmu.dmmu/tlb.tlb/tlbcam/camlines[7]/pagetypeflop/PageTypeRead[6]_136[0]
    SLICE_X37Y214        LUT6 (Prop_G6LUT_SLICEM_I5_O)
                                                      0.226     4.010 f  core/lsu/dmmu.dmmu/tlb.tlb/tlbcam/camlines[7]/pagetypeflop/q[12]_i_24/O
                         net (fo=1, routed)           0.119     4.129    core/lsu/dmmu.dmmu/tlb.tlb/tlbcam/camlines[11]/pagetypeflop/q[0]_i_25__1_1
    SLICE_X36Y214        LUT4 (Prop_D6LUT_SLICEL_I3_O)
                                                      0.221     4.350 f  core/lsu/dmmu.dmmu/tlb.tlb/tlbcam/camlines[11]/pagetypeflop/q[12]_i_5__2/O
                         net (fo=1, routed)           0.347     4.697    core/lsu/dmmu.dmmu/tlb.tlb/tlbcam/camlines[11]/pagetypeflop/q_reg[1]_0
    SLICE_X36Y207        LUT4 (Prop_B6LUT_SLICEL_I0_O)
                                                      0.058     4.755 f  core/lsu/dmmu.dmmu/tlb.tlb/tlbcam/camlines[11]/pagetypeflop/q[12]_i_2__2/O
                         net (fo=4, routed)           1.300     6.055    core/lsu/dmmu.dmmu/tlb.tlb/tlbcam/camlines[10]/pagetypeflop/PageNumberMask[0]
    SLICE_X32Y215        LUT4 (Prop_F6LUT_SLICEM_I2_O)
                                                      0.149     6.204 f  core/lsu/dmmu.dmmu/tlb.tlb/tlbcam/camlines[10]/pagetypeflop/q[5]_i_5__3_LOPT_REMAP_40/O
                         net (fo=1, routed)           0.364     6.568    core/lsu/dmmu.dmmu/tlb.tlb/tlbcam/camlines[10]/pagetypeflop/xlnx_opt_q_reg[1]_0_8
    SLICE_X29Y219        LUT6 (Prop_C6LUT_SLICEM_I4_O)
                                                      0.149     6.717 f  core/lsu/dmmu.dmmu/tlb.tlb/tlbcam/camlines[10]/pagetypeflop/q[5]_i_5__3_LOPT_REMAP_42/O
                         net (fo=1, routed)           0.358     7.075    core/lsu/dmmu.dmmu/tlb.tlb/tlbcam/camlines[10]/pagetypeflop/xlnx_opt_q_reg[1]_0_6
    SLICE_X26Y220        LUT6 (Prop_G6LUT_SLICEL_I4_O)
                                                      0.226     7.301 r  core/lsu/dmmu.dmmu/tlb.tlb/tlbcam/camlines[10]/pagetypeflop/q[5]_i_5__3_LOPT_REMAP_49/O
                         net (fo=2, routed)           0.352     7.653    core/lsu/dmmu.dmmu/tlb.tlb/tlbcam/camlines[21]/pagetypeflop/q_reg[5]
    SLICE_X27Y216        LUT5 (Prop_B6LUT_SLICEL_I4_O)
                                                      0.083     7.736 f  core/lsu/dmmu.dmmu/tlb.tlb/tlbcam/camlines[21]/pagetypeflop/q[5]_i_2__3_LOPT_REMAP/O
                         net (fo=8, routed)           0.117     7.853    core/ifu/InstrMReg/lopt
    SLICE_X27Y215        LUT6 (Prop_H6LUT_SLICEL_I0_O)
                                                      0.153     8.006 f  core/ifu/InstrMReg/FSM_sequential_CurrState_i_3__0_LOPT_REMAP/O
                         net (fo=1, routed)           0.186     8.192    core/ifu/InstrMReg/xlnx_opt_q_reg[17]_2_4
    SLICE_X28Y215        LUT6 (Prop_B6LUT_SLICEM_I2_O)
                                                      0.152     8.344 f  core/ifu/InstrMReg/FSM_sequential_CurrState_i_3__0_LOPT_REMAP_4/O
                         net (fo=1, routed)           0.051     8.395    core/ifu/InstrMReg/xlnx_opt_q_reg[17]_2
    SLICE_X28Y215        LUT3 (Prop_F6LUT_SLICEM_I2_O)
                                                      0.056     8.451 f  core/ifu/InstrMReg/FSM_sequential_CurrState_i_3__0_LOPT_REMAP_5/O
                         net (fo=81, routed)          0.456     8.907    core/ieu/c/controlregM/FSM_sequential_CurrState_reg[0]
    SLICE_X30Y217        LUT2 (Prop_F6LUT_SLICEL_I0_O)
                                                      0.187     9.094 f  core/ieu/c/controlregM/FSM_sequential_CurrState_i_1__0/O
                         net (fo=13, routed)          0.629     9.723    core/ieu/c/controlregM/q_reg[17]_0
    SLICE_X27Y211        LUT2 (Prop_H6LUT_SLICEL_I0_O)
                                                      0.227     9.950 r  core/ieu/c/controlregM/q[65]_i_3/O
                         net (fo=1, routed)           0.176    10.126    core/ifu/bus.icache.ahbcacheinterface/AHBBuscachefsm/BeatCountReg/q_reg[65]
    SLICE_X27Y209        LUT6 (Prop_C6LUT_SLICEL_I4_O)
                                                      0.150    10.276 r  core/ifu/bus.icache.ahbcacheinterface/AHBBuscachefsm/BeatCountReg/q[65]_i_1__1/O
                         net (fo=4, routed)           0.449    10.725    core/ebu.ebu/IFUInput/SaveReg/IFUHTRANS[1]
    SLICE_X25Y209        LUT5 (Prop_H5LUT_SLICEM_I2_O)
                                                      0.189    10.914 f  core/ebu.ebu/IFUInput/SaveReg/HSIZE_OBUF[1]_inst_i_3/O
                         net (fo=5, routed)           0.277    11.192    core/ebu.ebu/ebufsmarb/FinalBeatReg/HSIZE[1]
    SLICE_X25Y210        LUT6 (Prop_G6LUT_SLICEM_I5_O)
                                                      0.137    11.329 r  core/ebu.ebu/ebufsmarb/FinalBeatReg/HSIZE_OBUF[1]_inst_i_1/O
                         net (fo=1, routed)           1.379    12.708    HSIZE_OBUF[1]
    A3                   OBUF (Prop_OUTBUF_HPIOB_S_I_O)
                                                      0.920    13.627 r  HSIZE_OBUF[1]_inst/O
                         net (fo=0)                   0.000    13.627    HSIZE[1]
    A3                                                                r  HSIZE[1] (OUT)
  -------------------------------------------------------------------    -------------------

Slack:                    inf
  Source:                 core/lsu/hptw.hptw/WalkerStateReg/q_reg[1]/C
                            (rising edge-triggered cell FDRE)
  Destination:            HTRANS[1]
                            (output port)
  Path Group:             (none)
  Path Type:              Max at Slow Process Corner
  Data Path Delay:        12.823ns  (logic 3.757ns (29.299%)  route 9.066ns (70.701%))
  Logic Levels:           20  (FDRE=1 LUT2=3 LUT3=4 LUT4=3 LUT5=1 LUT6=7 OBUF=1)

    Location             Delay type                Incr(ns)  Path(ns)    Netlist Resource(s)
  -------------------------------------------------------------------    -------------------
    SLICE_X27Y215        FDRE                         0.000     0.000 r  core/lsu/hptw.hptw/WalkerStateReg/q_reg[1]/C
    SLICE_X27Y215        FDRE (Prop_BFF2_SLICEL_C_Q)
                                                      0.115     0.115 f  core/lsu/hptw.hptw/WalkerStateReg/q_reg[1]/Q
                         net (fo=43, routed)          0.514     0.629    core/lsu/hptw.hptw/WalkerStateReg/q_reg[1]_2
    SLICE_X25Y217        LUT3 (Prop_C6LUT_SLICEM_I2_O)
                                                      0.220     0.849 f  core/lsu/hptw.hptw/WalkerStateReg/q[3]_i_3__11/O
                         net (fo=57, routed)          0.679     1.528    core/lsu/hptw.hptw/WalkerStateReg/q_reg[3]_2
    SLICE_X29Y220        LUT2 (Prop_E6LUT_SLICEM_I0_O)
                                                      0.083     1.611 r  core/lsu/hptw.hptw/WalkerStateReg/q[3]_i_1__16/O
                         net (fo=65, routed)          1.331     2.942    core/lsu/dmmu.dmmu/tlb.tlb/tlbcam/camlines[6]/keyflop/IHAdrM[3]
    SLICE_X38Y217        LUT3 (Prop_C6LUT_SLICEM_I1_O)
                                                      0.149     3.091 f  core/lsu/dmmu.dmmu/tlb.tlb/tlbcam/camlines[6]/keyflop/q[6]_i_7__3/O
                         net (fo=4, routed)           0.282     3.373    core/lsu/dmmu.dmmu/tlb.tlb/tlbcam/camlines[6]/keyflop/Match1__24
    SLICE_X38Y218        LUT3 (Prop_H6LUT_SLICEM_I0_O)
                                                      0.084     3.457 f  core/lsu/dmmu.dmmu/tlb.tlb/tlbcam/camlines[6]/keyflop/q[12]_i_70/O
                         net (fo=1, routed)           0.327     3.784    core/lsu/dmmu.dmmu/tlb.tlb/tlbcam/camlines[7]/pagetypeflop/PageTypeRead[6]_136[0]
    SLICE_X37Y214        LUT6 (Prop_G6LUT_SLICEM_I5_O)
                                                      0.226     4.010 f  core/lsu/dmmu.dmmu/tlb.tlb/tlbcam/camlines[7]/pagetypeflop/q[12]_i_24/O
                         net (fo=1, routed)           0.119     4.129    core/lsu/dmmu.dmmu/tlb.tlb/tlbcam/camlines[11]/pagetypeflop/q[0]_i_25__1_1
    SLICE_X36Y214        LUT4 (Prop_D6LUT_SLICEL_I3_O)
                                                      0.221     4.350 f  core/lsu/dmmu.dmmu/tlb.tlb/tlbcam/camlines[11]/pagetypeflop/q[12]_i_5__2/O
                         net (fo=1, routed)           0.347     4.697    core/lsu/dmmu.dmmu/tlb.tlb/tlbcam/camlines[11]/pagetypeflop/q_reg[1]_0
    SLICE_X36Y207        LUT4 (Prop_B6LUT_SLICEL_I0_O)
                                                      0.058     4.755 f  core/lsu/dmmu.dmmu/tlb.tlb/tlbcam/camlines[11]/pagetypeflop/q[12]_i_2__2/O
                         net (fo=4, routed)           1.300     6.055    core/lsu/dmmu.dmmu/tlb.tlb/tlbcam/camlines[10]/pagetypeflop/PageNumberMask[0]
    SLICE_X32Y215        LUT4 (Prop_F6LUT_SLICEM_I2_O)
                                                      0.149     6.204 f  core/lsu/dmmu.dmmu/tlb.tlb/tlbcam/camlines[10]/pagetypeflop/q[5]_i_5__3_LOPT_REMAP_40/O
                         net (fo=1, routed)           0.364     6.568    core/lsu/dmmu.dmmu/tlb.tlb/tlbcam/camlines[10]/pagetypeflop/xlnx_opt_q_reg[1]_0_8
    SLICE_X29Y219        LUT6 (Prop_C6LUT_SLICEM_I4_O)
                                                      0.149     6.717 f  core/lsu/dmmu.dmmu/tlb.tlb/tlbcam/camlines[10]/pagetypeflop/q[5]_i_5__3_LOPT_REMAP_42/O
                         net (fo=1, routed)           0.358     7.075    core/lsu/dmmu.dmmu/tlb.tlb/tlbcam/camlines[10]/pagetypeflop/xlnx_opt_q_reg[1]_0_6
    SLICE_X26Y220        LUT6 (Prop_G6LUT_SLICEL_I4_O)
                                                      0.226     7.301 r  core/lsu/dmmu.dmmu/tlb.tlb/tlbcam/camlines[10]/pagetypeflop/q[5]_i_5__3_LOPT_REMAP_49/O
                         net (fo=2, routed)           0.352     7.653    core/lsu/dmmu.dmmu/tlb.tlb/tlbcam/camlines[21]/pagetypeflop/q_reg[5]
    SLICE_X27Y216        LUT5 (Prop_B6LUT_SLICEL_I4_O)
                                                      0.083     7.736 f  core/lsu/dmmu.dmmu/tlb.tlb/tlbcam/camlines[21]/pagetypeflop/q[5]_i_2__3_LOPT_REMAP/O
                         net (fo=8, routed)           0.117     7.853    core/ifu/InstrMReg/lopt
    SLICE_X27Y215        LUT6 (Prop_H6LUT_SLICEL_I0_O)
                                                      0.153     8.006 f  core/ifu/InstrMReg/FSM_sequential_CurrState_i_3__0_LOPT_REMAP/O
                         net (fo=1, routed)           0.186     8.192    core/ifu/InstrMReg/xlnx_opt_q_reg[17]_2_4
    SLICE_X28Y215        LUT6 (Prop_B6LUT_SLICEM_I2_O)
                                                      0.152     8.344 f  core/ifu/InstrMReg/FSM_sequential_CurrState_i_3__0_LOPT_REMAP_4/O
                         net (fo=1, routed)           0.051     8.395    core/ifu/InstrMReg/xlnx_opt_q_reg[17]_2
    SLICE_X28Y215        LUT3 (Prop_F6LUT_SLICEM_I2_O)
                                                      0.056     8.451 f  core/ifu/InstrMReg/FSM_sequential_CurrState_i_3__0_LOPT_REMAP_5/O
                         net (fo=81, routed)          0.456     8.907    core/ieu/c/controlregM/FSM_sequential_CurrState_reg[0]
    SLICE_X30Y217        LUT2 (Prop_F6LUT_SLICEL_I0_O)
                                                      0.187     9.094 f  core/ieu/c/controlregM/FSM_sequential_CurrState_i_1__0/O
                         net (fo=13, routed)          0.629     9.723    core/ieu/c/controlregM/q_reg[17]_0
    SLICE_X27Y211        LUT2 (Prop_H6LUT_SLICEL_I0_O)
                                                      0.227     9.950 r  core/ieu/c/controlregM/q[65]_i_3/O
                         net (fo=1, routed)           0.176    10.126    core/ifu/bus.icache.ahbcacheinterface/AHBBuscachefsm/BeatCountReg/q_reg[65]
    SLICE_X27Y209        LUT6 (Prop_C6LUT_SLICEL_I4_O)
                                                      0.150    10.276 r  core/ifu/bus.icache.ahbcacheinterface/AHBBuscachefsm/BeatCountReg/q[65]_i_1__1/O
                         net (fo=4, routed)           0.196    10.472    core/ebu.ebu/ebufsmarb/FinalBeatReg/IFUHTRANS[1]
    SLICE_X25Y209        LUT6 (Prop_C6LUT_SLICEM_I5_O)
                                                      0.149    10.621 r  core/ebu.ebu/ebufsmarb/FinalBeatReg/HTRANS_OBUF[1]_inst_i_1/O
                         net (fo=1, routed)           1.282    11.903    HTRANS_OBUF[1]
    C1                   OBUF (Prop_OUTBUF_HPIOB_M_I_O)
                                                      0.920    12.823 r  HTRANS_OBUF[1]_inst/O
                         net (fo=0)                   0.000    12.823    HTRANS[1]
    C1                                                                r  HTRANS[1] (OUT)
  -------------------------------------------------------------------    -------------------

Slack:                    inf
  Source:                 core/lsu/hptw.hptw/WalkerStateReg/q_reg[1]/C
                            (rising edge-triggered cell FDRE)
  Destination:            HWRITE
                            (output port)
  Path Group:             (none)
  Path Type:              Max at Slow Process Corner
  Data Path Delay:        12.554ns  (logic 3.734ns (29.747%)  route 8.820ns (70.253%))
  Logic Levels:           20  (FDRE=1 LUT2=1 LUT3=4 LUT4=3 LUT5=4 LUT6=6 OBUF=1)

    Location             Delay type                Incr(ns)  Path(ns)    Netlist Resource(s)
  -------------------------------------------------------------------    -------------------
    SLICE_X27Y215        FDRE                         0.000     0.000 r  core/lsu/hptw.hptw/WalkerStateReg/q_reg[1]/C
    SLICE_X27Y215        FDRE (Prop_BFF2_SLICEL_C_Q)
                                                      0.115     0.115 f  core/lsu/hptw.hptw/WalkerStateReg/q_reg[1]/Q
                         net (fo=43, routed)          0.514     0.629    core/lsu/hptw.hptw/WalkerStateReg/q_reg[1]_2
    SLICE_X25Y217        LUT3 (Prop_C6LUT_SLICEM_I2_O)
                                                      0.220     0.849 f  core/lsu/hptw.hptw/WalkerStateReg/q[3]_i_3__11/O
                         net (fo=57, routed)          0.679     1.528    core/lsu/hptw.hptw/WalkerStateReg/q_reg[3]_2
    SLICE_X29Y220        LUT2 (Prop_E6LUT_SLICEM_I0_O)
                                                      0.083     1.611 r  core/lsu/hptw.hptw/WalkerStateReg/q[3]_i_1__16/O
                         net (fo=65, routed)          1.331     2.942    core/lsu/dmmu.dmmu/tlb.tlb/tlbcam/camlines[6]/keyflop/IHAdrM[3]
    SLICE_X38Y217        LUT3 (Prop_C6LUT_SLICEM_I1_O)
                                                      0.149     3.091 f  core/lsu/dmmu.dmmu/tlb.tlb/tlbcam/camlines[6]/keyflop/q[6]_i_7__3/O
                         net (fo=4, routed)           0.282     3.373    core/lsu/dmmu.dmmu/tlb.tlb/tlbcam/camlines[6]/keyflop/Match1__24
    SLICE_X38Y218        LUT3 (Prop_H6LUT_SLICEM_I0_O)
                                                      0.084     3.457 f  core/lsu/dmmu.dmmu/tlb.tlb/tlbcam/camlines[6]/keyflop/q[12]_i_70/O
                         net (fo=1, routed)           0.327     3.784    core/lsu/dmmu.dmmu/tlb.tlb/tlbcam/camlines[7]/pagetypeflop/PageTypeRead[6]_136[0]
    SLICE_X37Y214        LUT6 (Prop_G6LUT_SLICEM_I5_O)
                                                      0.226     4.010 f  core/lsu/dmmu.dmmu/tlb.tlb/tlbcam/camlines[7]/pagetypeflop/q[12]_i_24/O
                         net (fo=1, routed)           0.119     4.129    core/lsu/dmmu.dmmu/tlb.tlb/tlbcam/camlines[11]/pagetypeflop/q[0]_i_25__1_1
    SLICE_X36Y214        LUT4 (Prop_D6LUT_SLICEL_I3_O)
                                                      0.221     4.350 f  core/lsu/dmmu.dmmu/tlb.tlb/tlbcam/camlines[11]/pagetypeflop/q[12]_i_5__2/O
                         net (fo=1, routed)           0.347     4.697    core/lsu/dmmu.dmmu/tlb.tlb/tlbcam/camlines[11]/pagetypeflop/q_reg[1]_0
    SLICE_X36Y207        LUT4 (Prop_B6LUT_SLICEL_I0_O)
                                                      0.058     4.755 f  core/lsu/dmmu.dmmu/tlb.tlb/tlbcam/camlines[11]/pagetypeflop/q[12]_i_2__2/O
                         net (fo=4, routed)           1.300     6.055    core/lsu/dmmu.dmmu/tlb.tlb/tlbcam/camlines[10]/pagetypeflop/PageNumberMask[0]
    SLICE_X32Y215        LUT4 (Prop_F6LUT_SLICEM_I2_O)
                                                      0.149     6.204 f  core/lsu/dmmu.dmmu/tlb.tlb/tlbcam/camlines[10]/pagetypeflop/q[5]_i_5__3_LOPT_REMAP_40/O
                         net (fo=1, routed)           0.364     6.568    core/lsu/dmmu.dmmu/tlb.tlb/tlbcam/camlines[10]/pagetypeflop/xlnx_opt_q_reg[1]_0_8
    SLICE_X29Y219        LUT6 (Prop_C6LUT_SLICEM_I4_O)
                                                      0.149     6.717 f  core/lsu/dmmu.dmmu/tlb.tlb/tlbcam/camlines[10]/pagetypeflop/q[5]_i_5__3_LOPT_REMAP_42/O
                         net (fo=1, routed)           0.358     7.075    core/lsu/dmmu.dmmu/tlb.tlb/tlbcam/camlines[10]/pagetypeflop/xlnx_opt_q_reg[1]_0_6
    SLICE_X26Y220        LUT6 (Prop_G6LUT_SLICEL_I4_O)
                                                      0.226     7.301 r  core/lsu/dmmu.dmmu/tlb.tlb/tlbcam/camlines[10]/pagetypeflop/q[5]_i_5__3_LOPT_REMAP_49/O
                         net (fo=2, routed)           0.352     7.653    core/lsu/dmmu.dmmu/tlb.tlb/tlbcam/camlines[21]/pagetypeflop/q_reg[5]
    SLICE_X27Y216        LUT5 (Prop_B6LUT_SLICEL_I4_O)
                                                      0.083     7.736 f  core/lsu/dmmu.dmmu/tlb.tlb/tlbcam/camlines[21]/pagetypeflop/q[5]_i_2__3_LOPT_REMAP/O
                         net (fo=8, routed)           0.117     7.853    core/ifu/InstrMReg/lopt
    SLICE_X27Y215        LUT6 (Prop_H6LUT_SLICEL_I0_O)
                                                      0.153     8.006 f  core/ifu/InstrMReg/FSM_sequential_CurrState_i_3__0_LOPT_REMAP/O
                         net (fo=1, routed)           0.186     8.192    core/ifu/InstrMReg/xlnx_opt_q_reg[17]_2_4
    SLICE_X28Y215        LUT6 (Prop_B6LUT_SLICEM_I2_O)
                                                      0.152     8.344 f  core/ifu/InstrMReg/FSM_sequential_CurrState_i_3__0_LOPT_REMAP_4/O
                         net (fo=1, routed)           0.051     8.395    core/ifu/InstrMReg/xlnx_opt_q_reg[17]_2
    SLICE_X28Y215        LUT3 (Prop_F6LUT_SLICEM_I2_O)
                                                      0.056     8.451 f  core/ifu/InstrMReg/FSM_sequential_CurrState_i_3__0_LOPT_REMAP_5/O
                         net (fo=81, routed)          0.373     8.824    core/lsu/dmmu.dmmu/tlb.tlb/tlbcam/camlines[21]/pagetypeflop/FlushW
    SLICE_X26Y215        LUT5 (Prop_G6LUT_SLICEL_I4_O)
                                                      0.186     9.010 f  core/lsu/dmmu.dmmu/tlb.tlb/tlbcam/camlines[21]/pagetypeflop/FSM_sequential_CurrState[1]_i_1/O
                         net (fo=12, routed)          0.188     9.198    core/lsu/bus.dcache.ahbcacheinterface/AHBBuscachefsm/BeatCountDelayedReg/IgnoreRequest
    SLICE_X26Y212        LUT6 (Prop_H6LUT_SLICEL_I3_O)
                                                      0.137     9.335 r  core/lsu/bus.dcache.ahbcacheinterface/AHBBuscachefsm/BeatCountDelayedReg/HWRITE_OBUF_inst_i_8/O
                         net (fo=2, routed)           0.067     9.402    core/lsu/bus.dcache.ahbcacheinterface/AHBBuscachefsm/BeatCountReg/q_reg[68]_0
    SLICE_X26Y212        LUT5 (Prop_B5LUT_SLICEL_I4_O)
                                                      0.226     9.628 r  core/lsu/bus.dcache.ahbcacheinterface/AHBBuscachefsm/BeatCountReg/HWRITE_OBUF_inst_i_4/O
                         net (fo=10, routed)          0.431    10.060    core/lsu/bus.dcache.ahbcacheinterface/AHBBuscachefsm/BeatCountReg/q_reg[2]_1
    SLICE_X25Y210        LUT5 (Prop_C5LUT_SLICEM_I4_O)
                                                      0.154    10.214 r  core/lsu/bus.dcache.ahbcacheinterface/AHBBuscachefsm/BeatCountReg/HWRITE_OBUF_inst_i_1/O
                         net (fo=1, routed)           1.433    11.647    HWRITE_OBUF
    F2                   OBUF (Prop_OUTBUF_HPIOB_M_I_O)
                                                      0.907    12.554 r  HWRITE_OBUF_inst/O
                         net (fo=0)                   0.000    12.554    HWRITE
    F2                                                                r  HWRITE (OUT)
  -------------------------------------------------------------------    -------------------

Slack:                    inf
  Source:                 core/lsu/hptw.hptw/WalkerStateReg/q_reg[1]/C
                            (rising edge-triggered cell FDRE)
  Destination:            HTRANS[0]
                            (output port)
  Path Group:             (none)
  Path Type:              Max at Slow Process Corner
  Data Path Delay:        12.447ns  (logic 3.819ns (30.685%)  route 8.627ns (69.315%))
  Logic Levels:           20  (FDRE=1 LUT2=1 LUT3=4 LUT4=3 LUT5=3 LUT6=7 OBUF=1)

    Location             Delay type                Incr(ns)  Path(ns)    Netlist Resource(s)
  -------------------------------------------------------------------    -------------------
    SLICE_X27Y215        FDRE                         0.000     0.000 r  core/lsu/hptw.hptw/WalkerStateReg/q_reg[1]/C
    SLICE_X27Y215        FDRE (Prop_BFF2_SLICEL_C_Q)
                                                      0.115     0.115 f  core/lsu/hptw.hptw/WalkerStateReg/q_reg[1]/Q
                         net (fo=43, routed)          0.514     0.629    core/lsu/hptw.hptw/WalkerStateReg/q_reg[1]_2
    SLICE_X25Y217        LUT3 (Prop_C6LUT_SLICEM_I2_O)
                                                      0.220     0.849 f  core/lsu/hptw.hptw/WalkerStateReg/q[3]_i_3__11/O
                         net (fo=57, routed)          0.679     1.528    core/lsu/hptw.hptw/WalkerStateReg/q_reg[3]_2
    SLICE_X29Y220        LUT2 (Prop_E6LUT_SLICEM_I0_O)
                                                      0.083     1.611 r  core/lsu/hptw.hptw/WalkerStateReg/q[3]_i_1__16/O
                         net (fo=65, routed)          1.331     2.942    core/lsu/dmmu.dmmu/tlb.tlb/tlbcam/camlines[6]/keyflop/IHAdrM[3]
    SLICE_X38Y217        LUT3 (Prop_C6LUT_SLICEM_I1_O)
                                                      0.149     3.091 r  core/lsu/dmmu.dmmu/tlb.tlb/tlbcam/camlines[6]/keyflop/q[6]_i_7__3/O
                         net (fo=4, routed)           0.282     3.373    core/lsu/dmmu.dmmu/tlb.tlb/tlbcam/camlines[6]/keyflop/Match1__24
    SLICE_X38Y218        LUT3 (Prop_H6LUT_SLICEM_I0_O)
                                                      0.084     3.457 r  core/lsu/dmmu.dmmu/tlb.tlb/tlbcam/camlines[6]/keyflop/q[12]_i_70/O
                         net (fo=1, routed)           0.327     3.784    core/lsu/dmmu.dmmu/tlb.tlb/tlbcam/camlines[7]/pagetypeflop/PageTypeRead[6]_136[0]
    SLICE_X37Y214        LUT6 (Prop_G6LUT_SLICEM_I5_O)
                                                      0.226     4.010 r  core/lsu/dmmu.dmmu/tlb.tlb/tlbcam/camlines[7]/pagetypeflop/q[12]_i_24/O
                         net (fo=1, routed)           0.119     4.129    core/lsu/dmmu.dmmu/tlb.tlb/tlbcam/camlines[11]/pagetypeflop/q[0]_i_25__1_1
    SLICE_X36Y214        LUT4 (Prop_D6LUT_SLICEL_I3_O)
                                                      0.221     4.350 r  core/lsu/dmmu.dmmu/tlb.tlb/tlbcam/camlines[11]/pagetypeflop/q[12]_i_5__2/O
                         net (fo=1, routed)           0.347     4.697    core/lsu/dmmu.dmmu/tlb.tlb/tlbcam/camlines[11]/pagetypeflop/q_reg[1]_0
    SLICE_X36Y207        LUT4 (Prop_B6LUT_SLICEL_I0_O)
                                                      0.058     4.755 r  core/lsu/dmmu.dmmu/tlb.tlb/tlbcam/camlines[11]/pagetypeflop/q[12]_i_2__2/O
                         net (fo=4, routed)           1.300     6.055    core/lsu/dmmu.dmmu/tlb.tlb/tlbcam/camlines[10]/pagetypeflop/PageNumberMask[0]
    SLICE_X32Y215        LUT4 (Prop_F6LUT_SLICEM_I2_O)
                                                      0.149     6.204 r  core/lsu/dmmu.dmmu/tlb.tlb/tlbcam/camlines[10]/pagetypeflop/q[5]_i_5__3_LOPT_REMAP_40/O
                         net (fo=1, routed)           0.364     6.568    core/lsu/dmmu.dmmu/tlb.tlb/tlbcam/camlines[10]/pagetypeflop/xlnx_opt_q_reg[1]_0_8
    SLICE_X29Y219        LUT6 (Prop_C6LUT_SLICEM_I4_O)
                                                      0.149     6.717 r  core/lsu/dmmu.dmmu/tlb.tlb/tlbcam/camlines[10]/pagetypeflop/q[5]_i_5__3_LOPT_REMAP_42/O
                         net (fo=1, routed)           0.358     7.075    core/lsu/dmmu.dmmu/tlb.tlb/tlbcam/camlines[10]/pagetypeflop/xlnx_opt_q_reg[1]_0_6
    SLICE_X26Y220        LUT6 (Prop_G6LUT_SLICEL_I4_O)
                                                      0.226     7.301 f  core/lsu/dmmu.dmmu/tlb.tlb/tlbcam/camlines[10]/pagetypeflop/q[5]_i_5__3_LOPT_REMAP_49/O
                         net (fo=2, routed)           0.352     7.653    core/lsu/dmmu.dmmu/tlb.tlb/tlbcam/camlines[21]/pagetypeflop/q_reg[5]
    SLICE_X27Y216        LUT5 (Prop_B6LUT_SLICEL_I4_O)
                                                      0.083     7.736 r  core/lsu/dmmu.dmmu/tlb.tlb/tlbcam/camlines[21]/pagetypeflop/q[5]_i_2__3_LOPT_REMAP/O
                         net (fo=8, routed)           0.117     7.853    core/ifu/InstrMReg/lopt
    SLICE_X27Y215        LUT6 (Prop_H6LUT_SLICEL_I0_O)
                                                      0.153     8.006 r  core/ifu/InstrMReg/FSM_sequential_CurrState_i_3__0_LOPT_REMAP/O
                         net (fo=1, routed)           0.186     8.192    core/ifu/InstrMReg/xlnx_opt_q_reg[17]_2_4
    SLICE_X28Y215        LUT6 (Prop_B6LUT_SLICEM_I2_O)
                                                      0.152     8.344 r  core/ifu/InstrMReg/FSM_sequential_CurrState_i_3__0_LOPT_REMAP_4/O
                         net (fo=1, routed)           0.051     8.395    core/ifu/InstrMReg/xlnx_opt_q_reg[17]_2
    SLICE_X28Y215        LUT3 (Prop_F6LUT_SLICEM_I2_O)
                                                      0.056     8.451 r  core/ifu/InstrMReg/FSM_sequential_CurrState_i_3__0_LOPT_REMAP_5/O
                         net (fo=81, routed)          0.373     8.824    core/lsu/dmmu.dmmu/tlb.tlb/tlbcam/camlines[21]/pagetypeflop/FlushW
    SLICE_X26Y215        LUT5 (Prop_G6LUT_SLICEL_I4_O)
                                                      0.186     9.010 r  core/lsu/dmmu.dmmu/tlb.tlb/tlbcam/camlines[21]/pagetypeflop/FSM_sequential_CurrState[1]_i_1/O
                         net (fo=12, routed)          0.188     9.198    core/lsu/bus.dcache.ahbcacheinterface/AHBBuscachefsm/BeatCountDelayedReg/IgnoreRequest
    SLICE_X26Y212        LUT6 (Prop_H6LUT_SLICEL_I3_O)
                                                      0.137     9.335 f  core/lsu/bus.dcache.ahbcacheinterface/AHBBuscachefsm/BeatCountDelayedReg/HWRITE_OBUF_inst_i_8/O
                         net (fo=2, routed)           0.067     9.402    core/lsu/bus.dcache.ahbcacheinterface/AHBBuscachefsm/BeatCountReg/q_reg[68]_0
    SLICE_X26Y212        LUT5 (Prop_B6LUT_SLICEL_I4_O)
                                                      0.224     9.626 r  core/lsu/bus.dcache.ahbcacheinterface/AHBBuscachefsm/BeatCountReg/HWRITE_OBUF_inst_i_3/O
                         net (fo=10, routed)          0.309     9.935    core/ebu.ebu/ebufsmarb/FinalBeatReg/LSUHTRANS[0]
    SLICE_X25Y209        LUT6 (Prop_D6LUT_SLICEM_I1_O)
                                                      0.220    10.155 r  core/ebu.ebu/ebufsmarb/FinalBeatReg/HTRANS_OBUF[0]_inst_i_1/O
                         net (fo=1, routed)           1.363    11.518    HTRANS_OBUF[0]
    A1                   OBUF (Prop_OUTBUF_HPIOB_S_I_O)
                                                      0.928    12.447 r  HTRANS_OBUF[0]_inst/O
                         net (fo=0)                   0.000    12.447    HTRANS[0]
    A1                                                                r  HTRANS[0] (OUT)
  -------------------------------------------------------------------    -------------------

Slack:                    inf
  Source:                 core/lsu/hptw.hptw/WalkerStateReg/q_reg[1]/C
                            (rising edge-triggered cell FDRE)
  Destination:            HPROT[0]
                            (output port)
  Path Group:             (none)
  Path Type:              Max at Slow Process Corner
  Data Path Delay:        12.376ns  (logic 3.739ns (30.209%)  route 8.638ns (69.791%))
  Logic Levels:           20  (FDRE=1 LUT2=1 LUT3=4 LUT4=4 LUT5=3 LUT6=6 OBUF=1)

    Location             Delay type                Incr(ns)  Path(ns)    Netlist Resource(s)
  -------------------------------------------------------------------    -------------------
    SLICE_X27Y215        FDRE                         0.000     0.000 r  core/lsu/hptw.hptw/WalkerStateReg/q_reg[1]/C
    SLICE_X27Y215        FDRE (Prop_BFF2_SLICEL_C_Q)
                                                      0.115     0.115 f  core/lsu/hptw.hptw/WalkerStateReg/q_reg[1]/Q
                         net (fo=43, routed)          0.514     0.629    core/lsu/hptw.hptw/WalkerStateReg/q_reg[1]_2
    SLICE_X25Y217        LUT3 (Prop_C6LUT_SLICEM_I2_O)
                                                      0.220     0.849 f  core/lsu/hptw.hptw/WalkerStateReg/q[3]_i_3__11/O
                         net (fo=57, routed)          0.679     1.528    core/lsu/hptw.hptw/WalkerStateReg/q_reg[3]_2
    SLICE_X29Y220        LUT2 (Prop_E6LUT_SLICEM_I0_O)
                                                      0.083     1.611 r  core/lsu/hptw.hptw/WalkerStateReg/q[3]_i_1__16/O
                         net (fo=65, routed)          1.331     2.942    core/lsu/dmmu.dmmu/tlb.tlb/tlbcam/camlines[6]/keyflop/IHAdrM[3]
    SLICE_X38Y217        LUT3 (Prop_C6LUT_SLICEM_I1_O)
                                                      0.149     3.091 f  core/lsu/dmmu.dmmu/tlb.tlb/tlbcam/camlines[6]/keyflop/q[6]_i_7__3/O
                         net (fo=4, routed)           0.282     3.373    core/lsu/dmmu.dmmu/tlb.tlb/tlbcam/camlines[6]/keyflop/Match1__24
    SLICE_X38Y218        LUT3 (Prop_H6LUT_SLICEM_I0_O)
                                                      0.084     3.457 f  core/lsu/dmmu.dmmu/tlb.tlb/tlbcam/camlines[6]/keyflop/q[12]_i_70/O
                         net (fo=1, routed)           0.327     3.784    core/lsu/dmmu.dmmu/tlb.tlb/tlbcam/camlines[7]/pagetypeflop/PageTypeRead[6]_136[0]
    SLICE_X37Y214        LUT6 (Prop_G6LUT_SLICEM_I5_O)
                                                      0.226     4.010 f  core/lsu/dmmu.dmmu/tlb.tlb/tlbcam/camlines[7]/pagetypeflop/q[12]_i_24/O
                         net (fo=1, routed)           0.119     4.129    core/lsu/dmmu.dmmu/tlb.tlb/tlbcam/camlines[11]/pagetypeflop/q[0]_i_25__1_1
    SLICE_X36Y214        LUT4 (Prop_D6LUT_SLICEL_I3_O)
                                                      0.221     4.350 f  core/lsu/dmmu.dmmu/tlb.tlb/tlbcam/camlines[11]/pagetypeflop/q[12]_i_5__2/O
                         net (fo=1, routed)           0.347     4.697    core/lsu/dmmu.dmmu/tlb.tlb/tlbcam/camlines[11]/pagetypeflop/q_reg[1]_0
    SLICE_X36Y207        LUT4 (Prop_B6LUT_SLICEL_I0_O)
                                                      0.058     4.755 f  core/lsu/dmmu.dmmu/tlb.tlb/tlbcam/camlines[11]/pagetypeflop/q[12]_i_2__2/O
                         net (fo=4, routed)           1.300     6.055    core/lsu/dmmu.dmmu/tlb.tlb/tlbcam/camlines[10]/pagetypeflop/PageNumberMask[0]
    SLICE_X32Y215        LUT4 (Prop_F6LUT_SLICEM_I2_O)
                                                      0.149     6.204 f  core/lsu/dmmu.dmmu/tlb.tlb/tlbcam/camlines[10]/pagetypeflop/q[5]_i_5__3_LOPT_REMAP_40/O
                         net (fo=1, routed)           0.364     6.568    core/lsu/dmmu.dmmu/tlb.tlb/tlbcam/camlines[10]/pagetypeflop/xlnx_opt_q_reg[1]_0_8
    SLICE_X29Y219        LUT6 (Prop_C6LUT_SLICEM_I4_O)
                                                      0.149     6.717 f  core/lsu/dmmu.dmmu/tlb.tlb/tlbcam/camlines[10]/pagetypeflop/q[5]_i_5__3_LOPT_REMAP_42/O
                         net (fo=1, routed)           0.358     7.075    core/lsu/dmmu.dmmu/tlb.tlb/tlbcam/camlines[10]/pagetypeflop/xlnx_opt_q_reg[1]_0_6
    SLICE_X26Y220        LUT6 (Prop_G6LUT_SLICEL_I4_O)
                                                      0.226     7.301 r  core/lsu/dmmu.dmmu/tlb.tlb/tlbcam/camlines[10]/pagetypeflop/q[5]_i_5__3_LOPT_REMAP_49/O
                         net (fo=2, routed)           0.352     7.653    core/lsu/dmmu.dmmu/tlb.tlb/tlbcam/camlines[21]/pagetypeflop/q_reg[5]
    SLICE_X27Y216        LUT5 (Prop_B6LUT_SLICEL_I4_O)
                                                      0.083     7.736 f  core/lsu/dmmu.dmmu/tlb.tlb/tlbcam/camlines[21]/pagetypeflop/q[5]_i_2__3_LOPT_REMAP/O
                         net (fo=8, routed)           0.117     7.853    core/ifu/InstrMReg/lopt
    SLICE_X27Y215        LUT6 (Prop_H6LUT_SLICEL_I0_O)
                                                      0.153     8.006 f  core/ifu/InstrMReg/FSM_sequential_CurrState_i_3__0_LOPT_REMAP/O
                         net (fo=1, routed)           0.186     8.192    core/ifu/InstrMReg/xlnx_opt_q_reg[17]_2_4
    SLICE_X28Y215        LUT6 (Prop_B6LUT_SLICEM_I2_O)
                                                      0.152     8.344 f  core/ifu/InstrMReg/FSM_sequential_CurrState_i_3__0_LOPT_REMAP_4/O
                         net (fo=1, routed)           0.051     8.395    core/ifu/InstrMReg/xlnx_opt_q_reg[17]_2
    SLICE_X28Y215        LUT3 (Prop_F6LUT_SLICEM_I2_O)
                                                      0.056     8.451 f  core/ifu/InstrMReg/FSM_sequential_CurrState_i_3__0_LOPT_REMAP_5/O
                         net (fo=81, routed)          0.373     8.824    core/lsu/dmmu.dmmu/tlb.tlb/tlbcam/camlines[21]/pagetypeflop/FlushW
    SLICE_X26Y215        LUT5 (Prop_G6LUT_SLICEL_I4_O)
                                                      0.186     9.010 f  core/lsu/dmmu.dmmu/tlb.tlb/tlbcam/camlines[21]/pagetypeflop/FSM_sequential_CurrState[1]_i_1/O
                         net (fo=12, routed)          0.188     9.198    core/lsu/bus.dcache.ahbcacheinterface/AHBBuscachefsm/BeatCountDelayedReg/IgnoreRequest
    SLICE_X26Y212        LUT6 (Prop_H6LUT_SLICEL_I3_O)
                                                      0.137     9.335 r  core/lsu/bus.dcache.ahbcacheinterface/AHBBuscachefsm/BeatCountDelayedReg/HWRITE_OBUF_inst_i_8/O
                         net (fo=2, routed)           0.067     9.402    core/lsu/bus.dcache.ahbcacheinterface/AHBBuscachefsm/BeatCountReg/q_reg[68]_0
    SLICE_X26Y212        LUT5 (Prop_B5LUT_SLICEL_I4_O)
                                                      0.226     9.628 r  core/lsu/bus.dcache.ahbcacheinterface/AHBBuscachefsm/BeatCountReg/HWRITE_OBUF_inst_i_4/O
                         net (fo=10, routed)          0.433    10.062    core/ebu.ebu/ebufsmarb/busreg/LSUHTRANS[1]
    SLICE_X25Y210        LUT4 (Prop_D5LUT_SLICEM_I3_O)
                                                      0.154    10.216 r  core/ebu.ebu/ebufsmarb/busreg/HPROT_OBUF[0]_inst_i_1/O
                         net (fo=1, routed)           1.249    11.465    HPROT_OBUF[0]
    D7                   OBUF (Prop_OUTBUF_HPIOB_M_I_O)
                                                      0.912    12.376 r  HPROT_OBUF[0]_inst/O
                         net (fo=0)                   0.000    12.376    HPROT[0]
    D7                                                                r  HPROT[0] (OUT)
  -------------------------------------------------------------------    -------------------

Slack:                    inf
  Source:                 core/lsu/hptw.hptw/WalkerStateReg/q_reg[1]/C
                            (rising edge-triggered cell FDRE)
  Destination:            HSIZE[0]
                            (output port)
  Path Group:             (none)
  Path Type:              Max at Slow Process Corner
  Data Path Delay:        12.198ns  (logic 3.742ns (30.674%)  route 8.456ns (69.326%))
  Logic Levels:           20  (FDRE=1 LUT2=1 LUT3=4 LUT4=3 LUT5=4 LUT6=6 OBUF=1)

    Location             Delay type                Incr(ns)  Path(ns)    Netlist Resource(s)
  -------------------------------------------------------------------    -------------------
    SLICE_X27Y215        FDRE                         0.000     0.000 r  core/lsu/hptw.hptw/WalkerStateReg/q_reg[1]/C
    SLICE_X27Y215        FDRE (Prop_BFF2_SLICEL_C_Q)
                                                      0.115     0.115 f  core/lsu/hptw.hptw/WalkerStateReg/q_reg[1]/Q
                         net (fo=43, routed)          0.514     0.629    core/lsu/hptw.hptw/WalkerStateReg/q_reg[1]_2
    SLICE_X25Y217        LUT3 (Prop_C6LUT_SLICEM_I2_O)
                                                      0.220     0.849 f  core/lsu/hptw.hptw/WalkerStateReg/q[3]_i_3__11/O
                         net (fo=57, routed)          0.679     1.528    core/lsu/hptw.hptw/WalkerStateReg/q_reg[3]_2
    SLICE_X29Y220        LUT2 (Prop_E6LUT_SLICEM_I0_O)
                                                      0.083     1.611 r  core/lsu/hptw.hptw/WalkerStateReg/q[3]_i_1__16/O
                         net (fo=65, routed)          1.331     2.942    core/lsu/dmmu.dmmu/tlb.tlb/tlbcam/camlines[6]/keyflop/IHAdrM[3]
    SLICE_X38Y217        LUT3 (Prop_C6LUT_SLICEM_I1_O)
                                                      0.149     3.091 f  core/lsu/dmmu.dmmu/tlb.tlb/tlbcam/camlines[6]/keyflop/q[6]_i_7__3/O
                         net (fo=4, routed)           0.282     3.373    core/lsu/dmmu.dmmu/tlb.tlb/tlbcam/camlines[6]/keyflop/Match1__24
    SLICE_X38Y218        LUT3 (Prop_H6LUT_SLICEM_I0_O)
                                                      0.084     3.457 f  core/lsu/dmmu.dmmu/tlb.tlb/tlbcam/camlines[6]/keyflop/q[12]_i_70/O
                         net (fo=1, routed)           0.327     3.784    core/lsu/dmmu.dmmu/tlb.tlb/tlbcam/camlines[7]/pagetypeflop/PageTypeRead[6]_136[0]
    SLICE_X37Y214        LUT6 (Prop_G6LUT_SLICEM_I5_O)
                                                      0.226     4.010 f  core/lsu/dmmu.dmmu/tlb.tlb/tlbcam/camlines[7]/pagetypeflop/q[12]_i_24/O
                         net (fo=1, routed)           0.119     4.129    core/lsu/dmmu.dmmu/tlb.tlb/tlbcam/camlines[11]/pagetypeflop/q[0]_i_25__1_1
    SLICE_X36Y214        LUT4 (Prop_D6LUT_SLICEL_I3_O)
                                                      0.221     4.350 f  core/lsu/dmmu.dmmu/tlb.tlb/tlbcam/camlines[11]/pagetypeflop/q[12]_i_5__2/O
                         net (fo=1, routed)           0.347     4.697    core/lsu/dmmu.dmmu/tlb.tlb/tlbcam/camlines[11]/pagetypeflop/q_reg[1]_0
    SLICE_X36Y207        LUT4 (Prop_B6LUT_SLICEL_I0_O)
                                                      0.058     4.755 f  core/lsu/dmmu.dmmu/tlb.tlb/tlbcam/camlines[11]/pagetypeflop/q[12]_i_2__2/O
                         net (fo=4, routed)           1.300     6.055    core/lsu/dmmu.dmmu/tlb.tlb/tlbcam/camlines[10]/pagetypeflop/PageNumberMask[0]
    SLICE_X32Y215        LUT4 (Prop_F6LUT_SLICEM_I2_O)
                                                      0.149     6.204 f  core/lsu/dmmu.dmmu/tlb.tlb/tlbcam/camlines[10]/pagetypeflop/q[5]_i_5__3_LOPT_REMAP_40/O
                         net (fo=1, routed)           0.364     6.568    core/lsu/dmmu.dmmu/tlb.tlb/tlbcam/camlines[10]/pagetypeflop/xlnx_opt_q_reg[1]_0_8
    SLICE_X29Y219        LUT6 (Prop_C6LUT_SLICEM_I4_O)
                                                      0.149     6.717 f  core/lsu/dmmu.dmmu/tlb.tlb/tlbcam/camlines[10]/pagetypeflop/q[5]_i_5__3_LOPT_REMAP_42/O
                         net (fo=1, routed)           0.358     7.075    core/lsu/dmmu.dmmu/tlb.tlb/tlbcam/camlines[10]/pagetypeflop/xlnx_opt_q_reg[1]_0_6
    SLICE_X26Y220        LUT6 (Prop_G6LUT_SLICEL_I4_O)
                                                      0.226     7.301 r  core/lsu/dmmu.dmmu/tlb.tlb/tlbcam/camlines[10]/pagetypeflop/q[5]_i_5__3_LOPT_REMAP_49/O
                         net (fo=2, routed)           0.352     7.653    core/lsu/dmmu.dmmu/tlb.tlb/tlbcam/camlines[21]/pagetypeflop/q_reg[5]
    SLICE_X27Y216        LUT5 (Prop_B6LUT_SLICEL_I4_O)
                                                      0.083     7.736 f  core/lsu/dmmu.dmmu/tlb.tlb/tlbcam/camlines[21]/pagetypeflop/q[5]_i_2__3_LOPT_REMAP/O
                         net (fo=8, routed)           0.117     7.853    core/ifu/InstrMReg/lopt
    SLICE_X27Y215        LUT6 (Prop_H6LUT_SLICEL_I0_O)
                                                      0.153     8.006 f  core/ifu/InstrMReg/FSM_sequential_CurrState_i_3__0_LOPT_REMAP/O
                         net (fo=1, routed)           0.186     8.192    core/ifu/InstrMReg/xlnx_opt_q_reg[17]_2_4
    SLICE_X28Y215        LUT6 (Prop_B6LUT_SLICEM_I2_O)
                                                      0.152     8.344 f  core/ifu/InstrMReg/FSM_sequential_CurrState_i_3__0_LOPT_REMAP_4/O
                         net (fo=1, routed)           0.051     8.395    core/ifu/InstrMReg/xlnx_opt_q_reg[17]_2
    SLICE_X28Y215        LUT3 (Prop_F6LUT_SLICEM_I2_O)
                                                      0.056     8.451 f  core/ifu/InstrMReg/FSM_sequential_CurrState_i_3__0_LOPT_REMAP_5/O
                         net (fo=81, routed)          0.373     8.824    core/lsu/dmmu.dmmu/tlb.tlb/tlbcam/camlines[21]/pagetypeflop/FlushW
    SLICE_X26Y215        LUT5 (Prop_G6LUT_SLICEL_I4_O)
                                                      0.186     9.010 f  core/lsu/dmmu.dmmu/tlb.tlb/tlbcam/camlines[21]/pagetypeflop/FSM_sequential_CurrState[1]_i_1/O
                         net (fo=12, routed)          0.188     9.198    core/lsu/bus.dcache.ahbcacheinterface/AHBBuscachefsm/BeatCountDelayedReg/IgnoreRequest
    SLICE_X26Y212        LUT6 (Prop_H6LUT_SLICEL_I3_O)
                                                      0.137     9.335 r  core/lsu/bus.dcache.ahbcacheinterface/AHBBuscachefsm/BeatCountDelayedReg/HWRITE_OBUF_inst_i_8/O
                         net (fo=2, routed)           0.067     9.402    core/lsu/bus.dcache.ahbcacheinterface/AHBBuscachefsm/BeatCountReg/q_reg[68]_0
    SLICE_X26Y212        LUT5 (Prop_B5LUT_SLICEL_I4_O)
                                                      0.226     9.628 r  core/lsu/bus.dcache.ahbcacheinterface/AHBBuscachefsm/BeatCountReg/HWRITE_OBUF_inst_i_4/O
                         net (fo=10, routed)          0.229     9.857    core/ebu.ebu/ebufsmarb/busreg/LSUHTRANS[1]
    SLICE_X25Y210        LUT5 (Prop_E6LUT_SLICEM_I4_O)
                                                      0.152    10.009 r  core/ebu.ebu/ebufsmarb/busreg/HSIZE_OBUF[0]_inst_i_1/O
                         net (fo=1, routed)           1.272    11.281    HSIZE_OBUF[0]
    B3                   OBUF (Prop_OUTBUF_HPIOB_M_I_O)
                                                      0.917    12.198 r  HSIZE_OBUF[0]_inst/O
                         net (fo=0)                   0.000    12.198    HSIZE[0]
    B3                                                                r  HSIZE[0] (OUT)
  -------------------------------------------------------------------    -------------------

Slack:                    inf
  Source:                 core/lsu/hptw.hptw/WalkerStateReg/q_reg[1]/C
                            (rising edge-triggered cell FDRE)
  Destination:            core/lsu/bus.dcache.ahbcacheinterface/AHBBuscachefsm/BeatCountReg/q_reg[1]/CE
  Path Group:             (none)
  Path Type:              Max at Slow Process Corner
  Data Path Delay:        11.929ns  (logic 3.510ns (29.423%)  route 8.419ns (70.577%))
  Logic Levels:           24  (FDRE=1 LUT2=2 LUT3=5 LUT4=6 LUT5=5 LUT6=5)

    Location             Delay type                Incr(ns)  Path(ns)    Netlist Resource(s)
  -------------------------------------------------------------------    -------------------
    SLICE_X27Y215        FDRE                         0.000     0.000 r  core/lsu/hptw.hptw/WalkerStateReg/q_reg[1]/C
    SLICE_X27Y215        FDRE (Prop_BFF2_SLICEL_C_Q)
                                                      0.115     0.115 f  core/lsu/hptw.hptw/WalkerStateReg/q_reg[1]/Q
                         net (fo=43, routed)          0.514     0.629    core/lsu/hptw.hptw/WalkerStateReg/q_reg[1]_2
    SLICE_X25Y217        LUT3 (Prop_C6LUT_SLICEM_I2_O)
                                                      0.220     0.849 f  core/lsu/hptw.hptw/WalkerStateReg/q[3]_i_3__11/O
                         net (fo=57, routed)          0.679     1.528    core/lsu/hptw.hptw/WalkerStateReg/q_reg[3]_2
    SLICE_X29Y220        LUT2 (Prop_E6LUT_SLICEM_I0_O)
                                                      0.083     1.611 r  core/lsu/hptw.hptw/WalkerStateReg/q[3]_i_1__16/O
                         net (fo=65, routed)          1.331     2.942    core/lsu/dmmu.dmmu/tlb.tlb/tlbcam/camlines[6]/keyflop/IHAdrM[3]
    SLICE_X38Y217        LUT3 (Prop_C6LUT_SLICEM_I1_O)
                                                      0.149     3.091 f  core/lsu/dmmu.dmmu/tlb.tlb/tlbcam/camlines[6]/keyflop/q[6]_i_7__3/O
                         net (fo=4, routed)           0.282     3.373    core/lsu/dmmu.dmmu/tlb.tlb/tlbcam/camlines[6]/keyflop/Match1__24
    SLICE_X38Y218        LUT3 (Prop_H6LUT_SLICEM_I0_O)
                                                      0.084     3.457 f  core/lsu/dmmu.dmmu/tlb.tlb/tlbcam/camlines[6]/keyflop/q[12]_i_70/O
                         net (fo=1, routed)           0.327     3.784    core/lsu/dmmu.dmmu/tlb.tlb/tlbcam/camlines[7]/pagetypeflop/PageTypeRead[6]_136[0]
    SLICE_X37Y214        LUT6 (Prop_G6LUT_SLICEM_I5_O)
                                                      0.226     4.010 f  core/lsu/dmmu.dmmu/tlb.tlb/tlbcam/camlines[7]/pagetypeflop/q[12]_i_24/O
                         net (fo=1, routed)           0.119     4.129    core/lsu/dmmu.dmmu/tlb.tlb/tlbcam/camlines[11]/pagetypeflop/q[0]_i_25__1_1
    SLICE_X36Y214        LUT4 (Prop_D6LUT_SLICEL_I3_O)
                                                      0.221     4.350 f  core/lsu/dmmu.dmmu/tlb.tlb/tlbcam/camlines[11]/pagetypeflop/q[12]_i_5__2/O
                         net (fo=1, routed)           0.347     4.697    core/lsu/dmmu.dmmu/tlb.tlb/tlbcam/camlines[11]/pagetypeflop/q_reg[1]_0
    SLICE_X36Y207        LUT4 (Prop_B6LUT_SLICEL_I0_O)
                                                      0.058     4.755 f  core/lsu/dmmu.dmmu/tlb.tlb/tlbcam/camlines[11]/pagetypeflop/q[12]_i_2__2/O
                         net (fo=4, routed)           1.300     6.055    core/lsu/dmmu.dmmu/tlb.tlb/tlbcam/camlines[10]/pagetypeflop/PageNumberMask[0]
    SLICE_X32Y215        LUT4 (Prop_F6LUT_SLICEM_I2_O)
                                                      0.149     6.204 f  core/lsu/dmmu.dmmu/tlb.tlb/tlbcam/camlines[10]/pagetypeflop/q[5]_i_5__3_LOPT_REMAP_40/O
                         net (fo=1, routed)           0.364     6.568    core/lsu/dmmu.dmmu/tlb.tlb/tlbcam/camlines[10]/pagetypeflop/xlnx_opt_q_reg[1]_0_8
    SLICE_X29Y219        LUT6 (Prop_C6LUT_SLICEM_I4_O)
                                                      0.149     6.717 f  core/lsu/dmmu.dmmu/tlb.tlb/tlbcam/camlines[10]/pagetypeflop/q[5]_i_5__3_LOPT_REMAP_42/O
                         net (fo=1, routed)           0.358     7.075    core/lsu/dmmu.dmmu/tlb.tlb/tlbcam/camlines[10]/pagetypeflop/xlnx_opt_q_reg[1]_0_6
    SLICE_X26Y220        LUT6 (Prop_G6LUT_SLICEL_I4_O)
                                                      0.226     7.301 r  core/lsu/dmmu.dmmu/tlb.tlb/tlbcam/camlines[10]/pagetypeflop/q[5]_i_5__3_LOPT_REMAP_49/O
                         net (fo=2, routed)           0.362     7.663    core/lsu/dmmu.dmmu/tlb.tlb/tlbcam/camlines[21]/pagetypeflop/q_reg[5]
    SLICE_X27Y216        LUT4 (Prop_F6LUT_SLICEL_I3_O)
                                                      0.187     7.850 f  core/lsu/dmmu.dmmu/tlb.tlb/tlbcam/camlines[21]/pagetypeflop/q[5]_i_3__2_LOPT_REMAP/O
                         net (fo=8, routed)           0.057     7.907    core/lsu/dmmu.dmmu/tlb.tlb/tlbcam/camlines[21]/pagetypeflop/q_reg[4]
    SLICE_X27Y216        LUT2 (Prop_H5LUT_SLICEL_I1_O)
                                                      0.088     7.995 r  core/lsu/dmmu.dmmu/tlb.tlb/tlbcam/camlines[21]/pagetypeflop/FSM_sequential_CurrState[1]_i_3__0/O
                         net (fo=4, routed)           0.253     8.248    core/lsu/dmmu.dmmu/tlb.tlb/tlbcam/camlines[21]/pagetypeflop/q_reg[61]_0
    SLICE_X26Y215        LUT4 (Prop_D5LUT_SLICEL_I3_O)
                                                      0.133     8.381 f  core/lsu/dmmu.dmmu/tlb.tlb/tlbcam/camlines[21]/pagetypeflop/q[63]_i_8__1/O
                         net (fo=1, routed)           0.188     8.569    core/lsu/bus.dcache.dcache/cachefsm/IgnoreRequestTLB
    SLICE_X26Y214        LUT4 (Prop_G6LUT_SLICEL_I2_O)
                                                      0.082     8.651 r  core/lsu/bus.dcache.dcache/cachefsm/q[63]_i_3__0/O
                         net (fo=3, routed)           0.178     8.829    core/lsu/hptw.hptw/WalkerStateReg/p_0_in
    SLICE_X26Y215        LUT5 (Prop_C6LUT_SLICEL_I0_O)
                                                      0.081     8.910 r  core/lsu/hptw.hptw/WalkerStateReg/FSM_sequential_CurrState_i_3/O
                         net (fo=3, routed)           0.299     9.209    core/ieu/c/controlregM/p_1_in
    SLICE_X27Y217        LUT5 (Prop_H6LUT_SLICEL_I4_O)
                                                      0.058     9.267 f  core/ieu/c/controlregM/FSM_sequential_CurrState_i_2__0_LOPT_REMAP/O
                         net (fo=4, routed)           0.114     9.381    core/lsu/ziccslm_align.align/p_2_in
    SLICE_X27Y216        LUT3 (Prop_C5LUT_SLICEL_I0_O)
                                                      0.190     9.571 f  core/lsu/ziccslm_align.align/sramIP_i_82/O
                         net (fo=1, routed)           0.140     9.711    core/ifu/bus.icache.ahbcacheinterface/AHBBuscachefsm/BeatCountDelayedReg/LSUStallM
    SLICE_X27Y214        LUT5 (Prop_H6LUT_SLICEL_I2_O)
                                                      0.137     9.848 r  core/ifu/bus.icache.ahbcacheinterface/AHBBuscachefsm/BeatCountDelayedReg/sramIP_i_50/O
                         net (fo=288, routed)         0.311    10.159    core/lsu/bus.dcache.ahbcacheinterface/AHBBuscachefsm/BeatCountDelayedReg/StallW
    SLICE_X25Y214        LUT5 (Prop_F6LUT_SLICEM_I2_O)
                                                      0.186    10.345 f  core/lsu/bus.dcache.ahbcacheinterface/AHBBuscachefsm/BeatCountDelayedReg/q[2]_i_6__8_LOPT_REMAP/O
                         net (fo=1, routed)           0.050    10.395    core/lsu/bus.dcache.ahbcacheinterface/AHBBuscachefsm/BeatCountDelayedReg/xlnx_opt_q[2]_i_6__8_n_0_1
    SLICE_X25Y214        LUT6 (Prop_G6LUT_SLICEM_I5_O)
                                                      0.082    10.477 f  core/lsu/bus.dcache.ahbcacheinterface/AHBBuscachefsm/BeatCountDelayedReg/q[2]_i_6__8_LOPT_REMAP_1/O
                         net (fo=1, routed)           0.059    10.536    core/lsu/bus.dcache.ahbcacheinterface/AHBBuscachefsm/BeatCountDelayedReg/xlnx_opt_q[2]_i_6__8_n_0
    SLICE_X25Y214        LUT3 (Prop_E6LUT_SLICEM_I2_O)
                                                      0.152    10.688 r  core/lsu/bus.dcache.ahbcacheinterface/AHBBuscachefsm/BeatCountDelayedReg/q[2]_i_6__8_LOPT_REMAP_2/O
                         net (fo=2, routed)           0.192    10.880    core/lsu/bus.dcache.ahbcacheinterface/AHBBuscachefsm/BeatCountDelayedReg/q[2]_i_6__8_n_0
    SLICE_X25Y213        LUT6 (Prop_H6LUT_SLICEM_I2_O)
                                                      0.228    11.108 r  core/lsu/bus.dcache.ahbcacheinterface/AHBBuscachefsm/BeatCountDelayedReg/q[2]_i_2__13/O
                         net (fo=4, routed)           0.289    11.397    core/lsu/bus.dcache.ahbcacheinterface/AHBBuscachefsm/BeatCountReg/E[0]
    SLICE_X25Y212        LUT5 (Prop_G6LUT_SLICEM_I4_O)
                                                      0.226    11.623 r  core/lsu/bus.dcache.ahbcacheinterface/AHBBuscachefsm/BeatCountReg/q_reg[0]_CE_cooolgate_en_gate_465_LOPT_REMAP/O
                         net (fo=3, routed)           0.306    11.929    core/lsu/bus.dcache.ahbcacheinterface/AHBBuscachefsm/BeatCountReg/q_reg[0]_CE_cooolgate_en_sig_196
    SLICE_X25Y212        FDRE                                         r  core/lsu/bus.dcache.ahbcacheinterface/AHBBuscachefsm/BeatCountReg/q_reg[1]/CE
  -------------------------------------------------------------------    -------------------

Slack:                    inf
  Source:                 core/lsu/hptw.hptw/WalkerStateReg/q_reg[1]/C
                            (rising edge-triggered cell FDRE)
  Destination:            core/lsu/bus.dcache.ahbcacheinterface/AHBBuscachefsm/BeatCountReg/q_reg[0]/CE
  Path Group:             (none)
  Path Type:              Max at Slow Process Corner
  Data Path Delay:        11.928ns  (logic 3.510ns (29.425%)  route 8.418ns (70.575%))
  Logic Levels:           24  (FDRE=1 LUT2=2 LUT3=5 LUT4=6 LUT5=5 LUT6=5)

    Location             Delay type                Incr(ns)  Path(ns)    Netlist Resource(s)
  -------------------------------------------------------------------    -------------------
    SLICE_X27Y215        FDRE                         0.000     0.000 r  core/lsu/hptw.hptw/WalkerStateReg/q_reg[1]/C
    SLICE_X27Y215        FDRE (Prop_BFF2_SLICEL_C_Q)
                                                      0.115     0.115 f  core/lsu/hptw.hptw/WalkerStateReg/q_reg[1]/Q
                         net (fo=43, routed)          0.514     0.629    core/lsu/hptw.hptw/WalkerStateReg/q_reg[1]_2
    SLICE_X25Y217        LUT3 (Prop_C6LUT_SLICEM_I2_O)
                                                      0.220     0.849 f  core/lsu/hptw.hptw/WalkerStateReg/q[3]_i_3__11/O
                         net (fo=57, routed)          0.679     1.528    core/lsu/hptw.hptw/WalkerStateReg/q_reg[3]_2
    SLICE_X29Y220        LUT2 (Prop_E6LUT_SLICEM_I0_O)
                                                      0.083     1.611 r  core/lsu/hptw.hptw/WalkerStateReg/q[3]_i_1__16/O
                         net (fo=65, routed)          1.331     2.942    core/lsu/dmmu.dmmu/tlb.tlb/tlbcam/camlines[6]/keyflop/IHAdrM[3]
    SLICE_X38Y217        LUT3 (Prop_C6LUT_SLICEM_I1_O)
                                                      0.149     3.091 f  core/lsu/dmmu.dmmu/tlb.tlb/tlbcam/camlines[6]/keyflop/q[6]_i_7__3/O
                         net (fo=4, routed)           0.282     3.373    core/lsu/dmmu.dmmu/tlb.tlb/tlbcam/camlines[6]/keyflop/Match1__24
    SLICE_X38Y218        LUT3 (Prop_H6LUT_SLICEM_I0_O)
                                                      0.084     3.457 f  core/lsu/dmmu.dmmu/tlb.tlb/tlbcam/camlines[6]/keyflop/q[12]_i_70/O
                         net (fo=1, routed)           0.327     3.784    core/lsu/dmmu.dmmu/tlb.tlb/tlbcam/camlines[7]/pagetypeflop/PageTypeRead[6]_136[0]
    SLICE_X37Y214        LUT6 (Prop_G6LUT_SLICEM_I5_O)
                                                      0.226     4.010 f  core/lsu/dmmu.dmmu/tlb.tlb/tlbcam/camlines[7]/pagetypeflop/q[12]_i_24/O
                         net (fo=1, routed)           0.119     4.129    core/lsu/dmmu.dmmu/tlb.tlb/tlbcam/camlines[11]/pagetypeflop/q[0]_i_25__1_1
    SLICE_X36Y214        LUT4 (Prop_D6LUT_SLICEL_I3_O)
                                                      0.221     4.350 f  core/lsu/dmmu.dmmu/tlb.tlb/tlbcam/camlines[11]/pagetypeflop/q[12]_i_5__2/O
                         net (fo=1, routed)           0.347     4.697    core/lsu/dmmu.dmmu/tlb.tlb/tlbcam/camlines[11]/pagetypeflop/q_reg[1]_0
    SLICE_X36Y207        LUT4 (Prop_B6LUT_SLICEL_I0_O)
                                                      0.058     4.755 f  core/lsu/dmmu.dmmu/tlb.tlb/tlbcam/camlines[11]/pagetypeflop/q[12]_i_2__2/O
                         net (fo=4, routed)           1.300     6.055    core/lsu/dmmu.dmmu/tlb.tlb/tlbcam/camlines[10]/pagetypeflop/PageNumberMask[0]
    SLICE_X32Y215        LUT4 (Prop_F6LUT_SLICEM_I2_O)
                                                      0.149     6.204 f  core/lsu/dmmu.dmmu/tlb.tlb/tlbcam/camlines[10]/pagetypeflop/q[5]_i_5__3_LOPT_REMAP_40/O
                         net (fo=1, routed)           0.364     6.568    core/lsu/dmmu.dmmu/tlb.tlb/tlbcam/camlines[10]/pagetypeflop/xlnx_opt_q_reg[1]_0_8
    SLICE_X29Y219        LUT6 (Prop_C6LUT_SLICEM_I4_O)
                                                      0.149     6.717 f  core/lsu/dmmu.dmmu/tlb.tlb/tlbcam/camlines[10]/pagetypeflop/q[5]_i_5__3_LOPT_REMAP_42/O
                         net (fo=1, routed)           0.358     7.075    core/lsu/dmmu.dmmu/tlb.tlb/tlbcam/camlines[10]/pagetypeflop/xlnx_opt_q_reg[1]_0_6
    SLICE_X26Y220        LUT6 (Prop_G6LUT_SLICEL_I4_O)
                                                      0.226     7.301 r  core/lsu/dmmu.dmmu/tlb.tlb/tlbcam/camlines[10]/pagetypeflop/q[5]_i_5__3_LOPT_REMAP_49/O
                         net (fo=2, routed)           0.362     7.663    core/lsu/dmmu.dmmu/tlb.tlb/tlbcam/camlines[21]/pagetypeflop/q_reg[5]
    SLICE_X27Y216        LUT4 (Prop_F6LUT_SLICEL_I3_O)
                                                      0.187     7.850 f  core/lsu/dmmu.dmmu/tlb.tlb/tlbcam/camlines[21]/pagetypeflop/q[5]_i_3__2_LOPT_REMAP/O
                         net (fo=8, routed)           0.057     7.907    core/lsu/dmmu.dmmu/tlb.tlb/tlbcam/camlines[21]/pagetypeflop/q_reg[4]
    SLICE_X27Y216        LUT2 (Prop_H5LUT_SLICEL_I1_O)
                                                      0.088     7.995 r  core/lsu/dmmu.dmmu/tlb.tlb/tlbcam/camlines[21]/pagetypeflop/FSM_sequential_CurrState[1]_i_3__0/O
                         net (fo=4, routed)           0.253     8.248    core/lsu/dmmu.dmmu/tlb.tlb/tlbcam/camlines[21]/pagetypeflop/q_reg[61]_0
    SLICE_X26Y215        LUT4 (Prop_D5LUT_SLICEL_I3_O)
                                                      0.133     8.381 f  core/lsu/dmmu.dmmu/tlb.tlb/tlbcam/camlines[21]/pagetypeflop/q[63]_i_8__1/O
                         net (fo=1, routed)           0.188     8.569    core/lsu/bus.dcache.dcache/cachefsm/IgnoreRequestTLB
    SLICE_X26Y214        LUT4 (Prop_G6LUT_SLICEL_I2_O)
                                                      0.082     8.651 r  core/lsu/bus.dcache.dcache/cachefsm/q[63]_i_3__0/O
                         net (fo=3, routed)           0.178     8.829    core/lsu/hptw.hptw/WalkerStateReg/p_0_in
    SLICE_X26Y215        LUT5 (Prop_C6LUT_SLICEL_I0_O)
                                                      0.081     8.910 r  core/lsu/hptw.hptw/WalkerStateReg/FSM_sequential_CurrState_i_3/O
                         net (fo=3, routed)           0.299     9.209    core/ieu/c/controlregM/p_1_in
    SLICE_X27Y217        LUT5 (Prop_H6LUT_SLICEL_I4_O)
                                                      0.058     9.267 f  core/ieu/c/controlregM/FSM_sequential_CurrState_i_2__0_LOPT_REMAP/O
                         net (fo=4, routed)           0.114     9.381    core/lsu/ziccslm_align.align/p_2_in
    SLICE_X27Y216        LUT3 (Prop_C5LUT_SLICEL_I0_O)
                                                      0.190     9.571 f  core/lsu/ziccslm_align.align/sramIP_i_82/O
                         net (fo=1, routed)           0.140     9.711    core/ifu/bus.icache.ahbcacheinterface/AHBBuscachefsm/BeatCountDelayedReg/LSUStallM
    SLICE_X27Y214        LUT5 (Prop_H6LUT_SLICEL_I2_O)
                                                      0.137     9.848 r  core/ifu/bus.icache.ahbcacheinterface/AHBBuscachefsm/BeatCountDelayedReg/sramIP_i_50/O
                         net (fo=288, routed)         0.311    10.159    core/lsu/bus.dcache.ahbcacheinterface/AHBBuscachefsm/BeatCountDelayedReg/StallW
    SLICE_X25Y214        LUT5 (Prop_F6LUT_SLICEM_I2_O)
                                                      0.186    10.345 f  core/lsu/bus.dcache.ahbcacheinterface/AHBBuscachefsm/BeatCountDelayedReg/q[2]_i_6__8_LOPT_REMAP/O
                         net (fo=1, routed)           0.050    10.395    core/lsu/bus.dcache.ahbcacheinterface/AHBBuscachefsm/BeatCountDelayedReg/xlnx_opt_q[2]_i_6__8_n_0_1
    SLICE_X25Y214        LUT6 (Prop_G6LUT_SLICEM_I5_O)
                                                      0.082    10.477 f  core/lsu/bus.dcache.ahbcacheinterface/AHBBuscachefsm/BeatCountDelayedReg/q[2]_i_6__8_LOPT_REMAP_1/O
                         net (fo=1, routed)           0.059    10.536    core/lsu/bus.dcache.ahbcacheinterface/AHBBuscachefsm/BeatCountDelayedReg/xlnx_opt_q[2]_i_6__8_n_0
    SLICE_X25Y214        LUT3 (Prop_E6LUT_SLICEM_I2_O)
                                                      0.152    10.688 r  core/lsu/bus.dcache.ahbcacheinterface/AHBBuscachefsm/BeatCountDelayedReg/q[2]_i_6__8_LOPT_REMAP_2/O
                         net (fo=2, routed)           0.192    10.880    core/lsu/bus.dcache.ahbcacheinterface/AHBBuscachefsm/BeatCountDelayedReg/q[2]_i_6__8_n_0
    SLICE_X25Y213        LUT6 (Prop_H6LUT_SLICEM_I2_O)
                                                      0.228    11.108 r  core/lsu/bus.dcache.ahbcacheinterface/AHBBuscachefsm/BeatCountDelayedReg/q[2]_i_2__13/O
                         net (fo=4, routed)           0.289    11.397    core/lsu/bus.dcache.ahbcacheinterface/AHBBuscachefsm/BeatCountReg/E[0]
    SLICE_X25Y212        LUT5 (Prop_G6LUT_SLICEM_I4_O)
                                                      0.226    11.623 r  core/lsu/bus.dcache.ahbcacheinterface/AHBBuscachefsm/BeatCountReg/q_reg[0]_CE_cooolgate_en_gate_465_LOPT_REMAP/O
                         net (fo=3, routed)           0.305    11.928    core/lsu/bus.dcache.ahbcacheinterface/AHBBuscachefsm/BeatCountReg/q_reg[0]_CE_cooolgate_en_sig_196
    SLICE_X25Y212        FDRE                                         r  core/lsu/bus.dcache.ahbcacheinterface/AHBBuscachefsm/BeatCountReg/q_reg[0]/CE
  -------------------------------------------------------------------    -------------------





Min Delay Paths
--------------------------------------------------------------------------------------
Slack:                    inf
  Source:                 core/ifu/pcreg/q_reg[2]/C
                            (rising edge-triggered cell FDRE)
  Destination:            core/ifu/PCDReg/q_reg[2]/D
  Path Group:             (none)
  Path Type:              Min at Fast Process Corner
  Data Path Delay:        0.128ns  (logic 0.083ns (64.958%)  route 0.045ns (35.042%))
  Logic Levels:           1  (FDRE=1)

    Location             Delay type                Incr(ns)  Path(ns)    Netlist Resource(s)
  -------------------------------------------------------------------    -------------------
    SLICE_X35Y221        FDRE                         0.000     0.000 r  core/ifu/pcreg/q_reg[2]/C
    SLICE_X35Y221        FDRE (Prop_CFF_SLICEM_C_Q)
                                                      0.083     0.083 r  core/ifu/pcreg/q_reg[2]/Q
                         net (fo=3, routed)           0.045     0.128    core/ifu/PCDReg/q_reg[63]_1[1]
    SLICE_X35Y220        FDRE                                         r  core/ifu/PCDReg/q_reg[2]/D
  -------------------------------------------------------------------    -------------------

Slack:                    inf
  Source:                 core/ifu/PCDReg/q_reg[22]/C
                            (rising edge-triggered cell FDRE)
  Destination:            core/ifu/PCEReg/q_reg[22]/D
  Path Group:             (none)
  Path Type:              Min at Fast Process Corner
  Data Path Delay:        0.147ns  (logic 0.083ns (56.463%)  route 0.064ns (43.537%))
  Logic Levels:           1  (FDRE=1)

    Location             Delay type                Incr(ns)  Path(ns)    Netlist Resource(s)
  -------------------------------------------------------------------    -------------------
    SLICE_X35Y220        FDRE                         0.000     0.000 r  core/ifu/PCDReg/q_reg[22]/C
    SLICE_X35Y220        FDRE (Prop_HFF_SLICEM_C_Q)
                                                      0.083     0.083 r  core/ifu/PCDReg/q_reg[22]/Q
                         net (fo=2, routed)           0.064     0.147    core/ifu/PCEReg/q_reg[63]_2[21]
    SLICE_X37Y220        FDRE                                         r  core/ifu/PCEReg/q_reg[22]/D
  -------------------------------------------------------------------    -------------------

Slack:                    inf
  Source:                 core/lsu/dmmu.dmmu/tlb.tlb/tlbcam/camlines[5]/validbitflop/q_reg[0]/C
                            (rising edge-triggered cell FDRE)
  Destination:            core/lsu/dmmu.dmmu/tlb.tlb/tlbcam/camlines[5]/validbitflop/q_reg[0]/D
  Path Group:             (none)
  Path Type:              Min at Fast Process Corner
  Data Path Delay:        0.148ns  (logic 0.107ns (72.238%)  route 0.041ns (27.762%))
  Logic Levels:           2  (FDRE=1 LUT4=1)

    Location             Delay type                Incr(ns)  Path(ns)    Netlist Resource(s)
  -------------------------------------------------------------------    -------------------
    SLICE_X37Y214        FDRE                         0.000     0.000 r  core/lsu/dmmu.dmmu/tlb.tlb/tlbcam/camlines[5]/validbitflop/q_reg[0]/C
    SLICE_X37Y214        FDRE (Prop_HFF_SLICEM_C_Q)
                                                      0.083     0.083 r  core/lsu/dmmu.dmmu/tlb.tlb/tlbcam/camlines[5]/validbitflop/q_reg[0]/Q
                         net (fo=4, routed)           0.033     0.116    core/lsu/dmmu.dmmu/tlb.tlb/lru/lrustate/Valid_27
    SLICE_X37Y214        LUT4 (Prop_H5LUT_SLICEM_I3_O)
                                                      0.024     0.140 r  core/lsu/dmmu.dmmu/tlb.tlb/lru/lrustate/q[0]_i_1__78/O
                         net (fo=1, routed)           0.008     0.148    core/lsu/dmmu.dmmu/tlb.tlb/tlbcam/camlines[5]/validbitflop/q_reg[0]_1
    SLICE_X37Y214        FDRE                                         r  core/lsu/dmmu.dmmu/tlb.tlb/tlbcam/camlines[5]/validbitflop/q_reg[0]/D
  -------------------------------------------------------------------    -------------------

Slack:                    inf
  Source:                 core/priv.priv/privmode/privmode.privmodereg/q_reg[0]/C
                            (rising edge-triggered cell FDRE)
  Destination:            core/priv.priv/privmode/privmode.privmodereg/q_reg[0]/D
  Path Group:             (none)
  Path Type:              Min at Fast Process Corner
  Data Path Delay:        0.150ns  (logic 0.105ns (70.170%)  route 0.045ns (29.830%))
  Logic Levels:           2  (FDRE=1 LUT2=1)

    Location             Delay type                Incr(ns)  Path(ns)    Netlist Resource(s)
  -------------------------------------------------------------------    -------------------
    SLICE_X30Y215        FDRE                         0.000     0.000 r  core/priv.priv/privmode/privmode.privmodereg/q_reg[0]/C
    SLICE_X30Y215        FDRE (Prop_DFF_SLICEL_C_Q)
                                                      0.084     0.084 r  core/priv.priv/privmode/privmode.privmodereg/q_reg[0]/Q
                         net (fo=8, routed)           0.027     0.111    core/priv.priv/csr/csrsr/Q[0]
    SLICE_X30Y215        LUT2 (Prop_D6LUT_SLICEL_I0_O)
                                                      0.021     0.132 r  core/priv.priv/csr/csrsr/q[0]_i_1__103/O
                         net (fo=1, routed)           0.018     0.150    core/priv.priv/privmode/privmode.privmodereg/D[0]
    SLICE_X30Y215        FDRE                                         r  core/priv.priv/privmode/privmode.privmodereg/q_reg[0]/D
  -------------------------------------------------------------------    -------------------

Slack:                    inf
  Source:                 core/ifu/pcreg/q_reg[55]/C
                            (rising edge-triggered cell FDRE)
  Destination:            core/ifu/PCDReg/q_reg[55]/D
  Path Group:             (none)
  Path Type:              Min at Fast Process Corner
  Data Path Delay:        0.151ns  (logic 0.083ns (55.111%)  route 0.068ns (44.889%))
  Logic Levels:           1  (FDRE=1)

    Location             Delay type                Incr(ns)  Path(ns)    Netlist Resource(s)
  -------------------------------------------------------------------    -------------------
    SLICE_X37Y225        FDRE                         0.000     0.000 r  core/ifu/pcreg/q_reg[55]/C
    SLICE_X37Y225        FDRE (Prop_DFF_SLICEM_C_Q)
                                                      0.083     0.083 r  core/ifu/pcreg/q_reg[55]/Q
                         net (fo=3, routed)           0.068     0.151    core/ifu/PCDReg/q_reg[63]_1[54]
    SLICE_X36Y225        FDRE                                         r  core/ifu/PCDReg/q_reg[55]/D
  -------------------------------------------------------------------    -------------------

Slack:                    inf
  Source:                 core/lsu/bus.dcache.dcache/flushlogic.FlushWayReg/q_reg[2]/C
                            (rising edge-triggered cell FDRE)
  Destination:            core/lsu/bus.dcache.dcache/flushlogic.FlushWayReg/q_reg[3]/D
  Path Group:             (none)
  Path Type:              Min at Fast Process Corner
  Data Path Delay:        0.151ns  (logic 0.121ns (80.132%)  route 0.030ns (19.868%))
  Logic Levels:           2  (FDRE=1 LUT2=1)

    Location             Delay type                Incr(ns)  Path(ns)    Netlist Resource(s)
  -------------------------------------------------------------------    -------------------
    SLICE_X23Y213        FDRE                         0.000     0.000 r  core/lsu/bus.dcache.dcache/flushlogic.FlushWayReg/q_reg[2]/C
    SLICE_X23Y213        FDRE (Prop_DFF_SLICEL_C_Q)
                                                      0.084     0.084 r  core/lsu/bus.dcache.dcache/flushlogic.FlushWayReg/q_reg[2]/Q
                         net (fo=1, routed)           0.023     0.107    core/lsu/bus.dcache.dcache/cachefsm/q_reg[3][2]
    SLICE_X23Y213        LUT2 (Prop_D5LUT_SLICEL_I1_O)
                                                      0.037     0.144 r  core/lsu/bus.dcache.dcache/cachefsm/q[3]_i_2__14/O
                         net (fo=1, routed)           0.007     0.151    core/lsu/bus.dcache.dcache/flushlogic.FlushWayReg/D[2]
    SLICE_X23Y213        FDRE                                         r  core/lsu/bus.dcache.dcache/flushlogic.FlushWayReg/q_reg[3]/D
  -------------------------------------------------------------------    -------------------

Slack:                    inf
  Source:                 core/lsu/dmmu.dmmu/tlb.tlb/lru/lrustate/q_reg[0]/C
                            (rising edge-triggered cell FDRE)
  Destination:            core/lsu/dmmu.dmmu/tlb.tlb/tlbcam/camlines[0]/validbitflop/q_reg[0]/D
  Path Group:             (none)
  Path Type:              Min at Fast Process Corner
  Data Path Delay:        0.152ns  (logic 0.107ns (70.277%)  route 0.045ns (29.723%))
  Logic Levels:           2  (FDRE=1 LUT3=1)

    Location             Delay type                Incr(ns)  Path(ns)    Netlist Resource(s)
  -------------------------------------------------------------------    -------------------
    SLICE_X34Y210        FDRE                         0.000     0.000 r  core/lsu/dmmu.dmmu/tlb.tlb/lru/lrustate/q_reg[0]/C
    SLICE_X34Y210        FDRE (Prop_HFF_SLICEM_C_Q)
                                                      0.083     0.083 f  core/lsu/dmmu.dmmu/tlb.tlb/lru/lrustate/q_reg[0]/Q
                         net (fo=27, routed)          0.038     0.121    core/lsu/dmmu.dmmu/tlb.tlb/lru/lrustate/q_reg[0]_7
    SLICE_X34Y210        LUT3 (Prop_H5LUT_SLICEM_I0_O)
                                                      0.024     0.145 r  core/lsu/dmmu.dmmu/tlb.tlb/lru/lrustate/q[0]_i_1__60/O
                         net (fo=1, routed)           0.007     0.152    core/lsu/dmmu.dmmu/tlb.tlb/tlbcam/camlines[0]/validbitflop/q_reg[0]_0
    SLICE_X34Y210        FDRE                                         r  core/lsu/dmmu.dmmu/tlb.tlb/tlbcam/camlines[0]/validbitflop/q_reg[0]/D
  -------------------------------------------------------------------    -------------------

Slack:                    inf
  Source:                 core/ifu/pcreg/q_reg[63]/C
                            (rising edge-triggered cell FDRE)
  Destination:            core/ifu/PCDReg/q_reg[63]/D
  Path Group:             (none)
  Path Type:              Min at Fast Process Corner
  Data Path Delay:        0.153ns  (logic 0.083ns (54.381%)  route 0.070ns (45.619%))
  Logic Levels:           1  (FDRE=1)

    Location             Delay type                Incr(ns)  Path(ns)    Netlist Resource(s)
  -------------------------------------------------------------------    -------------------
    SLICE_X35Y226        FDRE                         0.000     0.000 r  core/ifu/pcreg/q_reg[63]/C
    SLICE_X35Y226        FDRE (Prop_DFF_SLICEM_C_Q)
                                                      0.083     0.083 r  core/ifu/pcreg/q_reg[63]/Q
                         net (fo=3, routed)           0.070     0.153    core/ifu/PCDReg/q_reg[63]_1[62]
    SLICE_X35Y225        FDRE                                         r  core/ifu/PCDReg/q_reg[63]/D
  -------------------------------------------------------------------    -------------------

Slack:                    inf
  Source:                 core/lsu/bus.dcache.dcache/cachefsm/FSM_sequential_CurrState_reg[1]/C
                            (rising edge-triggered cell FDRE)
  Destination:            core/lsu/bus.dcache.dcache/cachefsm/FSM_sequential_CurrState_reg[0]/D
  Path Group:             (none)
  Path Type:              Min at Fast Process Corner
  Data Path Delay:        0.153ns  (logic 0.105ns (68.573%)  route 0.048ns (31.427%))
  Logic Levels:           2  (FDRE=1 LUT5=1)

    Location             Delay type                Incr(ns)  Path(ns)    Netlist Resource(s)
  -------------------------------------------------------------------    -------------------
    SLICE_X26Y214        FDRE                         0.000     0.000 r  core/lsu/bus.dcache.dcache/cachefsm/FSM_sequential_CurrState_reg[1]/C
    SLICE_X26Y214        FDRE (Prop_CFF_SLICEL_C_Q)
                                                      0.084     0.084 r  core/lsu/bus.dcache.dcache/cachefsm/FSM_sequential_CurrState_reg[1]/Q
                         net (fo=5, routed)           0.030     0.114    core/lsu/bus.dcache.dcache/cachefsm/Q[1]
    SLICE_X26Y214        LUT5 (Prop_D6LUT_SLICEL_I4_O)
                                                      0.021     0.135 r  core/lsu/bus.dcache.dcache/cachefsm/FSM_sequential_CurrState[0]_i_1/O
                         net (fo=1, routed)           0.018     0.153    core/lsu/bus.dcache.dcache/cachefsm/FSM_sequential_CurrState[0]_i_1_n_0
    SLICE_X26Y214        FDRE                                         r  core/lsu/bus.dcache.dcache/cachefsm/FSM_sequential_CurrState_reg[0]/D
  -------------------------------------------------------------------    -------------------

Slack:                    inf
  Source:                 core/lsu/bus.dcache.dcache/cachefsm/FSM_sequential_CurrState_reg[1]/C
                            (rising edge-triggered cell FDRE)
  Destination:            core/lsu/bus.dcache.dcache/cachefsm/FSM_sequential_CurrState_reg[1]/D
  Path Group:             (none)
  Path Type:              Min at Fast Process Corner
  Data Path Delay:        0.154ns  (logic 0.105ns (68.128%)  route 0.049ns (31.872%))
  Logic Levels:           2  (FDRE=1 LUT4=1)

    Location             Delay type                Incr(ns)  Path(ns)    Netlist Resource(s)
  -------------------------------------------------------------------    -------------------
    SLICE_X26Y214        FDRE                         0.000     0.000 r  core/lsu/bus.dcache.dcache/cachefsm/FSM_sequential_CurrState_reg[1]/C
    SLICE_X26Y214        FDRE (Prop_CFF_SLICEL_C_Q)
                                                      0.084     0.084 r  core/lsu/bus.dcache.dcache/cachefsm/FSM_sequential_CurrState_reg[1]/Q
                         net (fo=5, routed)           0.030     0.114    core/lsu/bus.dcache.dcache/cachefsm/Q[1]
    SLICE_X26Y214        LUT4 (Prop_C6LUT_SLICEL_I3_O)
                                                      0.021     0.135 r  core/lsu/bus.dcache.dcache/cachefsm/FSM_sequential_CurrState[1]_i_2/O
                         net (fo=1, routed)           0.019     0.154    core/lsu/bus.dcache.dcache/cachefsm/FSM_sequential_CurrState[1]_i_2_n_0
    SLICE_X26Y214        FDRE                                         r  core/lsu/bus.dcache.dcache/cachefsm/FSM_sequential_CurrState_reg[1]/D
  -------------------------------------------------------------------    -------------------





