Copyright 1986-2022 Xilinx, Inc. All Rights Reserved. Copyright 2022-2024 Advanced Micro Devices, Inc. All Rights Reserved.
-----------------------------------------------------------------------------------------------------------------------------------------------------------------------------------------------------------------------------------------------------
| Tool Version      : Vivado v.2024.2 (lin64) Build 5239630 Fri Nov 08 22:34:34 MST 2024
| Date              : Thu May 22 21:18:35 2025
| Host              : thinkpad-p1-gen-5 running 64-bit Ubuntu 25.04
| Command           : report_timing_summary -max_paths 10 -report_unconstrained -file wallypipelinedsoc_timing_summary_routed.rpt -pb wallypipelinedsoc_timing_summary_routed.pb -rpx wallypipelinedsoc_timing_summary_routed.rpx -warn_on_violation
| Design            : wallypipelinedsoc
| Device            : xck26-sfvc784
| Speed File        : -2LV  PRODUCTION 1.30 05-15-2022
| Design State      : Routed
| Temperature Grade : C
-----------------------------------------------------------------------------------------------------------------------------------------------------------------------------------------------------------------------------------------------------

Timing Summary Report

------------------------------------------------------------------------------------------------
| Timer Settings
| --------------
------------------------------------------------------------------------------------------------

  Enable Multi Corner Analysis               :  Yes
  Enable Pessimism Removal                   :  Yes
  Pessimism Removal Resolution               :  Nearest Common Node
  Enable Input Delay Default Clock           :  No
  Enable Preset / Clear Arcs                 :  No
  Disable Flight Delays                      :  No
  Ignore I/O Paths                           :  No
  Timing Early Launch at Borrowing Latches   :  No
  Borrow Time for Max Delay Exceptions       :  Yes
  Merge Timing Exceptions                    :  Yes
  Inter-SLR Compensation                     :  Conservative

  Corner  Analyze    Analyze    
  Name    Max Paths  Min Paths  
  ------  ---------  ---------  
  Slow    Yes        Yes        
  Fast    Yes        Yes        


------------------------------------------------------------------------------------------------
| Report Methodology
| ------------------
------------------------------------------------------------------------------------------------

Rule       Severity          Description                                           Violations  
---------  ----------------  ----------------------------------------------------  ----------  
TIMING-17  Critical Warning  Non-clocked sequential cell                           788         
XDCC-4     Warning           User Clock constraint overwritten with the same name  1           

Note: This report is based on the most recent report_methodology run and may not be up-to-date. Run report_methodology on the current design for the latest report.



check_timing report

Table of Contents
-----------------
1. checking no_clock (788)
2. checking constant_clock (0)
3. checking pulse_width_clock (0)
4. checking unconstrained_internal_endpoints (1692)
5. checking no_input_delay (1)
6. checking no_output_delay (17)
7. checking multiple_clock (0)
8. checking generated_clocks (0)
9. checking loops (0)
10. checking partial_input_delay (0)
11. checking partial_output_delay (0)
12. checking latch_loops (0)

1. checking no_clock (788)
--------------------------
 There are 788 register/latch pins with no clock driven by root clock pin: clk (HIGH)


2. checking constant_clock (0)
------------------------------
 There are 0 register/latch pins with constant_clock.


3. checking pulse_width_clock (0)
---------------------------------
 There are 0 register/latch pins which need pulse_width check


4. checking unconstrained_internal_endpoints (1692)
---------------------------------------------------
 There are 1692 pins that are not constrained for maximum delay. (HIGH)

 There are 0 pins that are not constrained for maximum delay due to constant clock.


5. checking no_input_delay (1)
------------------------------
 There is 1 input port with no input delay specified. (HIGH)

 There are 0 input ports with no input delay but user has a false path constraint.


6. checking no_output_delay (17)
--------------------------------
 There are 16 ports with no output delay specified. (HIGH)

 There are 0 ports with no output delay but user has a false path constraint

 There is 1 port with no output delay but with a timing clock defined on it or propagating through it (LOW)


7. checking multiple_clock (0)
------------------------------
 There are 0 register/latch pins with multiple clocks.


8. checking generated_clocks (0)
--------------------------------
 There are 0 generated clocks that are not connected to a clock source.


9. checking loops (0)
---------------------
 There are 0 combinational loops in the design.


10. checking partial_input_delay (0)
------------------------------------
 There are 0 input ports with partial input delay specified.


11. checking partial_output_delay (0)
-------------------------------------
 There are 0 ports with partial output delay specified.


12. checking latch_loops (0)
----------------------------
 There are 0 combinational latch loops in the design through latch input



------------------------------------------------------------------------------------------------
| Design Timing Summary
| ---------------------
------------------------------------------------------------------------------------------------

    WNS(ns)      TNS(ns)  TNS Failing Endpoints  TNS Total Endpoints      WHS(ns)      THS(ns)  THS Failing Endpoints  THS Total Endpoints     WPWS(ns)     TPWS(ns)  TPWS Failing Endpoints  TPWS Total Endpoints  
    -------      -------  ---------------------  -------------------      -------      -------  ---------------------  -------------------     --------     --------  ----------------------  --------------------  
        inf        0.000                      0                 1709          inf        0.000                      0                 1709           NA           NA                      NA                    NA  


All user specified timing constraints are met.


------------------------------------------------------------------------------------------------
| Clock Summary
| -------------
------------------------------------------------------------------------------------------------

Clock    Waveform(ns)         Period(ns)      Frequency(MHz)
-----    ------------         ----------      --------------
clk300M  {0.000 1.665}        3.330           300.300         


------------------------------------------------------------------------------------------------
| Intra Clock Table
| -----------------
------------------------------------------------------------------------------------------------

Clock             WNS(ns)      TNS(ns)  TNS Failing Endpoints  TNS Total Endpoints      WHS(ns)      THS(ns)  THS Failing Endpoints  THS Total Endpoints     WPWS(ns)     TPWS(ns)  TPWS Failing Endpoints  TPWS Total Endpoints  
-----             -------      -------  ---------------------  -------------------      -------      -------  ---------------------  -------------------     --------     --------  ----------------------  --------------------  


------------------------------------------------------------------------------------------------
| Inter Clock Table
| -----------------
------------------------------------------------------------------------------------------------

From Clock    To Clock          WNS(ns)      TNS(ns)  TNS Failing Endpoints  TNS Total Endpoints      WHS(ns)      THS(ns)  THS Failing Endpoints  THS Total Endpoints  
----------    --------          -------      -------  ---------------------  -------------------      -------      -------  ---------------------  -------------------  


------------------------------------------------------------------------------------------------
| Other Path Groups Table
| -----------------------
------------------------------------------------------------------------------------------------

Path Group    From Clock    To Clock          WNS(ns)      TNS(ns)  TNS Failing Endpoints  TNS Total Endpoints      WHS(ns)      THS(ns)  THS Failing Endpoints  THS Total Endpoints  
----------    ----------    --------          -------      -------  ---------------------  -------------------      -------      -------  ---------------------  -------------------  


------------------------------------------------------------------------------------------------
| User Ignored Path Table
| -----------------------
------------------------------------------------------------------------------------------------

Path Group    From Clock    To Clock    
----------    ----------    --------    


------------------------------------------------------------------------------------------------
| Unconstrained Path Table
| ------------------------
------------------------------------------------------------------------------------------------

Path Group    From Clock    To Clock    
----------    ----------    --------    
(none)                                    


------------------------------------------------------------------------------------------------
| Timing Details
| --------------
------------------------------------------------------------------------------------------------


--------------------------------------------------------------------------------------
Path Group:  (none)
From Clock:  
  To Clock:  

Max Delay          1709 Endpoints
Min Delay          1709 Endpoints
--------------------------------------------------------------------------------------


Max Delay Paths
--------------------------------------------------------------------------------------
Slack:                    inf
  Source:                 core/lsu/hptw.hptw/WalkerStateReg/q_reg[1]/C
                            (rising edge-triggered cell FDRE)
  Destination:            HPROT[0]
                            (output port)
  Path Group:             (none)
  Path Type:              Max at Slow Process Corner
  Data Path Delay:        12.378ns  (logic 3.257ns (26.312%)  route 9.121ns (73.688%))
  Logic Levels:           18  (FDRE=1 LUT2=1 LUT3=4 LUT4=5 LUT5=1 LUT6=5 OBUF=1)

    Pin Reuse     Location             Delay type                Incr(ns)  Path(ns)    Netlist Resource(s)
  ---------------------------------------------------------------------------------    -------------------
    Placement     SLICE_X19Y222        FDRE                         0.000     0.000 r  core/lsu/hptw.hptw/WalkerStateReg/q_reg[1]/C
    Placement     SLICE_X19Y222        FDRE (Prop_HFF2_SLICEL_C_Q)
                                                                    0.115     0.115 f  core/lsu/hptw.hptw/WalkerStateReg/q_reg[1]/Q
                                       net (fo=34, routed)          0.265     0.380    core/lsu/hptw.hptw/WalkerStateReg/q_reg[1]_0
    Placement     SLICE_X18Y225                                                     f  core/lsu/hptw.hptw/WalkerStateReg/q[3]_i_3__2/I2
    Placement     SLICE_X18Y225        LUT3 (Prop_D5LUT_SLICEM_I2_O)
                                                                    0.220     0.600 f  core/lsu/hptw.hptw/WalkerStateReg/q[3]_i_3__2/O
                                       net (fo=78, routed)          0.326     0.926    core/lsu/hptw.hptw/WalkerStateReg/q_reg[3]_2
    New           SLICE_X17Y229                                                     f  core/lsu/hptw.hptw/WalkerStateReg/q[3]_i_1__6/I0
    New           SLICE_X17Y229        LUT2 (Prop_H6LUT_SLICEM_I0_O)
                                                                    0.138     1.064 r  core/lsu/hptw.hptw/WalkerStateReg/q[3]_i_1__6/O
                                       net (fo=89, routed)          2.526     3.590    core/lsu/dmmu.dmmu/tlb.tlb/tlbcam/camlines[7]/keyflop/IHAdrM__0[3]
    Placement     SLICE_X12Y231                                                     r  core/lsu/dmmu.dmmu/tlb.tlb/tlbcam/camlines[7]/keyflop/q[7]_i_6__0/I1
    Routing       SLICE_X12Y231        LUT3 (Prop_D5LUT_SLICEM_I1_O)
                                                                    0.190     3.780 r  core/lsu/dmmu.dmmu/tlb.tlb/tlbcam/camlines[7]/keyflop/q[7]_i_6__0/O
                                       net (fo=3, routed)           0.183     3.963    core/lsu/dmmu.dmmu/tlb.tlb/tlbcam/camlines[7]/validbitflop/q_reg[7]_0
    Routing       SLICE_X13Y231                                                     r  core/lsu/dmmu.dmmu/tlb.tlb/tlbcam/camlines[7]/validbitflop/q[7]_i_2__0/I3
    Routing       SLICE_X13Y231        LUT4 (Prop_B5LUT_SLICEM_I3_O)
                                                                    0.160     4.123 f  core/lsu/dmmu.dmmu/tlb.tlb/tlbcam/camlines[7]/validbitflop/q[7]_i_2__0/O
                                       net (fo=4, routed)           0.222     4.345    core/lsu/dmmu.dmmu/tlb.tlb/tlbcam/camlines[8]/validbitflop/Matches[0]
    Routing       SLICE_X13Y231                                                     f  core/lsu/dmmu.dmmu/tlb.tlb/tlbcam/camlines[8]/validbitflop/q[12]_i_27/I2
    Routing       SLICE_X13Y231        LUT4 (Prop_E6LUT_SLICEM_I2_O)
                                                                    0.057     4.402 f  core/lsu/dmmu.dmmu/tlb.tlb/tlbcam/camlines[8]/validbitflop/q[12]_i_27/O
                                       net (fo=1, routed)           0.253     4.655    core/lsu/dmmu.dmmu/tlb.tlb/tlbcam/camlines[11]/pagetypeflop/q[12]_i_2_2
    Routing       SLICE_X17Y233                                                     f  core/lsu/dmmu.dmmu/tlb.tlb/tlbcam/camlines[11]/pagetypeflop/q[12]_i_5__1/I4
    Routing       SLICE_X17Y233        LUT6 (Prop_H6LUT_SLICEM_I4_O)
                                                                    0.189     4.844 f  core/lsu/dmmu.dmmu/tlb.tlb/tlbcam/camlines[11]/pagetypeflop/q[12]_i_5__1/O
                                       net (fo=1, routed)           0.277     5.121    core/lsu/dmmu.dmmu/tlb.tlb_n_245
    Routing       SLICE_X18Y232                                                     f  core/lsu/dmmu.dmmu/q[12]_i_2/I0
    Placement     SLICE_X18Y232        LUT6 (Prop_H6LUT_SLICEM_I0_O)
                                                                    0.060     5.181 f  core/lsu/dmmu.dmmu/q[12]_i_2/O
                                       net (fo=4, routed)           0.340     5.521    core/lsu/dmmu.dmmu/tlb.tlb/tlbram/tlbramline[16]/pteflop/lopt_20
    Placement     SLICE_X15Y229                                                     f  core/lsu/dmmu.dmmu/tlb.tlb/tlbram/tlbramline[16]/pteflop/STATUS_MPP[1]_i_14_LOPT_REMAP/I1
    Placement     SLICE_X15Y229        LUT4 (Prop_B5LUT_SLICEL_I1_O)
                                                                    0.196     5.717 f  core/lsu/dmmu.dmmu/tlb.tlb/tlbram/tlbramline[16]/pteflop/STATUS_MPP[1]_i_14_LOPT_REMAP/O
                                       net (fo=1, routed)           0.195     5.912    core/lsu/dmmu.dmmu/tlb.tlb/tlbram/tlbramline[16]/pteflop/xlnx_opt_STATUS_MPP[1]_i_21_6
    Placement     SLICE_X15Y227                                                     f  core/lsu/dmmu.dmmu/tlb.tlb/tlbram/tlbramline[16]/pteflop/STATUS_MPP[1]_i_14_LOPT_REMAP_1/I4
    Placement     SLICE_X15Y227        LUT5 (Prop_E6LUT_SLICEL_I4_O)
                                                                    0.138     6.050 f  core/lsu/dmmu.dmmu/tlb.tlb/tlbram/tlbramline[16]/pteflop/STATUS_MPP[1]_i_14_LOPT_REMAP_1/O
                                       net (fo=1, routed)           0.355     6.405    core/lsu/dmmu.dmmu/tlb.tlb/tlbram/tlbramline[16]/pteflop/xlnx_opt_STATUS_MPP[1]_i_21_5
    Placement     SLICE_X16Y227                                                     f  core/lsu/dmmu.dmmu/tlb.tlb/tlbram/tlbramline[16]/pteflop/STATUS_MPP[1]_i_14_LOPT_REMAP_7/I3
    Placement     SLICE_X16Y227        LUT6 (Prop_G6LUT_SLICEL_I3_O)
                                                                    0.226     6.631 r  core/lsu/dmmu.dmmu/tlb.tlb/tlbram/tlbramline[16]/pteflop/STATUS_MPP[1]_i_14_LOPT_REMAP_7/O
                                       net (fo=2, routed)           0.630     7.261    core/lsu/hptw.hptw/WalkerStateReg/STATUS_MPP[1]_i_7_0
    Placement     SLICE_X19Y225                                                     r  core/lsu/hptw.hptw/WalkerStateReg/STATUS_MPP[1]_i_7_LOPT_REMAP_2/I0
    Routing       SLICE_X19Y225        LUT6 (Prop_G6LUT_SLICEL_I0_O)
                                                                    0.186     7.447 f  core/lsu/hptw.hptw/WalkerStateReg/STATUS_MPP[1]_i_7_LOPT_REMAP_2/O
                                       net (fo=1, routed)           0.105     7.552    core/lsu/hptw.hptw/WalkerStateReg/xlnx_opt_q_reg[4]
    Routing       SLICE_X19Y225                                                     f  core/lsu/hptw.hptw/WalkerStateReg/STATUS_MPP[1]_i_7_LOPT_REMAP_3/I3
    Routing       SLICE_X19Y225        LUT4 (Prop_E6LUT_SLICEL_I3_O)
                                                                    0.057     7.609 r  core/lsu/hptw.hptw/WalkerStateReg/STATUS_MPP[1]_i_7_LOPT_REMAP_3/O
                                       net (fo=2, routed)           0.165     7.774    core/lsu/hptw.hptw/WalkerStateReg/q_reg[4]
    Routing       SLICE_X19Y221                                                     r  core/lsu/hptw.hptw/WalkerStateReg/STATUS_MPP[1]_i_3/I2
    Placement     SLICE_X19Y221        LUT3 (Prop_B5LUT_SLICEL_I2_O)
                                                                    0.097     7.871 r  core/lsu/hptw.hptw/WalkerStateReg/STATUS_MPP[1]_i_3/O
                                       net (fo=78, routed)          0.295     8.166    core/lsu/hptw.hptw/WalkerStateReg/FSM_sequential_CurrState_reg[1]_1
    Placement     SLICE_X20Y223                                                     r  core/lsu/hptw.hptw/WalkerStateReg/FSM_onehot_CurrState[6]_i_1/I0
    Routing       SLICE_X20Y223        LUT3 (Prop_B6LUT_SLICEM_I0_O)
                                                                    0.082     8.248 f  core/lsu/hptw.hptw/WalkerStateReg/FSM_onehot_CurrState[6]_i_1/O
                                       net (fo=13, routed)          0.287     8.535    core/lsu/bus.dcache.ahbcacheinterface/AHBBuscachefsm/BeatCountDelayedReg/IgnoreRequest
    Routing       SLICE_X21Y224                                                     f  core/lsu/bus.dcache.ahbcacheinterface/AHBBuscachefsm/BeatCountDelayedReg/q[0]_i_2__8/I3
    Routing       SLICE_X21Y224        LUT6 (Prop_G6LUT_SLICEM_I3_O)
                                                                    0.082     8.617 r  core/lsu/bus.dcache.ahbcacheinterface/AHBBuscachefsm/BeatCountDelayedReg/q[0]_i_2__8/O
                                       net (fo=8, routed)           0.289     8.906    core/lsu/bus.dcache.ahbcacheinterface/AHBBuscachefsm/BeatCountReg/q_reg[68]
    Routing       SLICE_X22Y221                                                     r  core/lsu/bus.dcache.ahbcacheinterface/AHBBuscachefsm/BeatCountReg/HWRITE_OBUF_inst_i_3/I1
    Routing       SLICE_X22Y221        LUT4 (Prop_D5LUT_SLICEL_I1_O)
                                                                    0.152     9.058 r  core/lsu/bus.dcache.ahbcacheinterface/AHBBuscachefsm/BeatCountReg/HWRITE_OBUF_inst_i_3/O
                                       net (fo=8, routed)           2.408    11.466    HPROT_OBUF[0]
    Routing       D7                                                                r  HPROT_OBUF[0]_inst/I
    Routing       D7                   OBUF (Prop_OUTBUF_HPIOB_M_I_O)
                                                                    0.912    12.378 r  HPROT_OBUF[0]_inst/O
                                       net (fo=0)                   0.000    12.378    HPROT[0]
                  D7                                                                r  HPROT[0] (OUT)
  ---------------------------------------------------------------------------------    -------------------

Slack:                    inf
  Source:                 core/lsu/hptw.hptw/WalkerStateReg/q_reg[1]/C
                            (rising edge-triggered cell FDRE)
  Destination:            HBURST[2]
                            (output port)
  Path Group:             (none)
  Path Type:              Max at Slow Process Corner
  Data Path Delay:        12.215ns  (logic 3.478ns (28.469%)  route 8.737ns (71.531%))
  Logic Levels:           19  (FDRE=1 LUT2=1 LUT3=4 LUT4=5 LUT5=1 LUT6=6 OBUF=1)

    Pin Reuse     Location             Delay type                Incr(ns)  Path(ns)    Netlist Resource(s)
  ---------------------------------------------------------------------------------    -------------------
    Placement     SLICE_X19Y222        FDRE                         0.000     0.000 r  core/lsu/hptw.hptw/WalkerStateReg/q_reg[1]/C
    Placement     SLICE_X19Y222        FDRE (Prop_HFF2_SLICEL_C_Q)
                                                                    0.115     0.115 f  core/lsu/hptw.hptw/WalkerStateReg/q_reg[1]/Q
                                       net (fo=34, routed)          0.265     0.380    core/lsu/hptw.hptw/WalkerStateReg/q_reg[1]_0
    Placement     SLICE_X18Y225                                                     f  core/lsu/hptw.hptw/WalkerStateReg/q[3]_i_3__2/I2
    Placement     SLICE_X18Y225        LUT3 (Prop_D5LUT_SLICEM_I2_O)
                                                                    0.220     0.600 f  core/lsu/hptw.hptw/WalkerStateReg/q[3]_i_3__2/O
                                       net (fo=78, routed)          0.326     0.926    core/lsu/hptw.hptw/WalkerStateReg/q_reg[3]_2
    New           SLICE_X17Y229                                                     f  core/lsu/hptw.hptw/WalkerStateReg/q[3]_i_1__6/I0
    New           SLICE_X17Y229        LUT2 (Prop_H6LUT_SLICEM_I0_O)
                                                                    0.138     1.064 r  core/lsu/hptw.hptw/WalkerStateReg/q[3]_i_1__6/O
                                       net (fo=89, routed)          2.526     3.590    core/lsu/dmmu.dmmu/tlb.tlb/tlbcam/camlines[7]/keyflop/IHAdrM__0[3]
    Placement     SLICE_X12Y231                                                     r  core/lsu/dmmu.dmmu/tlb.tlb/tlbcam/camlines[7]/keyflop/q[7]_i_6__0/I1
    Routing       SLICE_X12Y231        LUT3 (Prop_D5LUT_SLICEM_I1_O)
                                                                    0.190     3.780 r  core/lsu/dmmu.dmmu/tlb.tlb/tlbcam/camlines[7]/keyflop/q[7]_i_6__0/O
                                       net (fo=3, routed)           0.183     3.963    core/lsu/dmmu.dmmu/tlb.tlb/tlbcam/camlines[7]/validbitflop/q_reg[7]_0
    Routing       SLICE_X13Y231                                                     r  core/lsu/dmmu.dmmu/tlb.tlb/tlbcam/camlines[7]/validbitflop/q[7]_i_2__0/I3
    Routing       SLICE_X13Y231        LUT4 (Prop_B5LUT_SLICEM_I3_O)
                                                                    0.160     4.123 f  core/lsu/dmmu.dmmu/tlb.tlb/tlbcam/camlines[7]/validbitflop/q[7]_i_2__0/O
                                       net (fo=4, routed)           0.222     4.345    core/lsu/dmmu.dmmu/tlb.tlb/tlbcam/camlines[8]/validbitflop/Matches[0]
    Routing       SLICE_X13Y231                                                     f  core/lsu/dmmu.dmmu/tlb.tlb/tlbcam/camlines[8]/validbitflop/q[12]_i_27/I2
    Routing       SLICE_X13Y231        LUT4 (Prop_E6LUT_SLICEM_I2_O)
                                                                    0.057     4.402 f  core/lsu/dmmu.dmmu/tlb.tlb/tlbcam/camlines[8]/validbitflop/q[12]_i_27/O
                                       net (fo=1, routed)           0.253     4.655    core/lsu/dmmu.dmmu/tlb.tlb/tlbcam/camlines[11]/pagetypeflop/q[12]_i_2_2
    Routing       SLICE_X17Y233                                                     f  core/lsu/dmmu.dmmu/tlb.tlb/tlbcam/camlines[11]/pagetypeflop/q[12]_i_5__1/I4
    Routing       SLICE_X17Y233        LUT6 (Prop_H6LUT_SLICEM_I4_O)
                                                                    0.189     4.844 f  core/lsu/dmmu.dmmu/tlb.tlb/tlbcam/camlines[11]/pagetypeflop/q[12]_i_5__1/O
                                       net (fo=1, routed)           0.277     5.121    core/lsu/dmmu.dmmu/tlb.tlb_n_245
    Routing       SLICE_X18Y232                                                     f  core/lsu/dmmu.dmmu/q[12]_i_2/I0
    Placement     SLICE_X18Y232        LUT6 (Prop_H6LUT_SLICEM_I0_O)
                                                                    0.060     5.181 f  core/lsu/dmmu.dmmu/q[12]_i_2/O
                                       net (fo=4, routed)           0.340     5.521    core/lsu/dmmu.dmmu/tlb.tlb/tlbram/tlbramline[16]/pteflop/lopt_20
    Placement     SLICE_X15Y229                                                     f  core/lsu/dmmu.dmmu/tlb.tlb/tlbram/tlbramline[16]/pteflop/STATUS_MPP[1]_i_14_LOPT_REMAP/I1
    Placement     SLICE_X15Y229        LUT4 (Prop_B5LUT_SLICEL_I1_O)
                                                                    0.196     5.717 f  core/lsu/dmmu.dmmu/tlb.tlb/tlbram/tlbramline[16]/pteflop/STATUS_MPP[1]_i_14_LOPT_REMAP/O
                                       net (fo=1, routed)           0.195     5.912    core/lsu/dmmu.dmmu/tlb.tlb/tlbram/tlbramline[16]/pteflop/xlnx_opt_STATUS_MPP[1]_i_21_6
    Placement     SLICE_X15Y227                                                     f  core/lsu/dmmu.dmmu/tlb.tlb/tlbram/tlbramline[16]/pteflop/STATUS_MPP[1]_i_14_LOPT_REMAP_1/I4
    Placement     SLICE_X15Y227        LUT5 (Prop_E6LUT_SLICEL_I4_O)
                                                                    0.138     6.050 f  core/lsu/dmmu.dmmu/tlb.tlb/tlbram/tlbramline[16]/pteflop/STATUS_MPP[1]_i_14_LOPT_REMAP_1/O
                                       net (fo=1, routed)           0.355     6.405    core/lsu/dmmu.dmmu/tlb.tlb/tlbram/tlbramline[16]/pteflop/xlnx_opt_STATUS_MPP[1]_i_21_5
    Placement     SLICE_X16Y227                                                     f  core/lsu/dmmu.dmmu/tlb.tlb/tlbram/tlbramline[16]/pteflop/STATUS_MPP[1]_i_14_LOPT_REMAP_7/I3
    Placement     SLICE_X16Y227        LUT6 (Prop_G6LUT_SLICEL_I3_O)
                                                                    0.226     6.631 r  core/lsu/dmmu.dmmu/tlb.tlb/tlbram/tlbramline[16]/pteflop/STATUS_MPP[1]_i_14_LOPT_REMAP_7/O
                                       net (fo=2, routed)           0.630     7.261    core/lsu/hptw.hptw/WalkerStateReg/STATUS_MPP[1]_i_7_0
    Placement     SLICE_X19Y225                                                     r  core/lsu/hptw.hptw/WalkerStateReg/STATUS_MPP[1]_i_7_LOPT_REMAP_2/I0
    Routing       SLICE_X19Y225        LUT6 (Prop_G6LUT_SLICEL_I0_O)
                                                                    0.186     7.447 f  core/lsu/hptw.hptw/WalkerStateReg/STATUS_MPP[1]_i_7_LOPT_REMAP_2/O
                                       net (fo=1, routed)           0.105     7.552    core/lsu/hptw.hptw/WalkerStateReg/xlnx_opt_q_reg[4]
    Routing       SLICE_X19Y225                                                     f  core/lsu/hptw.hptw/WalkerStateReg/STATUS_MPP[1]_i_7_LOPT_REMAP_3/I3
    Routing       SLICE_X19Y225        LUT4 (Prop_E6LUT_SLICEL_I3_O)
                                                                    0.057     7.609 r  core/lsu/hptw.hptw/WalkerStateReg/STATUS_MPP[1]_i_7_LOPT_REMAP_3/O
                                       net (fo=2, routed)           0.165     7.774    core/lsu/hptw.hptw/WalkerStateReg/q_reg[4]
    Routing       SLICE_X19Y221                                                     r  core/lsu/hptw.hptw/WalkerStateReg/STATUS_MPP[1]_i_3/I2
    Placement     SLICE_X19Y221        LUT3 (Prop_B5LUT_SLICEL_I2_O)
                                                                    0.097     7.871 r  core/lsu/hptw.hptw/WalkerStateReg/STATUS_MPP[1]_i_3/O
                                       net (fo=78, routed)          0.295     8.166    core/lsu/hptw.hptw/WalkerStateReg/FSM_sequential_CurrState_reg[1]_1
    Placement     SLICE_X20Y223                                                     r  core/lsu/hptw.hptw/WalkerStateReg/FSM_onehot_CurrState[6]_i_1/I0
    Routing       SLICE_X20Y223        LUT3 (Prop_B6LUT_SLICEM_I0_O)
                                                                    0.082     8.248 f  core/lsu/hptw.hptw/WalkerStateReg/FSM_onehot_CurrState[6]_i_1/O
                                       net (fo=13, routed)          0.287     8.535    core/lsu/bus.dcache.ahbcacheinterface/AHBBuscachefsm/BeatCountDelayedReg/IgnoreRequest
    Routing       SLICE_X21Y224                                                     f  core/lsu/bus.dcache.ahbcacheinterface/AHBBuscachefsm/BeatCountDelayedReg/q[0]_i_2__8/I3
    Routing       SLICE_X21Y224        LUT6 (Prop_G6LUT_SLICEM_I3_O)
                                                                    0.082     8.617 r  core/lsu/bus.dcache.ahbcacheinterface/AHBBuscachefsm/BeatCountDelayedReg/q[0]_i_2__8/O
                                       net (fo=8, routed)           0.289     8.906    core/lsu/bus.dcache.ahbcacheinterface/AHBBuscachefsm/BeatCountReg/q_reg[68]
    Routing       SLICE_X22Y221                                                     r  core/lsu/bus.dcache.ahbcacheinterface/AHBBuscachefsm/BeatCountReg/HWRITE_OBUF_inst_i_3/I1
    Routing       SLICE_X22Y221        LUT4 (Prop_D5LUT_SLICEL_I1_O)
                                                                    0.152     9.058 r  core/lsu/bus.dcache.ahbcacheinterface/AHBBuscachefsm/BeatCountReg/HWRITE_OBUF_inst_i_3/O
                                       net (fo=8, routed)           0.281     9.339    core/ebu.ebu/IFUInput/SaveReg/HBURST[0]
    Routing       SLICE_X22Y221                                                     r  core/ebu.ebu/IFUInput/SaveReg/HBURST_OBUF[2]_inst_i_1/I1
    Routing       SLICE_X22Y221        LUT6 (Prop_G6LUT_SLICEL_I1_O)
                                                                    0.226     9.565 r  core/ebu.ebu/IFUInput/SaveReg/HBURST_OBUF[2]_inst_i_1/O
                                       net (fo=2, routed)           1.744    11.308    HBURST_OBUF[0]
    Routing       C4                                                                r  HBURST_OBUF[2]_inst/I
    Routing       C4                   OBUF (Prop_OUTBUF_HPIOB_S_I_O)
                                                                    0.907    12.215 r  HBURST_OBUF[2]_inst/O
                                       net (fo=0)                   0.000    12.215    HBURST[2]
                  C4                                                                r  HBURST[2] (OUT)
  ---------------------------------------------------------------------------------    -------------------

Slack:                    inf
  Source:                 core/lsu/hptw.hptw/WalkerStateReg/q_reg[1]/C
                            (rising edge-triggered cell FDRE)
  Destination:            HSIZE[0]
                            (output port)
  Path Group:             (none)
  Path Type:              Max at Slow Process Corner
  Data Path Delay:        12.196ns  (logic 3.488ns (28.595%)  route 8.709ns (71.405%))
  Logic Levels:           19  (FDRE=1 LUT2=2 LUT3=4 LUT4=5 LUT5=1 LUT6=5 OBUF=1)

    Pin Reuse     Location             Delay type                Incr(ns)  Path(ns)    Netlist Resource(s)
  ---------------------------------------------------------------------------------    -------------------
    Placement     SLICE_X19Y222        FDRE                         0.000     0.000 r  core/lsu/hptw.hptw/WalkerStateReg/q_reg[1]/C
    Placement     SLICE_X19Y222        FDRE (Prop_HFF2_SLICEL_C_Q)
                                                                    0.115     0.115 f  core/lsu/hptw.hptw/WalkerStateReg/q_reg[1]/Q
                                       net (fo=34, routed)          0.265     0.380    core/lsu/hptw.hptw/WalkerStateReg/q_reg[1]_0
    Placement     SLICE_X18Y225                                                     f  core/lsu/hptw.hptw/WalkerStateReg/q[3]_i_3__2/I2
    Placement     SLICE_X18Y225        LUT3 (Prop_D5LUT_SLICEM_I2_O)
                                                                    0.220     0.600 f  core/lsu/hptw.hptw/WalkerStateReg/q[3]_i_3__2/O
                                       net (fo=78, routed)          0.326     0.926    core/lsu/hptw.hptw/WalkerStateReg/q_reg[3]_2
    New           SLICE_X17Y229                                                     f  core/lsu/hptw.hptw/WalkerStateReg/q[3]_i_1__6/I0
    New           SLICE_X17Y229        LUT2 (Prop_H6LUT_SLICEM_I0_O)
                                                                    0.138     1.064 r  core/lsu/hptw.hptw/WalkerStateReg/q[3]_i_1__6/O
                                       net (fo=89, routed)          2.526     3.590    core/lsu/dmmu.dmmu/tlb.tlb/tlbcam/camlines[7]/keyflop/IHAdrM__0[3]
    Placement     SLICE_X12Y231                                                     r  core/lsu/dmmu.dmmu/tlb.tlb/tlbcam/camlines[7]/keyflop/q[7]_i_6__0/I1
    Routing       SLICE_X12Y231        LUT3 (Prop_D5LUT_SLICEM_I1_O)
                                                                    0.190     3.780 r  core/lsu/dmmu.dmmu/tlb.tlb/tlbcam/camlines[7]/keyflop/q[7]_i_6__0/O
                                       net (fo=3, routed)           0.183     3.963    core/lsu/dmmu.dmmu/tlb.tlb/tlbcam/camlines[7]/validbitflop/q_reg[7]_0
    Routing       SLICE_X13Y231                                                     r  core/lsu/dmmu.dmmu/tlb.tlb/tlbcam/camlines[7]/validbitflop/q[7]_i_2__0/I3
    Routing       SLICE_X13Y231        LUT4 (Prop_B5LUT_SLICEM_I3_O)
                                                                    0.160     4.123 f  core/lsu/dmmu.dmmu/tlb.tlb/tlbcam/camlines[7]/validbitflop/q[7]_i_2__0/O
                                       net (fo=4, routed)           0.222     4.345    core/lsu/dmmu.dmmu/tlb.tlb/tlbcam/camlines[8]/validbitflop/Matches[0]
    Routing       SLICE_X13Y231                                                     f  core/lsu/dmmu.dmmu/tlb.tlb/tlbcam/camlines[8]/validbitflop/q[12]_i_27/I2
    Routing       SLICE_X13Y231        LUT4 (Prop_E6LUT_SLICEM_I2_O)
                                                                    0.057     4.402 f  core/lsu/dmmu.dmmu/tlb.tlb/tlbcam/camlines[8]/validbitflop/q[12]_i_27/O
                                       net (fo=1, routed)           0.253     4.655    core/lsu/dmmu.dmmu/tlb.tlb/tlbcam/camlines[11]/pagetypeflop/q[12]_i_2_2
    Routing       SLICE_X17Y233                                                     f  core/lsu/dmmu.dmmu/tlb.tlb/tlbcam/camlines[11]/pagetypeflop/q[12]_i_5__1/I4
    Routing       SLICE_X17Y233        LUT6 (Prop_H6LUT_SLICEM_I4_O)
                                                                    0.189     4.844 f  core/lsu/dmmu.dmmu/tlb.tlb/tlbcam/camlines[11]/pagetypeflop/q[12]_i_5__1/O
                                       net (fo=1, routed)           0.277     5.121    core/lsu/dmmu.dmmu/tlb.tlb_n_245
    Routing       SLICE_X18Y232                                                     f  core/lsu/dmmu.dmmu/q[12]_i_2/I0
    Placement     SLICE_X18Y232        LUT6 (Prop_H6LUT_SLICEM_I0_O)
                                                                    0.060     5.181 f  core/lsu/dmmu.dmmu/q[12]_i_2/O
                                       net (fo=4, routed)           0.340     5.521    core/lsu/dmmu.dmmu/tlb.tlb/tlbram/tlbramline[16]/pteflop/lopt_20
    Placement     SLICE_X15Y229                                                     f  core/lsu/dmmu.dmmu/tlb.tlb/tlbram/tlbramline[16]/pteflop/STATUS_MPP[1]_i_14_LOPT_REMAP/I1
    Placement     SLICE_X15Y229        LUT4 (Prop_B5LUT_SLICEL_I1_O)
                                                                    0.196     5.717 f  core/lsu/dmmu.dmmu/tlb.tlb/tlbram/tlbramline[16]/pteflop/STATUS_MPP[1]_i_14_LOPT_REMAP/O
                                       net (fo=1, routed)           0.195     5.912    core/lsu/dmmu.dmmu/tlb.tlb/tlbram/tlbramline[16]/pteflop/xlnx_opt_STATUS_MPP[1]_i_21_6
    Placement     SLICE_X15Y227                                                     f  core/lsu/dmmu.dmmu/tlb.tlb/tlbram/tlbramline[16]/pteflop/STATUS_MPP[1]_i_14_LOPT_REMAP_1/I4
    Placement     SLICE_X15Y227        LUT5 (Prop_E6LUT_SLICEL_I4_O)
                                                                    0.138     6.050 f  core/lsu/dmmu.dmmu/tlb.tlb/tlbram/tlbramline[16]/pteflop/STATUS_MPP[1]_i_14_LOPT_REMAP_1/O
                                       net (fo=1, routed)           0.355     6.405    core/lsu/dmmu.dmmu/tlb.tlb/tlbram/tlbramline[16]/pteflop/xlnx_opt_STATUS_MPP[1]_i_21_5
    Placement     SLICE_X16Y227                                                     f  core/lsu/dmmu.dmmu/tlb.tlb/tlbram/tlbramline[16]/pteflop/STATUS_MPP[1]_i_14_LOPT_REMAP_7/I3
    Placement     SLICE_X16Y227        LUT6 (Prop_G6LUT_SLICEL_I3_O)
                                                                    0.226     6.631 r  core/lsu/dmmu.dmmu/tlb.tlb/tlbram/tlbramline[16]/pteflop/STATUS_MPP[1]_i_14_LOPT_REMAP_7/O
                                       net (fo=2, routed)           0.630     7.261    core/lsu/hptw.hptw/WalkerStateReg/STATUS_MPP[1]_i_7_0
    Placement     SLICE_X19Y225                                                     r  core/lsu/hptw.hptw/WalkerStateReg/STATUS_MPP[1]_i_7_LOPT_REMAP_2/I0
    Routing       SLICE_X19Y225        LUT6 (Prop_G6LUT_SLICEL_I0_O)
                                                                    0.186     7.447 f  core/lsu/hptw.hptw/WalkerStateReg/STATUS_MPP[1]_i_7_LOPT_REMAP_2/O
                                       net (fo=1, routed)           0.105     7.552    core/lsu/hptw.hptw/WalkerStateReg/xlnx_opt_q_reg[4]
    Routing       SLICE_X19Y225                                                     f  core/lsu/hptw.hptw/WalkerStateReg/STATUS_MPP[1]_i_7_LOPT_REMAP_3/I3
    Routing       SLICE_X19Y225        LUT4 (Prop_E6LUT_SLICEL_I3_O)
                                                                    0.057     7.609 r  core/lsu/hptw.hptw/WalkerStateReg/STATUS_MPP[1]_i_7_LOPT_REMAP_3/O
                                       net (fo=2, routed)           0.165     7.774    core/lsu/hptw.hptw/WalkerStateReg/q_reg[4]
    Routing       SLICE_X19Y221                                                     r  core/lsu/hptw.hptw/WalkerStateReg/STATUS_MPP[1]_i_3/I2
    Placement     SLICE_X19Y221        LUT3 (Prop_B5LUT_SLICEL_I2_O)
                                                                    0.097     7.871 r  core/lsu/hptw.hptw/WalkerStateReg/STATUS_MPP[1]_i_3/O
                                       net (fo=78, routed)          0.295     8.166    core/lsu/hptw.hptw/WalkerStateReg/FSM_sequential_CurrState_reg[1]_1
    Placement     SLICE_X20Y223                                                     r  core/lsu/hptw.hptw/WalkerStateReg/FSM_onehot_CurrState[6]_i_1/I0
    Routing       SLICE_X20Y223        LUT3 (Prop_B6LUT_SLICEM_I0_O)
                                                                    0.082     8.248 f  core/lsu/hptw.hptw/WalkerStateReg/FSM_onehot_CurrState[6]_i_1/O
                                       net (fo=13, routed)          0.287     8.535    core/lsu/bus.dcache.ahbcacheinterface/AHBBuscachefsm/BeatCountDelayedReg/IgnoreRequest
    Routing       SLICE_X21Y224                                                     f  core/lsu/bus.dcache.ahbcacheinterface/AHBBuscachefsm/BeatCountDelayedReg/q[0]_i_2__8/I3
    Routing       SLICE_X21Y224        LUT6 (Prop_G6LUT_SLICEM_I3_O)
                                                                    0.082     8.617 r  core/lsu/bus.dcache.ahbcacheinterface/AHBBuscachefsm/BeatCountDelayedReg/q[0]_i_2__8/O
                                       net (fo=8, routed)           0.289     8.906    core/lsu/bus.dcache.ahbcacheinterface/AHBBuscachefsm/BeatCountReg/q_reg[68]
    Routing       SLICE_X22Y221                                                     r  core/lsu/bus.dcache.ahbcacheinterface/AHBBuscachefsm/BeatCountReg/HWRITE_OBUF_inst_i_3/I1
    Routing       SLICE_X22Y221        LUT4 (Prop_D5LUT_SLICEL_I1_O)
                                                                    0.152     9.058 r  core/lsu/bus.dcache.ahbcacheinterface/AHBBuscachefsm/BeatCountReg/HWRITE_OBUF_inst_i_3/O
                                       net (fo=8, routed)           0.338     9.396    core/lsu/hptw.hptw/WalkerStateReg/HSIZE[0]
    Routing       SLICE_X18Y225                                                     r  core/lsu/hptw.hptw/WalkerStateReg/HSIZE_OBUF[0]_inst_i_1/I1
    Routing       SLICE_X18Y225        LUT2 (Prop_G5LUT_SLICEM_I1_O)
                                                                    0.226     9.622 r  core/lsu/hptw.hptw/WalkerStateReg/HSIZE_OBUF[0]_inst_i_1/O
                                       net (fo=1, routed)           1.658    11.280    HSIZE_OBUF[0]
    Routing       B3                                                                r  HSIZE_OBUF[0]_inst/I
    Routing       B3                   OBUF (Prop_OUTBUF_HPIOB_M_I_O)
                                                                    0.917    12.196 r  HSIZE_OBUF[0]_inst/O
                                       net (fo=0)                   0.000    12.196    HSIZE[0]
                  B3                                                                r  HSIZE[0] (OUT)
  ---------------------------------------------------------------------------------    -------------------

Slack:                    inf
  Source:                 core/lsu/hptw.hptw/WalkerStateReg/q_reg[1]/C
                            (rising edge-triggered cell FDRE)
  Destination:            HTRANS[1]
                            (output port)
  Path Group:             (none)
  Path Type:              Max at Slow Process Corner
  Data Path Delay:        12.191ns  (logic 3.489ns (28.621%)  route 8.702ns (71.379%))
  Logic Levels:           19  (FDRE=1 LUT2=1 LUT3=4 LUT4=5 LUT5=2 LUT6=5 OBUF=1)

    Pin Reuse     Location             Delay type                Incr(ns)  Path(ns)    Netlist Resource(s)
  ---------------------------------------------------------------------------------    -------------------
    Placement     SLICE_X19Y222        FDRE                         0.000     0.000 r  core/lsu/hptw.hptw/WalkerStateReg/q_reg[1]/C
    Placement     SLICE_X19Y222        FDRE (Prop_HFF2_SLICEL_C_Q)
                                                                    0.115     0.115 f  core/lsu/hptw.hptw/WalkerStateReg/q_reg[1]/Q
                                       net (fo=34, routed)          0.265     0.380    core/lsu/hptw.hptw/WalkerStateReg/q_reg[1]_0
    Placement     SLICE_X18Y225                                                     f  core/lsu/hptw.hptw/WalkerStateReg/q[3]_i_3__2/I2
    Placement     SLICE_X18Y225        LUT3 (Prop_D5LUT_SLICEM_I2_O)
                                                                    0.220     0.600 f  core/lsu/hptw.hptw/WalkerStateReg/q[3]_i_3__2/O
                                       net (fo=78, routed)          0.326     0.926    core/lsu/hptw.hptw/WalkerStateReg/q_reg[3]_2
    New           SLICE_X17Y229                                                     f  core/lsu/hptw.hptw/WalkerStateReg/q[3]_i_1__6/I0
    New           SLICE_X17Y229        LUT2 (Prop_H6LUT_SLICEM_I0_O)
                                                                    0.138     1.064 r  core/lsu/hptw.hptw/WalkerStateReg/q[3]_i_1__6/O
                                       net (fo=89, routed)          2.526     3.590    core/lsu/dmmu.dmmu/tlb.tlb/tlbcam/camlines[7]/keyflop/IHAdrM__0[3]
    Placement     SLICE_X12Y231                                                     r  core/lsu/dmmu.dmmu/tlb.tlb/tlbcam/camlines[7]/keyflop/q[7]_i_6__0/I1
    Routing       SLICE_X12Y231        LUT3 (Prop_D5LUT_SLICEM_I1_O)
                                                                    0.190     3.780 f  core/lsu/dmmu.dmmu/tlb.tlb/tlbcam/camlines[7]/keyflop/q[7]_i_6__0/O
                                       net (fo=3, routed)           0.183     3.963    core/lsu/dmmu.dmmu/tlb.tlb/tlbcam/camlines[7]/validbitflop/q_reg[7]_0
    Routing       SLICE_X13Y231                                                     f  core/lsu/dmmu.dmmu/tlb.tlb/tlbcam/camlines[7]/validbitflop/q[7]_i_2__0/I3
    Routing       SLICE_X13Y231        LUT4 (Prop_B5LUT_SLICEM_I3_O)
                                                                    0.160     4.123 r  core/lsu/dmmu.dmmu/tlb.tlb/tlbcam/camlines[7]/validbitflop/q[7]_i_2__0/O
                                       net (fo=4, routed)           0.222     4.345    core/lsu/dmmu.dmmu/tlb.tlb/tlbcam/camlines[8]/validbitflop/Matches[0]
    Routing       SLICE_X13Y231                                                     r  core/lsu/dmmu.dmmu/tlb.tlb/tlbcam/camlines[8]/validbitflop/q[12]_i_27/I2
    Routing       SLICE_X13Y231        LUT4 (Prop_E6LUT_SLICEM_I2_O)
                                                                    0.057     4.402 r  core/lsu/dmmu.dmmu/tlb.tlb/tlbcam/camlines[8]/validbitflop/q[12]_i_27/O
                                       net (fo=1, routed)           0.253     4.655    core/lsu/dmmu.dmmu/tlb.tlb/tlbcam/camlines[11]/pagetypeflop/q[12]_i_2_2
    Routing       SLICE_X17Y233                                                     r  core/lsu/dmmu.dmmu/tlb.tlb/tlbcam/camlines[11]/pagetypeflop/q[12]_i_5__1/I4
    Routing       SLICE_X17Y233        LUT6 (Prop_H6LUT_SLICEM_I4_O)
                                                                    0.189     4.844 r  core/lsu/dmmu.dmmu/tlb.tlb/tlbcam/camlines[11]/pagetypeflop/q[12]_i_5__1/O
                                       net (fo=1, routed)           0.277     5.121    core/lsu/dmmu.dmmu/tlb.tlb_n_245
    Routing       SLICE_X18Y232                                                     r  core/lsu/dmmu.dmmu/q[12]_i_2/I0
    Placement     SLICE_X18Y232        LUT6 (Prop_H6LUT_SLICEM_I0_O)
                                                                    0.060     5.181 r  core/lsu/dmmu.dmmu/q[12]_i_2/O
                                       net (fo=4, routed)           0.340     5.521    core/lsu/dmmu.dmmu/tlb.tlb/tlbram/tlbramline[16]/pteflop/lopt_20
    Placement     SLICE_X15Y229                                                     r  core/lsu/dmmu.dmmu/tlb.tlb/tlbram/tlbramline[16]/pteflop/STATUS_MPP[1]_i_14_LOPT_REMAP/I1
    Placement     SLICE_X15Y229        LUT4 (Prop_B5LUT_SLICEL_I1_O)
                                                                    0.196     5.717 r  core/lsu/dmmu.dmmu/tlb.tlb/tlbram/tlbramline[16]/pteflop/STATUS_MPP[1]_i_14_LOPT_REMAP/O
                                       net (fo=1, routed)           0.195     5.912    core/lsu/dmmu.dmmu/tlb.tlb/tlbram/tlbramline[16]/pteflop/xlnx_opt_STATUS_MPP[1]_i_21_6
    Placement     SLICE_X15Y227                                                     r  core/lsu/dmmu.dmmu/tlb.tlb/tlbram/tlbramline[16]/pteflop/STATUS_MPP[1]_i_14_LOPT_REMAP_1/I4
    Placement     SLICE_X15Y227        LUT5 (Prop_E6LUT_SLICEL_I4_O)
                                                                    0.138     6.050 r  core/lsu/dmmu.dmmu/tlb.tlb/tlbram/tlbramline[16]/pteflop/STATUS_MPP[1]_i_14_LOPT_REMAP_1/O
                                       net (fo=1, routed)           0.355     6.405    core/lsu/dmmu.dmmu/tlb.tlb/tlbram/tlbramline[16]/pteflop/xlnx_opt_STATUS_MPP[1]_i_21_5
    Placement     SLICE_X16Y227                                                     r  core/lsu/dmmu.dmmu/tlb.tlb/tlbram/tlbramline[16]/pteflop/STATUS_MPP[1]_i_14_LOPT_REMAP_7/I3
    Placement     SLICE_X16Y227        LUT6 (Prop_G6LUT_SLICEL_I3_O)
                                                                    0.226     6.631 f  core/lsu/dmmu.dmmu/tlb.tlb/tlbram/tlbramline[16]/pteflop/STATUS_MPP[1]_i_14_LOPT_REMAP_7/O
                                       net (fo=2, routed)           0.630     7.261    core/lsu/hptw.hptw/WalkerStateReg/STATUS_MPP[1]_i_7_0
    Placement     SLICE_X19Y225                                                     f  core/lsu/hptw.hptw/WalkerStateReg/STATUS_MPP[1]_i_7_LOPT_REMAP_2/I0
    Routing       SLICE_X19Y225        LUT6 (Prop_G6LUT_SLICEL_I0_O)
                                                                    0.186     7.447 r  core/lsu/hptw.hptw/WalkerStateReg/STATUS_MPP[1]_i_7_LOPT_REMAP_2/O
                                       net (fo=1, routed)           0.105     7.552    core/lsu/hptw.hptw/WalkerStateReg/xlnx_opt_q_reg[4]
    Routing       SLICE_X19Y225                                                     r  core/lsu/hptw.hptw/WalkerStateReg/STATUS_MPP[1]_i_7_LOPT_REMAP_3/I3
    Routing       SLICE_X19Y225        LUT4 (Prop_E6LUT_SLICEL_I3_O)
                                                                    0.057     7.609 f  core/lsu/hptw.hptw/WalkerStateReg/STATUS_MPP[1]_i_7_LOPT_REMAP_3/O
                                       net (fo=2, routed)           0.165     7.774    core/lsu/hptw.hptw/WalkerStateReg/q_reg[4]
    Routing       SLICE_X19Y221                                                     f  core/lsu/hptw.hptw/WalkerStateReg/STATUS_MPP[1]_i_3/I2
    Placement     SLICE_X19Y221        LUT3 (Prop_B5LUT_SLICEL_I2_O)
                                                                    0.097     7.871 f  core/lsu/hptw.hptw/WalkerStateReg/STATUS_MPP[1]_i_3/O
                                       net (fo=78, routed)          0.295     8.166    core/lsu/hptw.hptw/WalkerStateReg/FSM_sequential_CurrState_reg[1]_1
    Placement     SLICE_X20Y223                                                     f  core/lsu/hptw.hptw/WalkerStateReg/FSM_onehot_CurrState[6]_i_1/I0
    Routing       SLICE_X20Y223        LUT3 (Prop_B6LUT_SLICEM_I0_O)
                                                                    0.082     8.248 r  core/lsu/hptw.hptw/WalkerStateReg/FSM_onehot_CurrState[6]_i_1/O
                                       net (fo=13, routed)          0.287     8.535    core/lsu/bus.dcache.ahbcacheinterface/AHBBuscachefsm/BeatCountDelayedReg/IgnoreRequest
    Routing       SLICE_X21Y224                                                     r  core/lsu/bus.dcache.ahbcacheinterface/AHBBuscachefsm/BeatCountDelayedReg/q[0]_i_2__8/I3
    Routing       SLICE_X21Y224        LUT6 (Prop_G6LUT_SLICEM_I3_O)
                                                                    0.082     8.617 f  core/lsu/bus.dcache.ahbcacheinterface/AHBBuscachefsm/BeatCountDelayedReg/q[0]_i_2__8/O
                                       net (fo=8, routed)           0.289     8.906    core/lsu/bus.dcache.ahbcacheinterface/AHBBuscachefsm/BeatCountReg/q_reg[68]
    Routing       SLICE_X22Y221                                                     f  core/lsu/bus.dcache.ahbcacheinterface/AHBBuscachefsm/BeatCountReg/HWRITE_OBUF_inst_i_3/I1
    Routing       SLICE_X22Y221        LUT4 (Prop_D5LUT_SLICEL_I1_O)
                                                                    0.152     9.058 f  core/lsu/bus.dcache.ahbcacheinterface/AHBBuscachefsm/BeatCountReg/HWRITE_OBUF_inst_i_3/O
                                       net (fo=8, routed)           0.175     9.233    core/lsu/bus.dcache.ahbcacheinterface/AHBBuscachefsm/BeatCountReg/HPROT_OBUF[0]
    Routing       SLICE_X21Y221                                                     f  core/lsu/bus.dcache.ahbcacheinterface/AHBBuscachefsm/BeatCountReg/HTRANS_OBUF[1]_inst_i_1/I0
    Routing       SLICE_X21Y221        LUT5 (Prop_F6LUT_SLICEM_I0_O)
                                                                    0.224     9.457 r  core/lsu/bus.dcache.ahbcacheinterface/AHBBuscachefsm/BeatCountReg/HTRANS_OBUF[1]_inst_i_1/O
                                       net (fo=1, routed)           1.814    11.271    HTRANS_OBUF[1]
    Routing       C1                                                                r  HTRANS_OBUF[1]_inst/I
    Routing       C1                   OBUF (Prop_OUTBUF_HPIOB_M_I_O)
                                                                    0.920    12.191 r  HTRANS_OBUF[1]_inst/O
                                       net (fo=0)                   0.000    12.191    HTRANS[1]
                  C1                                                                r  HTRANS[1] (OUT)
  ---------------------------------------------------------------------------------    -------------------

Slack:                    inf
  Source:                 core/lsu/hptw.hptw/WalkerStateReg/q_reg[1]/C
                            (rising edge-triggered cell FDRE)
  Destination:            HBURST[0]
                            (output port)
  Path Group:             (none)
  Path Type:              Max at Slow Process Corner
  Data Path Delay:        12.113ns  (logic 3.505ns (28.939%)  route 8.608ns (71.061%))
  Logic Levels:           19  (FDRE=1 LUT2=1 LUT3=4 LUT4=5 LUT5=1 LUT6=6 OBUF=1)

    Pin Reuse     Location             Delay type                Incr(ns)  Path(ns)    Netlist Resource(s)
  ---------------------------------------------------------------------------------    -------------------
    Placement     SLICE_X19Y222        FDRE                         0.000     0.000 r  core/lsu/hptw.hptw/WalkerStateReg/q_reg[1]/C
    Placement     SLICE_X19Y222        FDRE (Prop_HFF2_SLICEL_C_Q)
                                                                    0.115     0.115 f  core/lsu/hptw.hptw/WalkerStateReg/q_reg[1]/Q
                                       net (fo=34, routed)          0.265     0.380    core/lsu/hptw.hptw/WalkerStateReg/q_reg[1]_0
    Placement     SLICE_X18Y225                                                     f  core/lsu/hptw.hptw/WalkerStateReg/q[3]_i_3__2/I2
    Placement     SLICE_X18Y225        LUT3 (Prop_D5LUT_SLICEM_I2_O)
                                                                    0.220     0.600 f  core/lsu/hptw.hptw/WalkerStateReg/q[3]_i_3__2/O
                                       net (fo=78, routed)          0.326     0.926    core/lsu/hptw.hptw/WalkerStateReg/q_reg[3]_2
    New           SLICE_X17Y229                                                     f  core/lsu/hptw.hptw/WalkerStateReg/q[3]_i_1__6/I0
    New           SLICE_X17Y229        LUT2 (Prop_H6LUT_SLICEM_I0_O)
                                                                    0.138     1.064 r  core/lsu/hptw.hptw/WalkerStateReg/q[3]_i_1__6/O
                                       net (fo=89, routed)          2.526     3.590    core/lsu/dmmu.dmmu/tlb.tlb/tlbcam/camlines[7]/keyflop/IHAdrM__0[3]
    Placement     SLICE_X12Y231                                                     r  core/lsu/dmmu.dmmu/tlb.tlb/tlbcam/camlines[7]/keyflop/q[7]_i_6__0/I1
    Routing       SLICE_X12Y231        LUT3 (Prop_D5LUT_SLICEM_I1_O)
                                                                    0.190     3.780 r  core/lsu/dmmu.dmmu/tlb.tlb/tlbcam/camlines[7]/keyflop/q[7]_i_6__0/O
                                       net (fo=3, routed)           0.183     3.963    core/lsu/dmmu.dmmu/tlb.tlb/tlbcam/camlines[7]/validbitflop/q_reg[7]_0
    Routing       SLICE_X13Y231                                                     r  core/lsu/dmmu.dmmu/tlb.tlb/tlbcam/camlines[7]/validbitflop/q[7]_i_2__0/I3
    Routing       SLICE_X13Y231        LUT4 (Prop_B5LUT_SLICEM_I3_O)
                                                                    0.160     4.123 f  core/lsu/dmmu.dmmu/tlb.tlb/tlbcam/camlines[7]/validbitflop/q[7]_i_2__0/O
                                       net (fo=4, routed)           0.222     4.345    core/lsu/dmmu.dmmu/tlb.tlb/tlbcam/camlines[8]/validbitflop/Matches[0]
    Routing       SLICE_X13Y231                                                     f  core/lsu/dmmu.dmmu/tlb.tlb/tlbcam/camlines[8]/validbitflop/q[12]_i_27/I2
    Routing       SLICE_X13Y231        LUT4 (Prop_E6LUT_SLICEM_I2_O)
                                                                    0.057     4.402 f  core/lsu/dmmu.dmmu/tlb.tlb/tlbcam/camlines[8]/validbitflop/q[12]_i_27/O
                                       net (fo=1, routed)           0.253     4.655    core/lsu/dmmu.dmmu/tlb.tlb/tlbcam/camlines[11]/pagetypeflop/q[12]_i_2_2
    Routing       SLICE_X17Y233                                                     f  core/lsu/dmmu.dmmu/tlb.tlb/tlbcam/camlines[11]/pagetypeflop/q[12]_i_5__1/I4
    Routing       SLICE_X17Y233        LUT6 (Prop_H6LUT_SLICEM_I4_O)
                                                                    0.189     4.844 f  core/lsu/dmmu.dmmu/tlb.tlb/tlbcam/camlines[11]/pagetypeflop/q[12]_i_5__1/O
                                       net (fo=1, routed)           0.277     5.121    core/lsu/dmmu.dmmu/tlb.tlb_n_245
    Routing       SLICE_X18Y232                                                     f  core/lsu/dmmu.dmmu/q[12]_i_2/I0
    Placement     SLICE_X18Y232        LUT6 (Prop_H6LUT_SLICEM_I0_O)
                                                                    0.060     5.181 f  core/lsu/dmmu.dmmu/q[12]_i_2/O
                                       net (fo=4, routed)           0.340     5.521    core/lsu/dmmu.dmmu/tlb.tlb/tlbram/tlbramline[16]/pteflop/lopt_20
    Placement     SLICE_X15Y229                                                     f  core/lsu/dmmu.dmmu/tlb.tlb/tlbram/tlbramline[16]/pteflop/STATUS_MPP[1]_i_14_LOPT_REMAP/I1
    Placement     SLICE_X15Y229        LUT4 (Prop_B5LUT_SLICEL_I1_O)
                                                                    0.196     5.717 f  core/lsu/dmmu.dmmu/tlb.tlb/tlbram/tlbramline[16]/pteflop/STATUS_MPP[1]_i_14_LOPT_REMAP/O
                                       net (fo=1, routed)           0.195     5.912    core/lsu/dmmu.dmmu/tlb.tlb/tlbram/tlbramline[16]/pteflop/xlnx_opt_STATUS_MPP[1]_i_21_6
    Placement     SLICE_X15Y227                                                     f  core/lsu/dmmu.dmmu/tlb.tlb/tlbram/tlbramline[16]/pteflop/STATUS_MPP[1]_i_14_LOPT_REMAP_1/I4
    Placement     SLICE_X15Y227        LUT5 (Prop_E6LUT_SLICEL_I4_O)
                                                                    0.138     6.050 f  core/lsu/dmmu.dmmu/tlb.tlb/tlbram/tlbramline[16]/pteflop/STATUS_MPP[1]_i_14_LOPT_REMAP_1/O
                                       net (fo=1, routed)           0.355     6.405    core/lsu/dmmu.dmmu/tlb.tlb/tlbram/tlbramline[16]/pteflop/xlnx_opt_STATUS_MPP[1]_i_21_5
    Placement     SLICE_X16Y227                                                     f  core/lsu/dmmu.dmmu/tlb.tlb/tlbram/tlbramline[16]/pteflop/STATUS_MPP[1]_i_14_LOPT_REMAP_7/I3
    Placement     SLICE_X16Y227        LUT6 (Prop_G6LUT_SLICEL_I3_O)
                                                                    0.226     6.631 r  core/lsu/dmmu.dmmu/tlb.tlb/tlbram/tlbramline[16]/pteflop/STATUS_MPP[1]_i_14_LOPT_REMAP_7/O
                                       net (fo=2, routed)           0.630     7.261    core/lsu/hptw.hptw/WalkerStateReg/STATUS_MPP[1]_i_7_0
    Placement     SLICE_X19Y225                                                     r  core/lsu/hptw.hptw/WalkerStateReg/STATUS_MPP[1]_i_7_LOPT_REMAP_2/I0
    Routing       SLICE_X19Y225        LUT6 (Prop_G6LUT_SLICEL_I0_O)
                                                                    0.186     7.447 f  core/lsu/hptw.hptw/WalkerStateReg/STATUS_MPP[1]_i_7_LOPT_REMAP_2/O
                                       net (fo=1, routed)           0.105     7.552    core/lsu/hptw.hptw/WalkerStateReg/xlnx_opt_q_reg[4]
    Routing       SLICE_X19Y225                                                     f  core/lsu/hptw.hptw/WalkerStateReg/STATUS_MPP[1]_i_7_LOPT_REMAP_3/I3
    Routing       SLICE_X19Y225        LUT4 (Prop_E6LUT_SLICEL_I3_O)
                                                                    0.057     7.609 r  core/lsu/hptw.hptw/WalkerStateReg/STATUS_MPP[1]_i_7_LOPT_REMAP_3/O
                                       net (fo=2, routed)           0.165     7.774    core/lsu/hptw.hptw/WalkerStateReg/q_reg[4]
    Routing       SLICE_X19Y221                                                     r  core/lsu/hptw.hptw/WalkerStateReg/STATUS_MPP[1]_i_3/I2
    Placement     SLICE_X19Y221        LUT3 (Prop_B5LUT_SLICEL_I2_O)
                                                                    0.097     7.871 r  core/lsu/hptw.hptw/WalkerStateReg/STATUS_MPP[1]_i_3/O
                                       net (fo=78, routed)          0.295     8.166    core/lsu/hptw.hptw/WalkerStateReg/FSM_sequential_CurrState_reg[1]_1
    Placement     SLICE_X20Y223                                                     r  core/lsu/hptw.hptw/WalkerStateReg/FSM_onehot_CurrState[6]_i_1/I0
    Routing       SLICE_X20Y223        LUT3 (Prop_B6LUT_SLICEM_I0_O)
                                                                    0.082     8.248 f  core/lsu/hptw.hptw/WalkerStateReg/FSM_onehot_CurrState[6]_i_1/O
                                       net (fo=13, routed)          0.287     8.535    core/lsu/bus.dcache.ahbcacheinterface/AHBBuscachefsm/BeatCountDelayedReg/IgnoreRequest
    Routing       SLICE_X21Y224                                                     f  core/lsu/bus.dcache.ahbcacheinterface/AHBBuscachefsm/BeatCountDelayedReg/q[0]_i_2__8/I3
    Routing       SLICE_X21Y224        LUT6 (Prop_G6LUT_SLICEM_I3_O)
                                                                    0.082     8.617 r  core/lsu/bus.dcache.ahbcacheinterface/AHBBuscachefsm/BeatCountDelayedReg/q[0]_i_2__8/O
                                       net (fo=8, routed)           0.289     8.906    core/lsu/bus.dcache.ahbcacheinterface/AHBBuscachefsm/BeatCountReg/q_reg[68]
    Routing       SLICE_X22Y221                                                     r  core/lsu/bus.dcache.ahbcacheinterface/AHBBuscachefsm/BeatCountReg/HWRITE_OBUF_inst_i_3/I1
    Routing       SLICE_X22Y221        LUT4 (Prop_D5LUT_SLICEL_I1_O)
                                                                    0.152     9.058 r  core/lsu/bus.dcache.ahbcacheinterface/AHBBuscachefsm/BeatCountReg/HWRITE_OBUF_inst_i_3/O
                                       net (fo=8, routed)           0.281     9.339    core/ebu.ebu/IFUInput/SaveReg/HBURST[0]
    Routing       SLICE_X22Y221                                                     r  core/ebu.ebu/IFUInput/SaveReg/HBURST_OBUF[2]_inst_i_1/I1
    Routing       SLICE_X22Y221        LUT6 (Prop_G6LUT_SLICEL_I1_O)
                                                                    0.226     9.565 r  core/ebu.ebu/IFUInput/SaveReg/HBURST_OBUF[2]_inst_i_1/O
                                       net (fo=2, routed)           1.614    11.179    HBURST_OBUF[0]
    Routing       B4                                                                r  HBURST_OBUF[0]_inst/I
    Routing       B4                   OBUF (Prop_OUTBUF_HPIOB_M_I_O)
                                                                    0.934    12.113 r  HBURST_OBUF[0]_inst/O
                                       net (fo=0)                   0.000    12.113    HBURST[0]
                  B4                                                                r  HBURST[0] (OUT)
  ---------------------------------------------------------------------------------    -------------------

Slack:                    inf
  Source:                 core/lsu/hptw.hptw/WalkerStateReg/q_reg[1]/C
                            (rising edge-triggered cell FDRE)
  Destination:            HTRANS[0]
                            (output port)
  Path Group:             (none)
  Path Type:              Max at Slow Process Corner
  Data Path Delay:        11.996ns  (logic 3.425ns (28.554%)  route 8.571ns (71.446%))
  Logic Levels:           19  (FDRE=1 LUT2=1 LUT3=4 LUT4=5 LUT5=2 LUT6=5 OBUF=1)

    Pin Reuse     Location             Delay type                Incr(ns)  Path(ns)    Netlist Resource(s)
  ---------------------------------------------------------------------------------    -------------------
    Placement     SLICE_X19Y222        FDRE                         0.000     0.000 r  core/lsu/hptw.hptw/WalkerStateReg/q_reg[1]/C
    Placement     SLICE_X19Y222        FDRE (Prop_HFF2_SLICEL_C_Q)
                                                                    0.115     0.115 f  core/lsu/hptw.hptw/WalkerStateReg/q_reg[1]/Q
                                       net (fo=34, routed)          0.265     0.380    core/lsu/hptw.hptw/WalkerStateReg/q_reg[1]_0
    Placement     SLICE_X18Y225                                                     f  core/lsu/hptw.hptw/WalkerStateReg/q[3]_i_3__2/I2
    Placement     SLICE_X18Y225        LUT3 (Prop_D5LUT_SLICEM_I2_O)
                                                                    0.220     0.600 f  core/lsu/hptw.hptw/WalkerStateReg/q[3]_i_3__2/O
                                       net (fo=78, routed)          0.326     0.926    core/lsu/hptw.hptw/WalkerStateReg/q_reg[3]_2
    New           SLICE_X17Y229                                                     f  core/lsu/hptw.hptw/WalkerStateReg/q[3]_i_1__6/I0
    New           SLICE_X17Y229        LUT2 (Prop_H6LUT_SLICEM_I0_O)
                                                                    0.138     1.064 r  core/lsu/hptw.hptw/WalkerStateReg/q[3]_i_1__6/O
                                       net (fo=89, routed)          2.526     3.590    core/lsu/dmmu.dmmu/tlb.tlb/tlbcam/camlines[7]/keyflop/IHAdrM__0[3]
    Placement     SLICE_X12Y231                                                     r  core/lsu/dmmu.dmmu/tlb.tlb/tlbcam/camlines[7]/keyflop/q[7]_i_6__0/I1
    Routing       SLICE_X12Y231        LUT3 (Prop_D5LUT_SLICEM_I1_O)
                                                                    0.190     3.780 f  core/lsu/dmmu.dmmu/tlb.tlb/tlbcam/camlines[7]/keyflop/q[7]_i_6__0/O
                                       net (fo=3, routed)           0.183     3.963    core/lsu/dmmu.dmmu/tlb.tlb/tlbcam/camlines[7]/validbitflop/q_reg[7]_0
    Routing       SLICE_X13Y231                                                     f  core/lsu/dmmu.dmmu/tlb.tlb/tlbcam/camlines[7]/validbitflop/q[7]_i_2__0/I3
    Routing       SLICE_X13Y231        LUT4 (Prop_B5LUT_SLICEM_I3_O)
                                                                    0.160     4.123 r  core/lsu/dmmu.dmmu/tlb.tlb/tlbcam/camlines[7]/validbitflop/q[7]_i_2__0/O
                                       net (fo=4, routed)           0.222     4.345    core/lsu/dmmu.dmmu/tlb.tlb/tlbcam/camlines[8]/validbitflop/Matches[0]
    Routing       SLICE_X13Y231                                                     r  core/lsu/dmmu.dmmu/tlb.tlb/tlbcam/camlines[8]/validbitflop/q[12]_i_27/I2
    Routing       SLICE_X13Y231        LUT4 (Prop_E6LUT_SLICEM_I2_O)
                                                                    0.057     4.402 r  core/lsu/dmmu.dmmu/tlb.tlb/tlbcam/camlines[8]/validbitflop/q[12]_i_27/O
                                       net (fo=1, routed)           0.253     4.655    core/lsu/dmmu.dmmu/tlb.tlb/tlbcam/camlines[11]/pagetypeflop/q[12]_i_2_2
    Routing       SLICE_X17Y233                                                     r  core/lsu/dmmu.dmmu/tlb.tlb/tlbcam/camlines[11]/pagetypeflop/q[12]_i_5__1/I4
    Routing       SLICE_X17Y233        LUT6 (Prop_H6LUT_SLICEM_I4_O)
                                                                    0.189     4.844 r  core/lsu/dmmu.dmmu/tlb.tlb/tlbcam/camlines[11]/pagetypeflop/q[12]_i_5__1/O
                                       net (fo=1, routed)           0.277     5.121    core/lsu/dmmu.dmmu/tlb.tlb_n_245
    Routing       SLICE_X18Y232                                                     r  core/lsu/dmmu.dmmu/q[12]_i_2/I0
    Placement     SLICE_X18Y232        LUT6 (Prop_H6LUT_SLICEM_I0_O)
                                                                    0.060     5.181 r  core/lsu/dmmu.dmmu/q[12]_i_2/O
                                       net (fo=4, routed)           0.340     5.521    core/lsu/dmmu.dmmu/tlb.tlb/tlbram/tlbramline[16]/pteflop/lopt_20
    Placement     SLICE_X15Y229                                                     r  core/lsu/dmmu.dmmu/tlb.tlb/tlbram/tlbramline[16]/pteflop/STATUS_MPP[1]_i_14_LOPT_REMAP/I1
    Placement     SLICE_X15Y229        LUT4 (Prop_B5LUT_SLICEL_I1_O)
                                                                    0.196     5.717 r  core/lsu/dmmu.dmmu/tlb.tlb/tlbram/tlbramline[16]/pteflop/STATUS_MPP[1]_i_14_LOPT_REMAP/O
                                       net (fo=1, routed)           0.195     5.912    core/lsu/dmmu.dmmu/tlb.tlb/tlbram/tlbramline[16]/pteflop/xlnx_opt_STATUS_MPP[1]_i_21_6
    Placement     SLICE_X15Y227                                                     r  core/lsu/dmmu.dmmu/tlb.tlb/tlbram/tlbramline[16]/pteflop/STATUS_MPP[1]_i_14_LOPT_REMAP_1/I4
    Placement     SLICE_X15Y227        LUT5 (Prop_E6LUT_SLICEL_I4_O)
                                                                    0.138     6.050 r  core/lsu/dmmu.dmmu/tlb.tlb/tlbram/tlbramline[16]/pteflop/STATUS_MPP[1]_i_14_LOPT_REMAP_1/O
                                       net (fo=1, routed)           0.355     6.405    core/lsu/dmmu.dmmu/tlb.tlb/tlbram/tlbramline[16]/pteflop/xlnx_opt_STATUS_MPP[1]_i_21_5
    Placement     SLICE_X16Y227                                                     r  core/lsu/dmmu.dmmu/tlb.tlb/tlbram/tlbramline[16]/pteflop/STATUS_MPP[1]_i_14_LOPT_REMAP_7/I3
    Placement     SLICE_X16Y227        LUT6 (Prop_G6LUT_SLICEL_I3_O)
                                                                    0.226     6.631 f  core/lsu/dmmu.dmmu/tlb.tlb/tlbram/tlbramline[16]/pteflop/STATUS_MPP[1]_i_14_LOPT_REMAP_7/O
                                       net (fo=2, routed)           0.630     7.261    core/lsu/hptw.hptw/WalkerStateReg/STATUS_MPP[1]_i_7_0
    Placement     SLICE_X19Y225                                                     f  core/lsu/hptw.hptw/WalkerStateReg/STATUS_MPP[1]_i_7_LOPT_REMAP_2/I0
    Routing       SLICE_X19Y225        LUT6 (Prop_G6LUT_SLICEL_I0_O)
                                                                    0.186     7.447 r  core/lsu/hptw.hptw/WalkerStateReg/STATUS_MPP[1]_i_7_LOPT_REMAP_2/O
                                       net (fo=1, routed)           0.105     7.552    core/lsu/hptw.hptw/WalkerStateReg/xlnx_opt_q_reg[4]
    Routing       SLICE_X19Y225                                                     r  core/lsu/hptw.hptw/WalkerStateReg/STATUS_MPP[1]_i_7_LOPT_REMAP_3/I3
    Routing       SLICE_X19Y225        LUT4 (Prop_E6LUT_SLICEL_I3_O)
                                                                    0.057     7.609 f  core/lsu/hptw.hptw/WalkerStateReg/STATUS_MPP[1]_i_7_LOPT_REMAP_3/O
                                       net (fo=2, routed)           0.165     7.774    core/lsu/hptw.hptw/WalkerStateReg/q_reg[4]
    Routing       SLICE_X19Y221                                                     f  core/lsu/hptw.hptw/WalkerStateReg/STATUS_MPP[1]_i_3/I2
    Placement     SLICE_X19Y221        LUT3 (Prop_B5LUT_SLICEL_I2_O)
                                                                    0.097     7.871 f  core/lsu/hptw.hptw/WalkerStateReg/STATUS_MPP[1]_i_3/O
                                       net (fo=78, routed)          0.295     8.166    core/lsu/hptw.hptw/WalkerStateReg/FSM_sequential_CurrState_reg[1]_1
    Placement     SLICE_X20Y223                                                     f  core/lsu/hptw.hptw/WalkerStateReg/FSM_onehot_CurrState[6]_i_1/I0
    Routing       SLICE_X20Y223        LUT3 (Prop_B6LUT_SLICEM_I0_O)
                                                                    0.082     8.248 r  core/lsu/hptw.hptw/WalkerStateReg/FSM_onehot_CurrState[6]_i_1/O
                                       net (fo=13, routed)          0.287     8.535    core/lsu/bus.dcache.ahbcacheinterface/AHBBuscachefsm/BeatCountDelayedReg/IgnoreRequest
    Routing       SLICE_X21Y224                                                     r  core/lsu/bus.dcache.ahbcacheinterface/AHBBuscachefsm/BeatCountDelayedReg/q[0]_i_2__8/I3
    Routing       SLICE_X21Y224        LUT6 (Prop_G6LUT_SLICEM_I3_O)
                                                                    0.082     8.617 f  core/lsu/bus.dcache.ahbcacheinterface/AHBBuscachefsm/BeatCountDelayedReg/q[0]_i_2__8/O
                                       net (fo=8, routed)           0.289     8.906    core/lsu/bus.dcache.ahbcacheinterface/AHBBuscachefsm/BeatCountReg/q_reg[68]
    Routing       SLICE_X22Y221                                                     f  core/lsu/bus.dcache.ahbcacheinterface/AHBBuscachefsm/BeatCountReg/HWRITE_OBUF_inst_i_3/I1
    Routing       SLICE_X22Y221        LUT4 (Prop_D5LUT_SLICEL_I1_O)
                                                                    0.152     9.058 f  core/lsu/bus.dcache.ahbcacheinterface/AHBBuscachefsm/BeatCountReg/HWRITE_OBUF_inst_i_3/O
                                       net (fo=8, routed)           0.209     9.267    core/lsu/bus.dcache.ahbcacheinterface/AHBBuscachefsm/BeatCountReg/HPROT_OBUF[0]
    Routing       SLICE_X21Y221                                                     f  core/lsu/bus.dcache.ahbcacheinterface/AHBBuscachefsm/BeatCountReg/HTRANS_OBUF[0]_inst_i_1/I0
    Routing       SLICE_X21Y221        LUT5 (Prop_G6LUT_SLICEM_I0_O)
                                                                    0.152     9.419 r  core/lsu/bus.dcache.ahbcacheinterface/AHBBuscachefsm/BeatCountReg/HTRANS_OBUF[0]_inst_i_1/O
                                       net (fo=1, routed)           1.649    11.068    HTRANS_OBUF[0]
    Routing       A1                                                                r  HTRANS_OBUF[0]_inst/I
    Routing       A1                   OBUF (Prop_OUTBUF_HPIOB_S_I_O)
                                                                    0.928    11.996 r  HTRANS_OBUF[0]_inst/O
                                       net (fo=0)                   0.000    11.996    HTRANS[0]
                  A1                                                                r  HTRANS[0] (OUT)
  ---------------------------------------------------------------------------------    -------------------

Slack:                    inf
  Source:                 core/lsu/hptw.hptw/WalkerStateReg/q_reg[1]/C
                            (rising edge-triggered cell FDRE)
  Destination:            HWRITE
                            (output port)
  Path Group:             (none)
  Path Type:              Max at Slow Process Corner
  Data Path Delay:        11.969ns  (logic 3.310ns (27.658%)  route 8.659ns (72.342%))
  Logic Levels:           19  (FDRE=1 LUT2=1 LUT3=4 LUT4=5 LUT5=1 LUT6=6 OBUF=1)

    Pin Reuse     Location             Delay type                Incr(ns)  Path(ns)    Netlist Resource(s)
  ---------------------------------------------------------------------------------    -------------------
    Placement     SLICE_X19Y222        FDRE                         0.000     0.000 r  core/lsu/hptw.hptw/WalkerStateReg/q_reg[1]/C
    Placement     SLICE_X19Y222        FDRE (Prop_HFF2_SLICEL_C_Q)
                                                                    0.115     0.115 f  core/lsu/hptw.hptw/WalkerStateReg/q_reg[1]/Q
                                       net (fo=34, routed)          0.265     0.380    core/lsu/hptw.hptw/WalkerStateReg/q_reg[1]_0
    Placement     SLICE_X18Y225                                                     f  core/lsu/hptw.hptw/WalkerStateReg/q[3]_i_3__2/I2
    Placement     SLICE_X18Y225        LUT3 (Prop_D5LUT_SLICEM_I2_O)
                                                                    0.220     0.600 f  core/lsu/hptw.hptw/WalkerStateReg/q[3]_i_3__2/O
                                       net (fo=78, routed)          0.326     0.926    core/lsu/hptw.hptw/WalkerStateReg/q_reg[3]_2
    New           SLICE_X17Y229                                                     f  core/lsu/hptw.hptw/WalkerStateReg/q[3]_i_1__6/I0
    New           SLICE_X17Y229        LUT2 (Prop_H6LUT_SLICEM_I0_O)
                                                                    0.138     1.064 r  core/lsu/hptw.hptw/WalkerStateReg/q[3]_i_1__6/O
                                       net (fo=89, routed)          2.526     3.590    core/lsu/dmmu.dmmu/tlb.tlb/tlbcam/camlines[7]/keyflop/IHAdrM__0[3]
    Placement     SLICE_X12Y231                                                     r  core/lsu/dmmu.dmmu/tlb.tlb/tlbcam/camlines[7]/keyflop/q[7]_i_6__0/I1
    Routing       SLICE_X12Y231        LUT3 (Prop_D5LUT_SLICEM_I1_O)
                                                                    0.190     3.780 r  core/lsu/dmmu.dmmu/tlb.tlb/tlbcam/camlines[7]/keyflop/q[7]_i_6__0/O
                                       net (fo=3, routed)           0.183     3.963    core/lsu/dmmu.dmmu/tlb.tlb/tlbcam/camlines[7]/validbitflop/q_reg[7]_0
    Routing       SLICE_X13Y231                                                     r  core/lsu/dmmu.dmmu/tlb.tlb/tlbcam/camlines[7]/validbitflop/q[7]_i_2__0/I3
    Routing       SLICE_X13Y231        LUT4 (Prop_B5LUT_SLICEM_I3_O)
                                                                    0.160     4.123 f  core/lsu/dmmu.dmmu/tlb.tlb/tlbcam/camlines[7]/validbitflop/q[7]_i_2__0/O
                                       net (fo=4, routed)           0.222     4.345    core/lsu/dmmu.dmmu/tlb.tlb/tlbcam/camlines[8]/validbitflop/Matches[0]
    Routing       SLICE_X13Y231                                                     f  core/lsu/dmmu.dmmu/tlb.tlb/tlbcam/camlines[8]/validbitflop/q[12]_i_27/I2
    Routing       SLICE_X13Y231        LUT4 (Prop_E6LUT_SLICEM_I2_O)
                                                                    0.057     4.402 f  core/lsu/dmmu.dmmu/tlb.tlb/tlbcam/camlines[8]/validbitflop/q[12]_i_27/O
                                       net (fo=1, routed)           0.253     4.655    core/lsu/dmmu.dmmu/tlb.tlb/tlbcam/camlines[11]/pagetypeflop/q[12]_i_2_2
    Routing       SLICE_X17Y233                                                     f  core/lsu/dmmu.dmmu/tlb.tlb/tlbcam/camlines[11]/pagetypeflop/q[12]_i_5__1/I4
    Routing       SLICE_X17Y233        LUT6 (Prop_H6LUT_SLICEM_I4_O)
                                                                    0.189     4.844 f  core/lsu/dmmu.dmmu/tlb.tlb/tlbcam/camlines[11]/pagetypeflop/q[12]_i_5__1/O
                                       net (fo=1, routed)           0.277     5.121    core/lsu/dmmu.dmmu/tlb.tlb_n_245
    Routing       SLICE_X18Y232                                                     f  core/lsu/dmmu.dmmu/q[12]_i_2/I0
    Placement     SLICE_X18Y232        LUT6 (Prop_H6LUT_SLICEM_I0_O)
                                                                    0.060     5.181 f  core/lsu/dmmu.dmmu/q[12]_i_2/O
                                       net (fo=4, routed)           0.340     5.521    core/lsu/dmmu.dmmu/tlb.tlb/tlbram/tlbramline[16]/pteflop/lopt_20
    Placement     SLICE_X15Y229                                                     f  core/lsu/dmmu.dmmu/tlb.tlb/tlbram/tlbramline[16]/pteflop/STATUS_MPP[1]_i_14_LOPT_REMAP/I1
    Placement     SLICE_X15Y229        LUT4 (Prop_B5LUT_SLICEL_I1_O)
                                                                    0.196     5.717 f  core/lsu/dmmu.dmmu/tlb.tlb/tlbram/tlbramline[16]/pteflop/STATUS_MPP[1]_i_14_LOPT_REMAP/O
                                       net (fo=1, routed)           0.195     5.912    core/lsu/dmmu.dmmu/tlb.tlb/tlbram/tlbramline[16]/pteflop/xlnx_opt_STATUS_MPP[1]_i_21_6
    Placement     SLICE_X15Y227                                                     f  core/lsu/dmmu.dmmu/tlb.tlb/tlbram/tlbramline[16]/pteflop/STATUS_MPP[1]_i_14_LOPT_REMAP_1/I4
    Placement     SLICE_X15Y227        LUT5 (Prop_E6LUT_SLICEL_I4_O)
                                                                    0.138     6.050 f  core/lsu/dmmu.dmmu/tlb.tlb/tlbram/tlbramline[16]/pteflop/STATUS_MPP[1]_i_14_LOPT_REMAP_1/O
                                       net (fo=1, routed)           0.355     6.405    core/lsu/dmmu.dmmu/tlb.tlb/tlbram/tlbramline[16]/pteflop/xlnx_opt_STATUS_MPP[1]_i_21_5
    Placement     SLICE_X16Y227                                                     f  core/lsu/dmmu.dmmu/tlb.tlb/tlbram/tlbramline[16]/pteflop/STATUS_MPP[1]_i_14_LOPT_REMAP_7/I3
    Placement     SLICE_X16Y227        LUT6 (Prop_G6LUT_SLICEL_I3_O)
                                                                    0.226     6.631 r  core/lsu/dmmu.dmmu/tlb.tlb/tlbram/tlbramline[16]/pteflop/STATUS_MPP[1]_i_14_LOPT_REMAP_7/O
                                       net (fo=2, routed)           0.630     7.261    core/lsu/hptw.hptw/WalkerStateReg/STATUS_MPP[1]_i_7_0
    Placement     SLICE_X19Y225                                                     r  core/lsu/hptw.hptw/WalkerStateReg/STATUS_MPP[1]_i_7_LOPT_REMAP_2/I0
    Routing       SLICE_X19Y225        LUT6 (Prop_G6LUT_SLICEL_I0_O)
                                                                    0.186     7.447 f  core/lsu/hptw.hptw/WalkerStateReg/STATUS_MPP[1]_i_7_LOPT_REMAP_2/O
                                       net (fo=1, routed)           0.105     7.552    core/lsu/hptw.hptw/WalkerStateReg/xlnx_opt_q_reg[4]
    Routing       SLICE_X19Y225                                                     f  core/lsu/hptw.hptw/WalkerStateReg/STATUS_MPP[1]_i_7_LOPT_REMAP_3/I3
    Routing       SLICE_X19Y225        LUT4 (Prop_E6LUT_SLICEL_I3_O)
                                                                    0.057     7.609 r  core/lsu/hptw.hptw/WalkerStateReg/STATUS_MPP[1]_i_7_LOPT_REMAP_3/O
                                       net (fo=2, routed)           0.165     7.774    core/lsu/hptw.hptw/WalkerStateReg/q_reg[4]
    Routing       SLICE_X19Y221                                                     r  core/lsu/hptw.hptw/WalkerStateReg/STATUS_MPP[1]_i_3/I2
    Placement     SLICE_X19Y221        LUT3 (Prop_B5LUT_SLICEL_I2_O)
                                                                    0.097     7.871 r  core/lsu/hptw.hptw/WalkerStateReg/STATUS_MPP[1]_i_3/O
                                       net (fo=78, routed)          0.295     8.166    core/lsu/hptw.hptw/WalkerStateReg/FSM_sequential_CurrState_reg[1]_1
    Placement     SLICE_X20Y223                                                     r  core/lsu/hptw.hptw/WalkerStateReg/FSM_onehot_CurrState[6]_i_1/I0
    Routing       SLICE_X20Y223        LUT3 (Prop_B6LUT_SLICEM_I0_O)
                                                                    0.082     8.248 f  core/lsu/hptw.hptw/WalkerStateReg/FSM_onehot_CurrState[6]_i_1/O
                                       net (fo=13, routed)          0.287     8.535    core/lsu/bus.dcache.ahbcacheinterface/AHBBuscachefsm/BeatCountDelayedReg/IgnoreRequest
    Routing       SLICE_X21Y224                                                     f  core/lsu/bus.dcache.ahbcacheinterface/AHBBuscachefsm/BeatCountDelayedReg/q[0]_i_2__8/I3
    Routing       SLICE_X21Y224        LUT6 (Prop_G6LUT_SLICEM_I3_O)
                                                                    0.082     8.617 r  core/lsu/bus.dcache.ahbcacheinterface/AHBBuscachefsm/BeatCountDelayedReg/q[0]_i_2__8/O
                                       net (fo=8, routed)           0.289     8.906    core/lsu/bus.dcache.ahbcacheinterface/AHBBuscachefsm/BeatCountReg/q_reg[68]
    Routing       SLICE_X22Y221                                                     r  core/lsu/bus.dcache.ahbcacheinterface/AHBBuscachefsm/BeatCountReg/HWRITE_OBUF_inst_i_3/I1
    Routing       SLICE_X22Y221        LUT4 (Prop_D5LUT_SLICEL_I1_O)
                                                                    0.152     9.058 r  core/lsu/bus.dcache.ahbcacheinterface/AHBBuscachefsm/BeatCountReg/HWRITE_OBUF_inst_i_3/O
                                       net (fo=8, routed)           0.223     9.281    core/lsu/bus.dcache.ahbcacheinterface/AHBBuscachefsm/BeatCountReg/HPROT_OBUF[0]
    Routing       SLICE_X22Y225                                                     r  core/lsu/bus.dcache.ahbcacheinterface/AHBBuscachefsm/BeatCountReg/HWRITE_OBUF_inst_i_1/I5
    Routing       SLICE_X22Y225        LUT6 (Prop_H6LUT_SLICEL_I5_O)
                                                                    0.058     9.339 r  core/lsu/bus.dcache.ahbcacheinterface/AHBBuscachefsm/BeatCountReg/HWRITE_OBUF_inst_i_1/O
                                       net (fo=1, routed)           1.723    11.062    HWRITE_OBUF
    Routing       F2                                                                r  HWRITE_OBUF_inst/I
    Routing       F2                   OBUF (Prop_OUTBUF_HPIOB_M_I_O)
                                                                    0.907    11.969 r  HWRITE_OBUF_inst/O
                                       net (fo=0)                   0.000    11.969    HWRITE
                  F2                                                                r  HWRITE (OUT)
  ---------------------------------------------------------------------------------    -------------------

Slack:                    inf
  Source:                 core/lsu/hptw.hptw/WalkerStateReg/q_reg[1]/C
                            (rising edge-triggered cell FDRE)
  Destination:            HSIZE[1]
                            (output port)
  Path Group:             (none)
  Path Type:              Max at Slow Process Corner
  Data Path Delay:        11.932ns  (logic 3.452ns (28.928%)  route 8.480ns (71.072%))
  Logic Levels:           19  (FDRE=1 LUT2=1 LUT3=5 LUT4=5 LUT5=1 LUT6=5 OBUF=1)

    Pin Reuse     Location             Delay type                Incr(ns)  Path(ns)    Netlist Resource(s)
  ---------------------------------------------------------------------------------    -------------------
    Placement     SLICE_X19Y222        FDRE                         0.000     0.000 r  core/lsu/hptw.hptw/WalkerStateReg/q_reg[1]/C
    Placement     SLICE_X19Y222        FDRE (Prop_HFF2_SLICEL_C_Q)
                                                                    0.115     0.115 f  core/lsu/hptw.hptw/WalkerStateReg/q_reg[1]/Q
                                       net (fo=34, routed)          0.265     0.380    core/lsu/hptw.hptw/WalkerStateReg/q_reg[1]_0
    Placement     SLICE_X18Y225                                                     f  core/lsu/hptw.hptw/WalkerStateReg/q[3]_i_3__2/I2
    Placement     SLICE_X18Y225        LUT3 (Prop_D5LUT_SLICEM_I2_O)
                                                                    0.220     0.600 f  core/lsu/hptw.hptw/WalkerStateReg/q[3]_i_3__2/O
                                       net (fo=78, routed)          0.326     0.926    core/lsu/hptw.hptw/WalkerStateReg/q_reg[3]_2
    New           SLICE_X17Y229                                                     f  core/lsu/hptw.hptw/WalkerStateReg/q[3]_i_1__6/I0
    New           SLICE_X17Y229        LUT2 (Prop_H6LUT_SLICEM_I0_O)
                                                                    0.138     1.064 r  core/lsu/hptw.hptw/WalkerStateReg/q[3]_i_1__6/O
                                       net (fo=89, routed)          2.526     3.590    core/lsu/dmmu.dmmu/tlb.tlb/tlbcam/camlines[7]/keyflop/IHAdrM__0[3]
    Placement     SLICE_X12Y231                                                     r  core/lsu/dmmu.dmmu/tlb.tlb/tlbcam/camlines[7]/keyflop/q[7]_i_6__0/I1
    Routing       SLICE_X12Y231        LUT3 (Prop_D5LUT_SLICEM_I1_O)
                                                                    0.190     3.780 r  core/lsu/dmmu.dmmu/tlb.tlb/tlbcam/camlines[7]/keyflop/q[7]_i_6__0/O
                                       net (fo=3, routed)           0.183     3.963    core/lsu/dmmu.dmmu/tlb.tlb/tlbcam/camlines[7]/validbitflop/q_reg[7]_0
    Routing       SLICE_X13Y231                                                     r  core/lsu/dmmu.dmmu/tlb.tlb/tlbcam/camlines[7]/validbitflop/q[7]_i_2__0/I3
    Routing       SLICE_X13Y231        LUT4 (Prop_B5LUT_SLICEM_I3_O)
                                                                    0.160     4.123 f  core/lsu/dmmu.dmmu/tlb.tlb/tlbcam/camlines[7]/validbitflop/q[7]_i_2__0/O
                                       net (fo=4, routed)           0.222     4.345    core/lsu/dmmu.dmmu/tlb.tlb/tlbcam/camlines[8]/validbitflop/Matches[0]
    Routing       SLICE_X13Y231                                                     f  core/lsu/dmmu.dmmu/tlb.tlb/tlbcam/camlines[8]/validbitflop/q[12]_i_27/I2
    Routing       SLICE_X13Y231        LUT4 (Prop_E6LUT_SLICEM_I2_O)
                                                                    0.057     4.402 f  core/lsu/dmmu.dmmu/tlb.tlb/tlbcam/camlines[8]/validbitflop/q[12]_i_27/O
                                       net (fo=1, routed)           0.253     4.655    core/lsu/dmmu.dmmu/tlb.tlb/tlbcam/camlines[11]/pagetypeflop/q[12]_i_2_2
    Routing       SLICE_X17Y233                                                     f  core/lsu/dmmu.dmmu/tlb.tlb/tlbcam/camlines[11]/pagetypeflop/q[12]_i_5__1/I4
    Routing       SLICE_X17Y233        LUT6 (Prop_H6LUT_SLICEM_I4_O)
                                                                    0.189     4.844 f  core/lsu/dmmu.dmmu/tlb.tlb/tlbcam/camlines[11]/pagetypeflop/q[12]_i_5__1/O
                                       net (fo=1, routed)           0.277     5.121    core/lsu/dmmu.dmmu/tlb.tlb_n_245
    Routing       SLICE_X18Y232                                                     f  core/lsu/dmmu.dmmu/q[12]_i_2/I0
    Placement     SLICE_X18Y232        LUT6 (Prop_H6LUT_SLICEM_I0_O)
                                                                    0.060     5.181 f  core/lsu/dmmu.dmmu/q[12]_i_2/O
                                       net (fo=4, routed)           0.340     5.521    core/lsu/dmmu.dmmu/tlb.tlb/tlbram/tlbramline[16]/pteflop/lopt_20
    Placement     SLICE_X15Y229                                                     f  core/lsu/dmmu.dmmu/tlb.tlb/tlbram/tlbramline[16]/pteflop/STATUS_MPP[1]_i_14_LOPT_REMAP/I1
    Placement     SLICE_X15Y229        LUT4 (Prop_B5LUT_SLICEL_I1_O)
                                                                    0.196     5.717 f  core/lsu/dmmu.dmmu/tlb.tlb/tlbram/tlbramline[16]/pteflop/STATUS_MPP[1]_i_14_LOPT_REMAP/O
                                       net (fo=1, routed)           0.195     5.912    core/lsu/dmmu.dmmu/tlb.tlb/tlbram/tlbramline[16]/pteflop/xlnx_opt_STATUS_MPP[1]_i_21_6
    Placement     SLICE_X15Y227                                                     f  core/lsu/dmmu.dmmu/tlb.tlb/tlbram/tlbramline[16]/pteflop/STATUS_MPP[1]_i_14_LOPT_REMAP_1/I4
    Placement     SLICE_X15Y227        LUT5 (Prop_E6LUT_SLICEL_I4_O)
                                                                    0.138     6.050 f  core/lsu/dmmu.dmmu/tlb.tlb/tlbram/tlbramline[16]/pteflop/STATUS_MPP[1]_i_14_LOPT_REMAP_1/O
                                       net (fo=1, routed)           0.355     6.405    core/lsu/dmmu.dmmu/tlb.tlb/tlbram/tlbramline[16]/pteflop/xlnx_opt_STATUS_MPP[1]_i_21_5
    Placement     SLICE_X16Y227                                                     f  core/lsu/dmmu.dmmu/tlb.tlb/tlbram/tlbramline[16]/pteflop/STATUS_MPP[1]_i_14_LOPT_REMAP_7/I3
    Placement     SLICE_X16Y227        LUT6 (Prop_G6LUT_SLICEL_I3_O)
                                                                    0.226     6.631 r  core/lsu/dmmu.dmmu/tlb.tlb/tlbram/tlbramline[16]/pteflop/STATUS_MPP[1]_i_14_LOPT_REMAP_7/O
                                       net (fo=2, routed)           0.630     7.261    core/lsu/hptw.hptw/WalkerStateReg/STATUS_MPP[1]_i_7_0
    Placement     SLICE_X19Y225                                                     r  core/lsu/hptw.hptw/WalkerStateReg/STATUS_MPP[1]_i_7_LOPT_REMAP_2/I0
    Routing       SLICE_X19Y225        LUT6 (Prop_G6LUT_SLICEL_I0_O)
                                                                    0.186     7.447 f  core/lsu/hptw.hptw/WalkerStateReg/STATUS_MPP[1]_i_7_LOPT_REMAP_2/O
                                       net (fo=1, routed)           0.105     7.552    core/lsu/hptw.hptw/WalkerStateReg/xlnx_opt_q_reg[4]
    Routing       SLICE_X19Y225                                                     f  core/lsu/hptw.hptw/WalkerStateReg/STATUS_MPP[1]_i_7_LOPT_REMAP_3/I3
    Routing       SLICE_X19Y225        LUT4 (Prop_E6LUT_SLICEL_I3_O)
                                                                    0.057     7.609 r  core/lsu/hptw.hptw/WalkerStateReg/STATUS_MPP[1]_i_7_LOPT_REMAP_3/O
                                       net (fo=2, routed)           0.165     7.774    core/lsu/hptw.hptw/WalkerStateReg/q_reg[4]
    Routing       SLICE_X19Y221                                                     r  core/lsu/hptw.hptw/WalkerStateReg/STATUS_MPP[1]_i_3/I2
    Placement     SLICE_X19Y221        LUT3 (Prop_B5LUT_SLICEL_I2_O)
                                                                    0.097     7.871 r  core/lsu/hptw.hptw/WalkerStateReg/STATUS_MPP[1]_i_3/O
                                       net (fo=78, routed)          0.295     8.166    core/lsu/hptw.hptw/WalkerStateReg/FSM_sequential_CurrState_reg[1]_1
    Placement     SLICE_X20Y223                                                     r  core/lsu/hptw.hptw/WalkerStateReg/FSM_onehot_CurrState[6]_i_1/I0
    Routing       SLICE_X20Y223        LUT3 (Prop_B6LUT_SLICEM_I0_O)
                                                                    0.082     8.248 f  core/lsu/hptw.hptw/WalkerStateReg/FSM_onehot_CurrState[6]_i_1/O
                                       net (fo=13, routed)          0.287     8.535    core/lsu/bus.dcache.ahbcacheinterface/AHBBuscachefsm/BeatCountDelayedReg/IgnoreRequest
    Routing       SLICE_X21Y224                                                     f  core/lsu/bus.dcache.ahbcacheinterface/AHBBuscachefsm/BeatCountDelayedReg/q[0]_i_2__8/I3
    Routing       SLICE_X21Y224        LUT6 (Prop_G6LUT_SLICEM_I3_O)
                                                                    0.082     8.617 r  core/lsu/bus.dcache.ahbcacheinterface/AHBBuscachefsm/BeatCountDelayedReg/q[0]_i_2__8/O
                                       net (fo=8, routed)           0.289     8.906    core/lsu/bus.dcache.ahbcacheinterface/AHBBuscachefsm/BeatCountReg/q_reg[68]
    Routing       SLICE_X22Y221                                                     r  core/lsu/bus.dcache.ahbcacheinterface/AHBBuscachefsm/BeatCountReg/HWRITE_OBUF_inst_i_3/I1
    Routing       SLICE_X22Y221        LUT4 (Prop_D5LUT_SLICEL_I1_O)
                                                                    0.152     9.058 r  core/lsu/bus.dcache.ahbcacheinterface/AHBBuscachefsm/BeatCountReg/HWRITE_OBUF_inst_i_3/O
                                       net (fo=8, routed)           0.269     9.327    core/lsu/bus.dcache.ahbcacheinterface/AHBBuscachefsm/BeatCountReg/HPROT_OBUF[0]
    Routing       SLICE_X22Y221                                                     r  core/lsu/bus.dcache.ahbcacheinterface/AHBBuscachefsm/BeatCountReg/HSIZE_OBUF[1]_inst_i_1/I1
    Routing       SLICE_X22Y221        LUT3 (Prop_E6LUT_SLICEL_I1_O)
                                                                    0.187     9.514 r  core/lsu/bus.dcache.ahbcacheinterface/AHBBuscachefsm/BeatCountReg/HSIZE_OBUF[1]_inst_i_1/O
                                       net (fo=1, routed)           1.498    11.012    HSIZE_OBUF[1]
    Routing       A3                                                                r  HSIZE_OBUF[1]_inst/I
    Routing       A3                   OBUF (Prop_OUTBUF_HPIOB_S_I_O)
                                                                    0.920    11.932 r  HSIZE_OBUF[1]_inst/O
                                       net (fo=0)                   0.000    11.932    HSIZE[1]
                  A3                                                                r  HSIZE[1] (OUT)
  ---------------------------------------------------------------------------------    -------------------

Slack:                    inf
  Source:                 core/lsu/hptw.hptw/WalkerStateReg/q_reg[1]/C
                            (rising edge-triggered cell FDRE)
  Destination:            core/ifu/pcreg/q_reg[58]/D
  Path Group:             (none)
  Path Type:              Max at Slow Process Corner
  Data Path Delay:        10.896ns  (logic 2.183ns (20.035%)  route 8.713ns (79.965%))
  Logic Levels:           15  (FDRE=1 LUT2=2 LUT3=3 LUT4=4 LUT5=1 LUT6=4)

    Pin Reuse     Location             Delay type                Incr(ns)  Path(ns)    Netlist Resource(s)
  ---------------------------------------------------------------------------------    -------------------
    Placement     SLICE_X19Y222        FDRE                         0.000     0.000 r  core/lsu/hptw.hptw/WalkerStateReg/q_reg[1]/C
    Placement     SLICE_X19Y222        FDRE (Prop_HFF2_SLICEL_C_Q)
                                                                    0.115     0.115 f  core/lsu/hptw.hptw/WalkerStateReg/q_reg[1]/Q
                                       net (fo=34, routed)          0.265     0.380    core/lsu/hptw.hptw/WalkerStateReg/q_reg[1]_0
    Placement     SLICE_X18Y225                                                     f  core/lsu/hptw.hptw/WalkerStateReg/q[3]_i_3__2/I2
    Placement     SLICE_X18Y225        LUT3 (Prop_D5LUT_SLICEM_I2_O)
                                                                    0.220     0.600 f  core/lsu/hptw.hptw/WalkerStateReg/q[3]_i_3__2/O
                                       net (fo=78, routed)          0.326     0.926    core/lsu/hptw.hptw/WalkerStateReg/q_reg[3]_2
    New           SLICE_X17Y229                                                     f  core/lsu/hptw.hptw/WalkerStateReg/q[3]_i_1__6/I0
    New           SLICE_X17Y229        LUT2 (Prop_H6LUT_SLICEM_I0_O)
                                                                    0.138     1.064 r  core/lsu/hptw.hptw/WalkerStateReg/q[3]_i_1__6/O
                                       net (fo=89, routed)          2.526     3.590    core/lsu/dmmu.dmmu/tlb.tlb/tlbcam/camlines[7]/keyflop/IHAdrM__0[3]
    Placement     SLICE_X12Y231                                                     r  core/lsu/dmmu.dmmu/tlb.tlb/tlbcam/camlines[7]/keyflop/q[7]_i_6__0/I1
    Routing       SLICE_X12Y231        LUT3 (Prop_D5LUT_SLICEM_I1_O)
                                                                    0.190     3.780 r  core/lsu/dmmu.dmmu/tlb.tlb/tlbcam/camlines[7]/keyflop/q[7]_i_6__0/O
                                       net (fo=3, routed)           0.183     3.963    core/lsu/dmmu.dmmu/tlb.tlb/tlbcam/camlines[7]/validbitflop/q_reg[7]_0
    Routing       SLICE_X13Y231                                                     r  core/lsu/dmmu.dmmu/tlb.tlb/tlbcam/camlines[7]/validbitflop/q[7]_i_2__0/I3
    Routing       SLICE_X13Y231        LUT4 (Prop_B5LUT_SLICEM_I3_O)
                                                                    0.160     4.123 f  core/lsu/dmmu.dmmu/tlb.tlb/tlbcam/camlines[7]/validbitflop/q[7]_i_2__0/O
                                       net (fo=4, routed)           0.222     4.345    core/lsu/dmmu.dmmu/tlb.tlb/tlbcam/camlines[8]/validbitflop/Matches[0]
    Routing       SLICE_X13Y231                                                     f  core/lsu/dmmu.dmmu/tlb.tlb/tlbcam/camlines[8]/validbitflop/q[12]_i_27/I2
    Routing       SLICE_X13Y231        LUT4 (Prop_E6LUT_SLICEM_I2_O)
                                                                    0.057     4.402 f  core/lsu/dmmu.dmmu/tlb.tlb/tlbcam/camlines[8]/validbitflop/q[12]_i_27/O
                                       net (fo=1, routed)           0.253     4.655    core/lsu/dmmu.dmmu/tlb.tlb/tlbcam/camlines[11]/pagetypeflop/q[12]_i_2_2
    Routing       SLICE_X17Y233                                                     f  core/lsu/dmmu.dmmu/tlb.tlb/tlbcam/camlines[11]/pagetypeflop/q[12]_i_5__1/I4
    Routing       SLICE_X17Y233        LUT6 (Prop_H6LUT_SLICEM_I4_O)
                                                                    0.189     4.844 f  core/lsu/dmmu.dmmu/tlb.tlb/tlbcam/camlines[11]/pagetypeflop/q[12]_i_5__1/O
                                       net (fo=1, routed)           0.277     5.121    core/lsu/dmmu.dmmu/tlb.tlb_n_245
    Routing       SLICE_X18Y232                                                     f  core/lsu/dmmu.dmmu/q[12]_i_2/I0
    Placement     SLICE_X18Y232        LUT6 (Prop_H6LUT_SLICEM_I0_O)
                                                                    0.060     5.181 f  core/lsu/dmmu.dmmu/q[12]_i_2/O
                                       net (fo=4, routed)           0.340     5.521    core/lsu/dmmu.dmmu/tlb.tlb/tlbram/tlbramline[16]/pteflop/lopt_20
    Placement     SLICE_X15Y229                                                     f  core/lsu/dmmu.dmmu/tlb.tlb/tlbram/tlbramline[16]/pteflop/STATUS_MPP[1]_i_14_LOPT_REMAP/I1
    Placement     SLICE_X15Y229        LUT4 (Prop_B5LUT_SLICEL_I1_O)
                                                                    0.196     5.717 f  core/lsu/dmmu.dmmu/tlb.tlb/tlbram/tlbramline[16]/pteflop/STATUS_MPP[1]_i_14_LOPT_REMAP/O
                                       net (fo=1, routed)           0.195     5.912    core/lsu/dmmu.dmmu/tlb.tlb/tlbram/tlbramline[16]/pteflop/xlnx_opt_STATUS_MPP[1]_i_21_6
    Placement     SLICE_X15Y227                                                     f  core/lsu/dmmu.dmmu/tlb.tlb/tlbram/tlbramline[16]/pteflop/STATUS_MPP[1]_i_14_LOPT_REMAP_1/I4
    Placement     SLICE_X15Y227        LUT5 (Prop_E6LUT_SLICEL_I4_O)
                                                                    0.138     6.050 f  core/lsu/dmmu.dmmu/tlb.tlb/tlbram/tlbramline[16]/pteflop/STATUS_MPP[1]_i_14_LOPT_REMAP_1/O
                                       net (fo=1, routed)           0.355     6.405    core/lsu/dmmu.dmmu/tlb.tlb/tlbram/tlbramline[16]/pteflop/xlnx_opt_STATUS_MPP[1]_i_21_5
    Placement     SLICE_X16Y227                                                     f  core/lsu/dmmu.dmmu/tlb.tlb/tlbram/tlbramline[16]/pteflop/STATUS_MPP[1]_i_14_LOPT_REMAP_7/I3
    Placement     SLICE_X16Y227        LUT6 (Prop_G6LUT_SLICEL_I3_O)
                                                                    0.226     6.631 r  core/lsu/dmmu.dmmu/tlb.tlb/tlbram/tlbramline[16]/pteflop/STATUS_MPP[1]_i_14_LOPT_REMAP_7/O
                                       net (fo=2, routed)           0.630     7.261    core/lsu/hptw.hptw/WalkerStateReg/STATUS_MPP[1]_i_7_0
    Placement     SLICE_X19Y225                                                     r  core/lsu/hptw.hptw/WalkerStateReg/STATUS_MPP[1]_i_7_LOPT_REMAP_2/I0
    Routing       SLICE_X19Y225        LUT6 (Prop_G6LUT_SLICEL_I0_O)
                                                                    0.186     7.447 f  core/lsu/hptw.hptw/WalkerStateReg/STATUS_MPP[1]_i_7_LOPT_REMAP_2/O
                                       net (fo=1, routed)           0.105     7.552    core/lsu/hptw.hptw/WalkerStateReg/xlnx_opt_q_reg[4]
    Routing       SLICE_X19Y225                                                     f  core/lsu/hptw.hptw/WalkerStateReg/STATUS_MPP[1]_i_7_LOPT_REMAP_3/I3
    Routing       SLICE_X19Y225        LUT4 (Prop_E6LUT_SLICEL_I3_O)
                                                                    0.057     7.609 r  core/lsu/hptw.hptw/WalkerStateReg/STATUS_MPP[1]_i_7_LOPT_REMAP_3/O
                                       net (fo=2, routed)           0.165     7.774    core/lsu/hptw.hptw/WalkerStateReg/q_reg[4]
    Routing       SLICE_X19Y221                                                     r  core/lsu/hptw.hptw/WalkerStateReg/STATUS_MPP[1]_i_3/I2
    Placement     SLICE_X19Y221        LUT3 (Prop_B5LUT_SLICEL_I2_O)
                                                                    0.097     7.871 r  core/lsu/hptw.hptw/WalkerStateReg/STATUS_MPP[1]_i_3/O
                                       net (fo=78, routed)          1.016     8.887    core/ifu/pcmux3/q_reg[10]
    New           SLICE_X15Y223                                                     r  core/ifu/pcmux3/q[58]_i_1/I1
    New           SLICE_X15Y223        LUT2 (Prop_A5LUT_SLICEL_I1_O)
                                                                    0.154     9.041 r  core/ifu/pcmux3/q[58]_i_1/O
                                       net (fo=1, routed)           1.855    10.896    core/ifu/pcreg/D[57]
    Placement     SLICE_X13Y223        FDRE                                         r  core/ifu/pcreg/q_reg[58]/D
  ---------------------------------------------------------------------------------    -------------------

Slack:                    inf
  Source:                 core/lsu/hptw.hptw/WalkerStateReg/q_reg[1]/C
                            (rising edge-triggered cell FDRE)
  Destination:            core/lsu/bus.dcache.ahbcacheinterface/AHBBuscachefsm/BeatCountReg/q_reg[2]/CE
  Path Group:             (none)
  Path Type:              Max at Slow Process Corner
  Data Path Delay:        10.216ns  (logic 2.776ns (27.174%)  route 7.440ns (72.826%))
  Logic Levels:           21  (FDRE=1 LUT2=1 LUT3=4 LUT4=4 LUT5=4 LUT6=7)

    Pin Reuse     Location             Delay type                Incr(ns)  Path(ns)    Netlist Resource(s)
  ---------------------------------------------------------------------------------    -------------------
    Placement     SLICE_X19Y222        FDRE                         0.000     0.000 r  core/lsu/hptw.hptw/WalkerStateReg/q_reg[1]/C
    Placement     SLICE_X19Y222        FDRE (Prop_HFF2_SLICEL_C_Q)
                                                                    0.115     0.115 f  core/lsu/hptw.hptw/WalkerStateReg/q_reg[1]/Q
                                       net (fo=34, routed)          0.265     0.380    core/lsu/hptw.hptw/WalkerStateReg/q_reg[1]_0
    Placement     SLICE_X18Y225                                                     f  core/lsu/hptw.hptw/WalkerStateReg/q[3]_i_3__2/I2
    Placement     SLICE_X18Y225        LUT3 (Prop_D5LUT_SLICEM_I2_O)
                                                                    0.220     0.600 f  core/lsu/hptw.hptw/WalkerStateReg/q[3]_i_3__2/O
                                       net (fo=78, routed)          0.326     0.926    core/lsu/hptw.hptw/WalkerStateReg/q_reg[3]_2
    New           SLICE_X17Y229                                                     f  core/lsu/hptw.hptw/WalkerStateReg/q[3]_i_1__6/I0
    New           SLICE_X17Y229        LUT2 (Prop_H6LUT_SLICEM_I0_O)
                                                                    0.138     1.064 r  core/lsu/hptw.hptw/WalkerStateReg/q[3]_i_1__6/O
                                       net (fo=89, routed)          2.526     3.590    core/lsu/dmmu.dmmu/tlb.tlb/tlbcam/camlines[7]/keyflop/IHAdrM__0[3]
    Placement     SLICE_X12Y231                                                     r  core/lsu/dmmu.dmmu/tlb.tlb/tlbcam/camlines[7]/keyflop/q[7]_i_6__0/I1
    Routing       SLICE_X12Y231        LUT3 (Prop_D5LUT_SLICEM_I1_O)
                                                                    0.190     3.780 f  core/lsu/dmmu.dmmu/tlb.tlb/tlbcam/camlines[7]/keyflop/q[7]_i_6__0/O
                                       net (fo=3, routed)           0.183     3.963    core/lsu/dmmu.dmmu/tlb.tlb/tlbcam/camlines[7]/validbitflop/q_reg[7]_0
    Routing       SLICE_X13Y231                                                     f  core/lsu/dmmu.dmmu/tlb.tlb/tlbcam/camlines[7]/validbitflop/q[7]_i_2__0/I3
    Routing       SLICE_X13Y231        LUT4 (Prop_B5LUT_SLICEM_I3_O)
                                                                    0.160     4.123 r  core/lsu/dmmu.dmmu/tlb.tlb/tlbcam/camlines[7]/validbitflop/q[7]_i_2__0/O
                                       net (fo=4, routed)           0.222     4.345    core/lsu/dmmu.dmmu/tlb.tlb/tlbcam/camlines[8]/validbitflop/Matches[0]
    Routing       SLICE_X13Y231                                                     r  core/lsu/dmmu.dmmu/tlb.tlb/tlbcam/camlines[8]/validbitflop/q[12]_i_27/I2
    Routing       SLICE_X13Y231        LUT4 (Prop_E6LUT_SLICEM_I2_O)
                                                                    0.057     4.402 r  core/lsu/dmmu.dmmu/tlb.tlb/tlbcam/camlines[8]/validbitflop/q[12]_i_27/O
                                       net (fo=1, routed)           0.253     4.655    core/lsu/dmmu.dmmu/tlb.tlb/tlbcam/camlines[11]/pagetypeflop/q[12]_i_2_2
    Routing       SLICE_X17Y233                                                     r  core/lsu/dmmu.dmmu/tlb.tlb/tlbcam/camlines[11]/pagetypeflop/q[12]_i_5__1/I4
    Routing       SLICE_X17Y233        LUT6 (Prop_H6LUT_SLICEM_I4_O)
                                                                    0.189     4.844 r  core/lsu/dmmu.dmmu/tlb.tlb/tlbcam/camlines[11]/pagetypeflop/q[12]_i_5__1/O
                                       net (fo=1, routed)           0.277     5.121    core/lsu/dmmu.dmmu/tlb.tlb_n_245
    Routing       SLICE_X18Y232                                                     r  core/lsu/dmmu.dmmu/q[12]_i_2/I0
    Placement     SLICE_X18Y232        LUT6 (Prop_H6LUT_SLICEM_I0_O)
                                                                    0.060     5.181 r  core/lsu/dmmu.dmmu/q[12]_i_2/O
                                       net (fo=4, routed)           0.340     5.521    core/lsu/dmmu.dmmu/tlb.tlb/tlbram/tlbramline[16]/pteflop/lopt_20
    Placement     SLICE_X15Y229                                                     r  core/lsu/dmmu.dmmu/tlb.tlb/tlbram/tlbramline[16]/pteflop/STATUS_MPP[1]_i_14_LOPT_REMAP/I1
    Placement     SLICE_X15Y229        LUT4 (Prop_B5LUT_SLICEL_I1_O)
                                                                    0.196     5.717 r  core/lsu/dmmu.dmmu/tlb.tlb/tlbram/tlbramline[16]/pteflop/STATUS_MPP[1]_i_14_LOPT_REMAP/O
                                       net (fo=1, routed)           0.195     5.912    core/lsu/dmmu.dmmu/tlb.tlb/tlbram/tlbramline[16]/pteflop/xlnx_opt_STATUS_MPP[1]_i_21_6
    Placement     SLICE_X15Y227                                                     r  core/lsu/dmmu.dmmu/tlb.tlb/tlbram/tlbramline[16]/pteflop/STATUS_MPP[1]_i_14_LOPT_REMAP_1/I4
    Placement     SLICE_X15Y227        LUT5 (Prop_E6LUT_SLICEL_I4_O)
                                                                    0.138     6.050 r  core/lsu/dmmu.dmmu/tlb.tlb/tlbram/tlbramline[16]/pteflop/STATUS_MPP[1]_i_14_LOPT_REMAP_1/O
                                       net (fo=1, routed)           0.355     6.405    core/lsu/dmmu.dmmu/tlb.tlb/tlbram/tlbramline[16]/pteflop/xlnx_opt_STATUS_MPP[1]_i_21_5
    Placement     SLICE_X16Y227                                                     r  core/lsu/dmmu.dmmu/tlb.tlb/tlbram/tlbramline[16]/pteflop/STATUS_MPP[1]_i_14_LOPT_REMAP_7/I3
    Placement     SLICE_X16Y227        LUT6 (Prop_G6LUT_SLICEL_I3_O)
                                                                    0.226     6.631 f  core/lsu/dmmu.dmmu/tlb.tlb/tlbram/tlbramline[16]/pteflop/STATUS_MPP[1]_i_14_LOPT_REMAP_7/O
                                       net (fo=2, routed)           0.630     7.261    core/lsu/hptw.hptw/WalkerStateReg/STATUS_MPP[1]_i_7_0
    Placement     SLICE_X19Y225                                                     f  core/lsu/hptw.hptw/WalkerStateReg/STATUS_MPP[1]_i_7_LOPT_REMAP_2/I0
    Routing       SLICE_X19Y225        LUT6 (Prop_G6LUT_SLICEL_I0_O)
                                                                    0.186     7.447 r  core/lsu/hptw.hptw/WalkerStateReg/STATUS_MPP[1]_i_7_LOPT_REMAP_2/O
                                       net (fo=1, routed)           0.105     7.552    core/lsu/hptw.hptw/WalkerStateReg/xlnx_opt_q_reg[4]
    Routing       SLICE_X19Y225                                                     r  core/lsu/hptw.hptw/WalkerStateReg/STATUS_MPP[1]_i_7_LOPT_REMAP_3/I3
    Routing       SLICE_X19Y225        LUT4 (Prop_E6LUT_SLICEL_I3_O)
                                                                    0.057     7.609 f  core/lsu/hptw.hptw/WalkerStateReg/STATUS_MPP[1]_i_7_LOPT_REMAP_3/O
                                       net (fo=2, routed)           0.165     7.774    core/lsu/hptw.hptw/WalkerStateReg/q_reg[4]
    Routing       SLICE_X19Y221                                                     f  core/lsu/hptw.hptw/WalkerStateReg/STATUS_MPP[1]_i_3/I2
    Placement     SLICE_X19Y221        LUT3 (Prop_B5LUT_SLICEL_I2_O)
                                                                    0.097     7.871 f  core/lsu/hptw.hptw/WalkerStateReg/STATUS_MPP[1]_i_3/O
                                       net (fo=78, routed)          0.238     8.110    core/lsu/hptw.hptw/WalkerStateReg/FSM_sequential_CurrState_reg[1]_1
    Placement     SLICE_X19Y221                                                     f  core/lsu/hptw.hptw/WalkerStateReg/q[63]_i_1__0/I3
    Placement     SLICE_X19Y221        LUT5 (Prop_F6LUT_SLICEL_I3_O)
                                                                    0.150     8.260 r  core/lsu/hptw.hptw/WalkerStateReg/q[63]_i_1__0/O
                                       net (fo=214, routed)         0.239     8.498    core/lsu/hptw.hptw/WalkerStateReg/FSM_sequential_CurrState_reg[1]
    Placement     SLICE_X19Y225                                                     r  core/lsu/hptw.hptw/WalkerStateReg/FSM_onehot_CurrState[0]_i_4/I0
    Routing       SLICE_X19Y225        LUT6 (Prop_C6LUT_SLICEL_I0_O)
                                                                    0.056     8.554 f  core/lsu/hptw.hptw/WalkerStateReg/FSM_onehot_CurrState[0]_i_4/O
                                       net (fo=2, routed)           0.169     8.723    core/ebu.ebu/ebufsmarb/ifureqreg/FSM_onehot_CurrState[3]_i_2
    Routing       SLICE_X21Y225                                                     f  core/ebu.ebu/ebufsmarb/ifureqreg/FSM_onehot_CurrState[3]_i_4/I0
    Routing       SLICE_X21Y225        LUT5 (Prop_B6LUT_SLICEM_I0_O)
                                                                    0.152     8.875 f  core/ebu.ebu/ebufsmarb/ifureqreg/FSM_onehot_CurrState[3]_i_4/O
                                       net (fo=2, routed)           0.059     8.934    core/ebu.ebu/ebufsmarb/ifureqreg/FSM_onehot_CurrState_reg[4]
    Routing       SLICE_X21Y225                                                     f  core/ebu.ebu/ebufsmarb/ifureqreg/q[2]_i_4__2/I2
    Routing       SLICE_X21Y225        LUT5 (Prop_G6LUT_SLICEM_I2_O)
                                                                    0.152     9.086 r  core/ebu.ebu/ebufsmarb/ifureqreg/q[2]_i_4__2/O
                                       net (fo=2, routed)           0.103     9.189    core/lsu/bus.dcache.ahbcacheinterface/AHBBuscachefsm/BeatCountDelayedReg/q_reg[2]_0
    Routing       SLICE_X21Y225                                                     r  core/lsu/bus.dcache.ahbcacheinterface/AHBBuscachefsm/BeatCountDelayedReg/q[2]_i_7__0/I2
    Routing       SLICE_X21Y225        LUT3 (Prop_C5LUT_SLICEM_I2_O)
                                                                    0.093     9.282 r  core/lsu/bus.dcache.ahbcacheinterface/AHBBuscachefsm/BeatCountDelayedReg/q[2]_i_7__0/O
                                       net (fo=1, routed)           0.242     9.524    core/lsu/bus.dcache.ahbcacheinterface/AHBBuscachefsm/BeatCountDelayedReg/q[2]_i_7__0_n_0
    Routing       SLICE_X21Y225                                                     r  core/lsu/bus.dcache.ahbcacheinterface/AHBBuscachefsm/BeatCountDelayedReg/q[2]_i_2__6/I2
    Routing       SLICE_X21Y225        LUT6 (Prop_H6LUT_SLICEM_I2_O)
                                                                    0.060     9.584 r  core/lsu/bus.dcache.ahbcacheinterface/AHBBuscachefsm/BeatCountDelayedReg/q[2]_i_2__6/O
                                       net (fo=4, routed)           0.165     9.749    core/lsu/bus.dcache.ahbcacheinterface/AHBBuscachefsm/BeatCountReg/E[0]
    Routing       SLICE_X20Y225                                                     r  core/lsu/bus.dcache.ahbcacheinterface/AHBBuscachefsm/BeatCountReg/q_reg[0]_CE_cooolgate_en_gate_465_LOPT_REMAP/I5
    Routing       SLICE_X20Y225        LUT6 (Prop_H6LUT_SLICEM_I5_O)
                                                                    0.084     9.833 r  core/lsu/bus.dcache.ahbcacheinterface/AHBBuscachefsm/BeatCountReg/q_reg[0]_CE_cooolgate_en_gate_465_LOPT_REMAP/O
                                       net (fo=3, routed)           0.382    10.216    core/lsu/bus.dcache.ahbcacheinterface/AHBBuscachefsm/BeatCountReg/q_reg[0]_CE_cooolgate_en_sig_196
    Routing       SLICE_X22Y225        FDRE                                         r  core/lsu/bus.dcache.ahbcacheinterface/AHBBuscachefsm/BeatCountReg/q_reg[2]/CE
  ---------------------------------------------------------------------------------    -------------------





Min Delay Paths
--------------------------------------------------------------------------------------
Slack:                    inf
  Source:                 core/ifu/PCDReg/q_reg[19]/C
                            (rising edge-triggered cell FDRE)
  Destination:            core/ifu/PCEReg/q_reg[19]/D
  Path Group:             (none)
  Path Type:              Min at Fast Process Corner
  Data Path Delay:        0.136ns  (logic 0.084ns (61.930%)  route 0.052ns (38.070%))
  Logic Levels:           1  (FDRE=1)

    Pin Reuse     Location             Delay type                Incr(ns)  Path(ns)    Netlist Resource(s)
  ---------------------------------------------------------------------------------    -------------------
    Placement     SLICE_X11Y219        FDRE                         0.000     0.000 r  core/ifu/PCDReg/q_reg[19]/C
    Routing       SLICE_X11Y219        FDRE (Prop_AFF_SLICEL_C_Q)
                                                                    0.084     0.084 r  core/ifu/PCDReg/q_reg[19]/Q
                                       net (fo=2, routed)           0.052     0.136    core/ifu/PCEReg/q_reg[63]_2[18]
    Routing       SLICE_X11Y219        FDRE                                         r  core/ifu/PCEReg/q_reg[19]/D
  ---------------------------------------------------------------------------------    -------------------

Slack:                    inf
  Source:                 core/ifu/pcreg/q_reg[32]/C
                            (rising edge-triggered cell FDRE)
  Destination:            core/ifu/PCDReg/q_reg[32]/D
  Path Group:             (none)
  Path Type:              Min at Fast Process Corner
  Data Path Delay:        0.142ns  (logic 0.084ns (59.119%)  route 0.058ns (40.881%))
  Logic Levels:           1  (FDRE=1)

    Pin Reuse     Location             Delay type                Incr(ns)  Path(ns)    Netlist Resource(s)
  ---------------------------------------------------------------------------------    -------------------
    Placement     SLICE_X15Y220        FDRE                         0.000     0.000 r  core/ifu/pcreg/q_reg[32]/C
    Placement     SLICE_X15Y220        FDRE (Prop_CFF_SLICEL_C_Q)
                                                                    0.084     0.084 r  core/ifu/pcreg/q_reg[32]/Q
                                       net (fo=4, routed)           0.058     0.142    core/ifu/PCDReg/q_reg[63]_0[31]
    Placement     SLICE_X16Y220        FDRE                                         r  core/ifu/PCDReg/q_reg[32]/D
  ---------------------------------------------------------------------------------    -------------------

Slack:                    inf
  Source:                 core/ifu/bus.icache.ahbcacheinterface/AHBBuscachefsm/BeatCountReg/q_reg[1]/C
                            (rising edge-triggered cell FDRE)
  Destination:            core/ifu/bus.icache.ahbcacheinterface/AHBBuscachefsm/BeatCountReg/q_reg[2]/D
  Path Group:             (none)
  Path Type:              Min at Fast Process Corner
  Data Path Delay:        0.147ns  (logic 0.107ns (72.974%)  route 0.040ns (27.026%))
  Logic Levels:           2  (FDRE=1 LUT3=1)

    Pin Reuse     Location             Delay type                Incr(ns)  Path(ns)    Netlist Resource(s)
  ---------------------------------------------------------------------------------    -------------------
    Placement     SLICE_X21Y222        FDRE                         0.000     0.000 r  core/ifu/bus.icache.ahbcacheinterface/AHBBuscachefsm/BeatCountReg/q_reg[1]/C
    Routing       SLICE_X21Y222        FDRE (Prop_HFF_SLICEM_C_Q)
                                                                    0.083     0.083 r  core/ifu/bus.icache.ahbcacheinterface/AHBBuscachefsm/BeatCountReg/q_reg[1]/Q
                                       net (fo=6, routed)           0.033     0.116    core/ifu/bus.icache.ahbcacheinterface/AHBBuscachefsm/BeatCountReg/q_reg[2]_0[1]
    Routing       SLICE_X21Y222                                                     r  core/ifu/bus.icache.ahbcacheinterface/AHBBuscachefsm/BeatCountReg/q[2]_i_3__0/I0
    Routing       SLICE_X21Y222        LUT3 (Prop_H5LUT_SLICEM_I0_O)
                                                                    0.024     0.140 r  core/ifu/bus.icache.ahbcacheinterface/AHBBuscachefsm/BeatCountReg/q[2]_i_3__0/O
                                       net (fo=1, routed)           0.007     0.147    core/ifu/bus.icache.ahbcacheinterface/AHBBuscachefsm/BeatCountReg/NextBeatCount[2]
    Routing       SLICE_X21Y222        FDRE                                         r  core/ifu/bus.icache.ahbcacheinterface/AHBBuscachefsm/BeatCountReg/q_reg[2]/D
  ---------------------------------------------------------------------------------    -------------------

Slack:                    inf
  Source:                 core/ifu/PCDReg/q_reg[57]/C
                            (rising edge-triggered cell FDRE)
  Destination:            core/ifu/PCEReg/q_reg[57]/D
  Path Group:             (none)
  Path Type:              Min at Fast Process Corner
  Data Path Delay:        0.149ns  (logic 0.085ns (57.187%)  route 0.064ns (42.813%))
  Logic Levels:           1  (FDRE=1)

    Pin Reuse     Location             Delay type                Incr(ns)  Path(ns)    Netlist Resource(s)
  ---------------------------------------------------------------------------------    -------------------
    Placement     SLICE_X14Y224        FDRE                         0.000     0.000 r  core/ifu/PCDReg/q_reg[57]/C
    Routing       SLICE_X14Y224        FDRE (Prop_EFF2_SLICEL_C_Q)
                                                                    0.085     0.085 r  core/ifu/PCDReg/q_reg[57]/Q
                                       net (fo=2, routed)           0.064     0.149    core/ifu/PCEReg/q_reg[63]_2[56]
    Routing       SLICE_X13Y224        FDRE                                         r  core/ifu/PCEReg/q_reg[57]/D
  ---------------------------------------------------------------------------------    -------------------

Slack:                    inf
  Source:                 core/lsu/dmmu.dmmu/tlb.tlb/tlbcam/camlines[3]/validbitflop/q_reg[0]/C
                            (rising edge-triggered cell FDRE)
  Destination:            core/lsu/dmmu.dmmu/tlb.tlb/tlbcam/camlines[3]/validbitflop/q_reg[0]/D
  Path Group:             (none)
  Path Type:              Min at Fast Process Corner
  Data Path Delay:        0.150ns  (logic 0.105ns (70.008%)  route 0.045ns (29.992%))
  Logic Levels:           2  (FDRE=1 LUT6=1)

    Pin Reuse     Location             Delay type                Incr(ns)  Path(ns)    Netlist Resource(s)
  ---------------------------------------------------------------------------------    -------------------
    Placement     SLICE_X14Y235        FDRE                         0.000     0.000 r  core/lsu/dmmu.dmmu/tlb.tlb/tlbcam/camlines[3]/validbitflop/q_reg[0]/C
    Routing       SLICE_X14Y235        FDRE (Prop_DFF_SLICEL_C_Q)
                                                                    0.084     0.084 r  core/lsu/dmmu.dmmu/tlb.tlb/tlbcam/camlines[3]/validbitflop/q_reg[0]/Q
                                       net (fo=3, routed)           0.027     0.111    core/lsu/dmmu.dmmu/tlb.tlb/lru/lrustate/Valid_25
    Routing       SLICE_X14Y235                                                     r  core/lsu/dmmu.dmmu/tlb.tlb/lru/lrustate/q[0]_i_1__82/I5
    Routing       SLICE_X14Y235        LUT6 (Prop_D6LUT_SLICEL_I5_O)
                                                                    0.021     0.132 r  core/lsu/dmmu.dmmu/tlb.tlb/lru/lrustate/q[0]_i_1__82/O
                                       net (fo=1, routed)           0.018     0.150    core/lsu/dmmu.dmmu/tlb.tlb/tlbcam/camlines[3]/validbitflop/q_reg[0]_1
    Routing       SLICE_X14Y235        FDRE                                         r  core/lsu/dmmu.dmmu/tlb.tlb/tlbcam/camlines[3]/validbitflop/q_reg[0]/D
  ---------------------------------------------------------------------------------    -------------------

Slack:                    inf
  Source:                 core/lsu/bus.dcache.dcache/flushlogic.FlushWayReg/q_reg[2]/C
                            (rising edge-triggered cell FDRE)
  Destination:            core/lsu/bus.dcache.dcache/flushlogic.FlushWayReg/q_reg[3]/D
  Path Group:             (none)
  Path Type:              Min at Fast Process Corner
  Data Path Delay:        0.151ns  (logic 0.121ns (80.132%)  route 0.030ns (19.868%))
  Logic Levels:           2  (FDRE=1 LUT2=1)

    Pin Reuse     Location             Delay type                Incr(ns)  Path(ns)    Netlist Resource(s)
  ---------------------------------------------------------------------------------    -------------------
    Placement     SLICE_X22Y218        FDRE                         0.000     0.000 r  core/lsu/bus.dcache.dcache/flushlogic.FlushWayReg/q_reg[2]/C
    Routing       SLICE_X22Y218        FDRE (Prop_DFF_SLICEL_C_Q)
                                                                    0.084     0.084 r  core/lsu/bus.dcache.dcache/flushlogic.FlushWayReg/q_reg[2]/Q
                                       net (fo=1, routed)           0.023     0.107    core/lsu/bus.dcache.dcache/cachefsm/q_reg[3][2]
    Routing       SLICE_X22Y218                                                     r  core/lsu/bus.dcache.dcache/cachefsm/q[3]_i_2__8/I1
    Routing       SLICE_X22Y218        LUT2 (Prop_D5LUT_SLICEL_I1_O)
                                                                    0.037     0.144 r  core/lsu/bus.dcache.dcache/cachefsm/q[3]_i_2__8/O
                                       net (fo=1, routed)           0.007     0.151    core/lsu/bus.dcache.dcache/flushlogic.FlushWayReg/D[2]
    Routing       SLICE_X22Y218        FDRE                                         r  core/lsu/bus.dcache.dcache/flushlogic.FlushWayReg/q_reg[3]/D
  ---------------------------------------------------------------------------------    -------------------

Slack:                    inf
  Source:                 core/priv.priv/ppr/faultregE/q_reg[1]/C
                            (rising edge-triggered cell FDRE)
  Destination:            core/priv.priv/ppr/faultregM/q_reg[1]/D
  Path Group:             (none)
  Path Type:              Min at Fast Process Corner
  Data Path Delay:        0.151ns  (logic 0.084ns (55.629%)  route 0.067ns (44.371%))
  Logic Levels:           1  (FDRE=1)

    Pin Reuse     Location             Delay type                Incr(ns)  Path(ns)    Netlist Resource(s)
  ---------------------------------------------------------------------------------    -------------------
    Placement     SLICE_X19Y223        FDRE                         0.000     0.000 r  core/priv.priv/ppr/faultregE/q_reg[1]/C
    Routing       SLICE_X19Y223        FDRE (Prop_EFF_SLICEL_C_Q)
                                                                    0.084     0.084 r  core/priv.priv/ppr/faultregE/q_reg[1]/Q
                                       net (fo=1, routed)           0.067     0.151    core/priv.priv/ppr/faultregM/D[1]
    Routing       SLICE_X19Y223        FDRE                                         r  core/priv.priv/ppr/faultregM/q_reg[1]/D
  ---------------------------------------------------------------------------------    -------------------

Slack:                    inf
  Source:                 core/lsu/dmmu.dmmu/tlb.tlb/tlbcam/camlines[11]/validbitflop/q_reg[0]/C
                            (rising edge-triggered cell FDRE)
  Destination:            core/lsu/dmmu.dmmu/tlb.tlb/tlbcam/camlines[11]/validbitflop/q_reg[0]/D
  Path Group:             (none)
  Path Type:              Min at Fast Process Corner
  Data Path Delay:        0.152ns  (logic 0.105ns (69.245%)  route 0.047ns (30.755%))
  Logic Levels:           2  (FDRE=1 LUT4=1)

    Pin Reuse     Location             Delay type                Incr(ns)  Path(ns)    Netlist Resource(s)
  ---------------------------------------------------------------------------------    -------------------
    Placement     SLICE_X14Y231        FDRE                         0.000     0.000 r  core/lsu/dmmu.dmmu/tlb.tlb/tlbcam/camlines[11]/validbitflop/q_reg[0]/C
    Routing       SLICE_X14Y231        FDRE (Prop_CFF_SLICEL_C_Q)
                                                                    0.084     0.084 r  core/lsu/dmmu.dmmu/tlb.tlb/tlbcam/camlines[11]/validbitflop/q_reg[0]/Q
                                       net (fo=3, routed)           0.028     0.112    core/lsu/dmmu.dmmu/tlb.tlb/lru/lrustate/Valid_22
    Routing       SLICE_X14Y231                                                     r  core/lsu/dmmu.dmmu/tlb.tlb/lru/lrustate/q[0]_i_1__76/I3
    Routing       SLICE_X14Y231        LUT4 (Prop_C6LUT_SLICEL_I3_O)
                                                                    0.021     0.133 r  core/lsu/dmmu.dmmu/tlb.tlb/lru/lrustate/q[0]_i_1__76/O
                                       net (fo=1, routed)           0.019     0.152    core/lsu/dmmu.dmmu/tlb.tlb/tlbcam/camlines[11]/validbitflop/q_reg[0]_1
    Routing       SLICE_X14Y231        FDRE                                         r  core/lsu/dmmu.dmmu/tlb.tlb/tlbcam/camlines[11]/validbitflop/q_reg[0]/D
  ---------------------------------------------------------------------------------    -------------------

Slack:                    inf
  Source:                 core/lsu/dmmu.dmmu/tlb.tlb/tlbcam/camlines[28]/validbitflop/q_reg[0]/C
                            (rising edge-triggered cell FDRE)
  Destination:            core/lsu/dmmu.dmmu/tlb.tlb/tlbcam/camlines[28]/validbitflop/q_reg[0]/D
  Path Group:             (none)
  Path Type:              Min at Fast Process Corner
  Data Path Delay:        0.152ns  (logic 0.105ns (69.245%)  route 0.047ns (30.755%))
  Logic Levels:           2  (FDRE=1 LUT4=1)

    Pin Reuse     Location             Delay type                Incr(ns)  Path(ns)    Netlist Resource(s)
  ---------------------------------------------------------------------------------    -------------------
    Placement     SLICE_X19Y228        FDRE                         0.000     0.000 r  core/lsu/dmmu.dmmu/tlb.tlb/tlbcam/camlines[28]/validbitflop/q_reg[0]/C
    Routing       SLICE_X19Y228        FDRE (Prop_CFF_SLICEL_C_Q)
                                                                    0.084     0.084 r  core/lsu/dmmu.dmmu/tlb.tlb/tlbcam/camlines[28]/validbitflop/q_reg[0]/Q
                                       net (fo=3, routed)           0.028     0.112    core/lsu/dmmu.dmmu/tlb.tlb/lru/lrustate/Valid_7
    Routing       SLICE_X19Y228                                                     r  core/lsu/dmmu.dmmu/tlb.tlb/lru/lrustate/q[0]_i_1__61/I3
    Routing       SLICE_X19Y228        LUT4 (Prop_C6LUT_SLICEL_I3_O)
                                                                    0.021     0.133 r  core/lsu/dmmu.dmmu/tlb.tlb/lru/lrustate/q[0]_i_1__61/O
                                       net (fo=1, routed)           0.019     0.152    core/lsu/dmmu.dmmu/tlb.tlb/tlbcam/camlines[28]/validbitflop/q_reg[0]_2
    Routing       SLICE_X19Y228        FDRE                                         r  core/lsu/dmmu.dmmu/tlb.tlb/tlbcam/camlines[28]/validbitflop/q_reg[0]/D
  ---------------------------------------------------------------------------------    -------------------

Slack:                    inf
  Source:                 core/lsu/dmmu.dmmu/tlb.tlb/tlbcam/camlines[8]/validbitflop/q_reg[0]/C
                            (rising edge-triggered cell FDRE)
  Destination:            core/lsu/dmmu.dmmu/tlb.tlb/tlbcam/camlines[8]/validbitflop/q_reg[0]/D
  Path Group:             (none)
  Path Type:              Min at Fast Process Corner
  Data Path Delay:        0.152ns  (logic 0.105ns (69.245%)  route 0.047ns (30.755%))
  Logic Levels:           2  (FDRE=1 LUT4=1)

    Pin Reuse     Location             Delay type                Incr(ns)  Path(ns)    Netlist Resource(s)
  ---------------------------------------------------------------------------------    -------------------
    Placement     SLICE_X14Y232        FDRE                         0.000     0.000 r  core/lsu/dmmu.dmmu/tlb.tlb/tlbcam/camlines[8]/validbitflop/q_reg[0]/C
    Routing       SLICE_X14Y232        FDRE (Prop_CFF_SLICEL_C_Q)
                                                                    0.084     0.084 r  core/lsu/dmmu.dmmu/tlb.tlb/tlbcam/camlines[8]/validbitflop/q_reg[0]/Q
                                       net (fo=4, routed)           0.028     0.112    core/lsu/dmmu.dmmu/tlb.tlb/lru/lrustate/Valid_11
    Routing       SLICE_X14Y232                                                     r  core/lsu/dmmu.dmmu/tlb.tlb/lru/lrustate/q[0]_i_1__65/I3
    Routing       SLICE_X14Y232        LUT4 (Prop_C6LUT_SLICEL_I3_O)
                                                                    0.021     0.133 r  core/lsu/dmmu.dmmu/tlb.tlb/lru/lrustate/q[0]_i_1__65/O
                                       net (fo=1, routed)           0.019     0.152    core/lsu/dmmu.dmmu/tlb.tlb/tlbcam/camlines[8]/validbitflop/q_reg[0]_3
    Routing       SLICE_X14Y232        FDRE                                         r  core/lsu/dmmu.dmmu/tlb.tlb/tlbcam/camlines[8]/validbitflop/q_reg[0]/D
  ---------------------------------------------------------------------------------    -------------------





